-- phpMyAdmin SQL Dump
-- version 4.5.1
-- http://www.phpmyadmin.net
--
-- Host: 127.0.0.1
-- Generation Time: May 06, 2016 at 03:08 PM
-- Server version: 10.1.8-MariaDB
-- PHP Version: 5.5.30

SET SQL_MODE = "NO_AUTO_VALUE_ON_ZERO";
SET time_zone = "+00:00";


/*!40101 SET @OLD_CHARACTER_SET_CLIENT=@@CHARACTER_SET_CLIENT */;
/*!40101 SET @OLD_CHARACTER_SET_RESULTS=@@CHARACTER_SET_RESULTS */;
/*!40101 SET @OLD_COLLATION_CONNECTION=@@COLLATION_CONNECTION */;
/*!40101 SET NAMES utf8mb4 */;

--
-- Database: `dbhame`
--

-- --------------------------------------------------------

--
-- Table structure for table `address`
--

CREATE TABLE `address` (
  `ad_code` char(8) NOT NULL,
  `ad_num` varchar(10) NOT NULL,
  `ad_villno` int(2) NOT NULL,
  `ad_alley` varchar(20) NOT NULL,
  `ad_street` varchar(20) NOT NULL,
  `dis_code` int(4) NOT NULL DEFAULT '0' COMMENT 'refer to district',
  `am_code` int(3) NOT NULL DEFAULT '0' COMMENT 'refer to amphur',
  `prov_code` int(2) NOT NULL DEFAULT '0' COMMENT 'refer to province',
  `GEO_ID` int(1) NOT NULL DEFAULT '0' COMMENT 'refer to geography',
  `hl_code` char(7) NOT NULL COMMENT 'refer to homeless',
  `traincenter_code` char(7) NOT NULL COMMENT 'refer to trainingcenter',
  `tc_code` char(6) NOT NULL COMMENT 'refer to takecarestation'
) ENGINE=InnoDB DEFAULT CHARSET=utf8;

--
-- Dumping data for table `address`
--

INSERT INTO `address` (`ad_code`, `ad_num`, `ad_villno`, `ad_alley`, `ad_street`, `dis_code`, `am_code`, `prov_code`, `GEO_ID`, `hl_code`, `traincenter_code`, `tc_code`) VALUES
('AD000001', '3', 3, '-', '-', 3840, 429, 29, 3, 'HL00001', '', ''),
('AD000002', '8', 8, '', '', 5098, 565, 37, 3, 'HL00002', '', ''),
('AD000003', '4/5', 7, '', '', 3656, 407, 28, 3, 'HL00003', '', ''),
('AD000004', '', 0, '', '', 0, 0, 0, 0, 'HL00004', '', ''),
('AD000007', '', 0, '', '', 0, 0, 0, 0, 'HL00007', '', ''),
('AD000008', '', 0, '', '', 0, 0, 0, 0, 'HL00008', '', ''),
('AD000009', '', 0, '', '', 0, 0, 0, 0, 'HL00009', '', ''),
('AD000010', '34/3', 7, '', '', 3837, 429, 29, 3, 'HL00010', '', ''),
('AD000011', '5', 5, '', '', 1603, 197, 16, 5, 'HL00011', '', ''),
('AD000012', '', 0, '', '', 0, 393, 0, 0, '', 'TR00001', ''),
('AD000013', '', 0, '', '', 0, 393, 0, 0, '', 'TR00002', ''),
('AD000014', '', 0, '', '', 0, 393, 0, 0, '', 'TR00003', ''),
('AD000015', '', 0, '', '', 0, 393, 0, 0, '', 'TR00004', ''),
('AD000016', '', 0, '', '', 0, 393, 0, 0, '', '', 'TC0001'),
('AD000018', '25/89', 12, '', '', 3731, 419, 28, 3, 'HL00013', '', ''),
('AD000019', '', 0, '', '', 0, 0, 0, 0, 'HL00014', '', ''),
('AD000020', '', 0, '', '', 0, 0, 0, 0, '', '', 'TC0002'),
('AD000021', '', 0, '', '', 0, 0, 0, 0, 'HL00015', '', ''),
('AD000022', '', 0, '', '', 0, 0, 0, 0, 'HL00016', '', ''),
('AD000023', '', 0, '', '', 0, 0, 0, 0, 'HL00017', '', ''),
('AD000024', '', 0, '', '', 0, 0, 0, 0, 'HL00018', '', ''),
('AD000025', '', 0, '', '', 0, 0, 0, 0, 'HL00019', '', ''),
('AD000026', '5', 7, '', '', 3985, 443, 29, 3, 'HL00028', '', ''),
('AD000029', '', 0, '', '', 0, 0, 0, 0, 'HL00036', '', ''),
('AD000030', '', 0, '', '', 0, 0, 0, 0, 'HL00037', '', ''),
('AD000031', '', 0, '', '', 0, 0, 0, 0, 'HL00039', '', ''),
('AD000032', '', 0, '', '', 0, 0, 0, 0, 'HL00039', '', ''),
('AD000033', '', 0, '', '', 0, 0, 0, 0, 'HL00039', '', ''),
('AD000034', '', 0, '', '', 0, 0, 0, 0, 'HL00039', '', ''),
('AD000035', '', 0, '', '', 0, 0, 0, 0, 'HL00039', '', ''),
('AD000036', '42/1', 12, '', '', 3720, 416, 28, 3, 'HL00040', '', ''),
('AD000037', '1', 1, '', '', 1960, 229, 19, 3, '', '', ''),
('AD000038', '1', 1, '', '', 1960, 229, 19, 3, '', '', ''),
('AD000039', '', 0, '', '', 0, 0, 0, 0, 'HL00041', '', ''),
('AD000040', '1', 1, '', '', 4232, 473, 31, 3, 'HL00042', '', ''),
('AD000041', '1', 1, '', '', 3488, 392, 27, 0, 'HL00043', '', ''),
('AD000042', '2', 2, '', '', 3487, 392, 27, 3, 'HL00044', '', ''),
('AD000043', '', 0, '', '', 0, 0, 0, 0, 'HL00044', '', ''),
('AD000044', '', 0, '', '', 0, 0, 0, 0, 'HL00044', '', ''),
('AD000045', '', 0, '', '', 0, 0, 0, 0, 'HL00044', '', ''),
('AD000046', '', 0, '', '', 0, 0, 0, 0, 'HL00044', '', ''),
('AD000047', '', 0, '', '', 0, 0, 0, 0, 'HL00044', '', ''),
('AD000048', '', 0, '', '', 0, 0, 0, 0, 'HL00044', '', '');

-- --------------------------------------------------------

--
-- Table structure for table `age`
--

CREATE TABLE `age` (
  `age_code` char(3) NOT NULL,
  `age_name` varchar(50) NOT NULL
) ENGINE=InnoDB DEFAULT CHARSET=utf8;

--
-- Dumping data for table `age`
--

INSERT INTO `age` (`age_code`, `age_name`) VALUES
('A01', 'ต่ำกว่า 18 ปี'),
('A02', 'อายุ 19-25 ปี'),
('A03', 'อายุ 26-59 ปี'),
('A04', 'อายุ 60 ปีขึ้นไป'),
('A05', 'ไม่ทราบข้อมูล');

-- --------------------------------------------------------

--
-- Table structure for table `amphur`
--

CREATE TABLE `amphur` (
  `am_code` int(3) NOT NULL,
  `AMPHUR_NAME` varchar(150) COLLATE utf8_unicode_ci NOT NULL,
  `GEO_ID` int(1) NOT NULL DEFAULT '0' COMMENT 'refer to geography',
  `prov_code` int(2) NOT NULL DEFAULT '0' COMMENT 'refer to province'
) ENGINE=MyISAM DEFAULT CHARSET=utf8 COLLATE=utf8_unicode_ci;

--
-- Dumping data for table `amphur`
--

INSERT INTO `amphur` (`am_code`, `AMPHUR_NAME`, `GEO_ID`, `prov_code`) VALUES
(1, 'เขตพระนคร   ', 2, 1),
(2, 'เขตดุสิต   ', 2, 1),
(3, 'เขตหนองจอก   ', 2, 1),
(4, 'เขตบางรัก   ', 2, 1),
(5, 'เขตบางเขน   ', 2, 1),
(6, 'เขตบางกะปิ   ', 2, 1),
(7, 'เขตปทุมวัน   ', 2, 1),
(8, 'เขตป้อมปราบศัตรูพ่าย   ', 2, 1),
(9, 'เขตพระโขนง   ', 2, 1),
(10, 'เขตมีนบุรี   ', 2, 1),
(11, 'เขตลาดกระบัง   ', 2, 1),
(12, 'เขตยานนาวา   ', 2, 1),
(13, 'เขตสัมพันธวงศ์   ', 2, 1),
(14, 'เขตพญาไท   ', 2, 1),
(15, 'เขตธนบุรี   ', 2, 1),
(16, 'เขตบางกอกใหญ่   ', 2, 1),
(17, 'เขตห้วยขวาง   ', 2, 1),
(18, 'เขตคลองสาน   ', 2, 1),
(19, 'เขตตลิ่งชัน   ', 2, 1),
(20, 'เขตบางกอกน้อย   ', 2, 1),
(21, 'เขตบางขุนเทียน   ', 2, 1),
(22, 'เขตภาษีเจริญ   ', 2, 1),
(23, 'เขตหนองแขม   ', 2, 1),
(24, 'เขตราษฎร์บูรณะ   ', 2, 1),
(25, 'เขตบางพลัด   ', 2, 1),
(26, 'เขตดินแดง   ', 2, 1),
(27, 'เขตบึงกุ่ม   ', 2, 1),
(28, 'เขตสาทร   ', 2, 1),
(29, 'เขตบางซื่อ   ', 2, 1),
(30, 'เขตจตุจักร   ', 2, 1),
(31, 'เขตบางคอแหลม   ', 2, 1),
(32, 'เขตประเวศ   ', 2, 1),
(33, 'เขตคลองเตย   ', 2, 1),
(34, 'เขตสวนหลวง   ', 2, 1),
(35, 'เขตจอมทอง   ', 2, 1),
(36, 'เขตดอนเมือง   ', 2, 1),
(37, 'เขตราชเทวี   ', 2, 1),
(38, 'เขตลาดพร้าว   ', 2, 1),
(39, 'เขตวัฒนา   ', 2, 1),
(40, 'เขตบางแค   ', 2, 1),
(41, 'เขตหลักสี่   ', 2, 1),
(42, 'เขตสายไหม   ', 2, 1),
(43, 'เขตคันนายาว   ', 2, 1),
(44, 'เขตสะพานสูง   ', 2, 1),
(45, 'เขตวังทองหลาง   ', 2, 1),
(46, 'เขตคลองสามวา   ', 2, 1),
(47, 'เขตบางนา   ', 2, 1),
(48, 'เขตทวีวัฒนา   ', 2, 1),
(49, 'เขตทุ่งครุ   ', 2, 1),
(50, 'เขตบางบอน   ', 2, 1),
(52, 'เมืองสมุทรปราการ   ', 2, 2),
(53, 'บางบ่อ   ', 2, 2),
(54, 'บางพลี   ', 2, 2),
(55, 'พระประแดง   ', 2, 2),
(56, 'พระสมุทรเจดีย์   ', 2, 2),
(57, 'บางเสาธง   ', 2, 2),
(58, 'เมืองนนทบุรี   ', 2, 3),
(59, 'บางกรวย   ', 2, 3),
(60, 'บางใหญ่   ', 2, 3),
(61, 'บางบัวทอง   ', 2, 3),
(62, 'ไทรน้อย   ', 2, 3),
(63, 'ปากเกร็ด   ', 2, 3),
(66, 'เมืองปทุมธานี   ', 2, 4),
(67, 'คลองหลวง   ', 2, 4),
(68, 'ธัญบุรี   ', 2, 4),
(69, 'หนองเสือ   ', 2, 4),
(70, 'ลาดหลุมแก้ว   ', 2, 4),
(71, 'ลำลูกกา   ', 2, 4),
(72, 'สามโคก   ', 2, 4),
(74, 'พระนครศรีอยุธยา   ', 2, 5),
(75, 'ท่าเรือ   ', 2, 5),
(76, 'นครหลวง   ', 2, 5),
(77, 'บางไทร   ', 2, 5),
(78, 'บางบาล   ', 2, 5),
(79, 'บางปะอิน   ', 2, 5),
(80, 'บางปะหัน   ', 2, 5),
(81, 'ผักไห่   ', 2, 5),
(82, 'ภาชี   ', 2, 5),
(83, 'ลาดบัวหลวง   ', 2, 5),
(84, 'วังน้อย   ', 2, 5),
(85, 'เสนา   ', 2, 5),
(86, 'บางซ้าย   ', 2, 5),
(87, 'อุทัย   ', 2, 5),
(88, 'มหาราช   ', 2, 5),
(89, 'บ้านแพรก   ', 2, 5),
(90, 'เมืองอ่างทอง   ', 2, 6),
(91, 'ไชโย   ', 2, 6),
(92, 'ป่าโมก   ', 2, 6),
(93, 'โพธิ์ทอง   ', 2, 6),
(94, 'แสวงหา   ', 2, 6),
(95, 'วิเศษชัยชาญ   ', 2, 6),
(96, 'สามโก้   ', 2, 6),
(97, 'เมืองลพบุรี   ', 2, 7),
(98, 'พัฒนานิคม   ', 2, 7),
(99, 'โคกสำโรง   ', 2, 7),
(100, 'ชัยบาดาล   ', 2, 7),
(101, 'ท่าวุ้ง   ', 2, 7),
(102, 'บ้านหมี่   ', 2, 7),
(103, 'ท่าหลวง   ', 2, 7),
(104, 'สระโบสถ์   ', 2, 7),
(105, 'โคกเจริญ   ', 2, 7),
(106, 'ลำสนธิ   ', 2, 7),
(107, 'หนองม่วง   ', 2, 7),
(109, 'เมืองสิงห์บุรี   ', 2, 8),
(110, 'บางระจัน   ', 2, 8),
(111, 'ค่ายบางระจัน   ', 2, 8),
(112, 'พรหมบุรี   ', 2, 8),
(113, 'ท่าช้าง   ', 2, 8),
(114, 'อินทร์บุรี   ', 2, 8),
(115, 'เมืองชัยนาท   ', 2, 9),
(116, 'มโนรมย์   ', 2, 9),
(117, 'วัดสิงห์   ', 2, 9),
(118, 'สรรพยา   ', 2, 9),
(119, 'สรรคบุรี   ', 2, 9),
(120, 'หันคา   ', 2, 9),
(121, 'หนองมะโมง   ', 2, 9),
(122, 'เนินขาม   ', 2, 9),
(123, 'เมืองสระบุรี   ', 2, 10),
(124, 'แก่งคอย   ', 2, 10),
(125, 'หนองแค   ', 2, 10),
(126, 'วิหารแดง   ', 2, 10),
(127, 'หนองแซง   ', 2, 10),
(128, 'บ้านหมอ   ', 2, 10),
(129, 'ดอนพุด   ', 2, 10),
(130, 'หนองโดน   ', 2, 10),
(131, 'พระพุทธบาท   ', 2, 10),
(132, 'เสาไห้   ', 2, 10),
(133, 'มวกเหล็ก   ', 2, 10),
(134, 'วังม่วง   ', 2, 10),
(135, 'เฉลิมพระเกียรติ(10-กทม.)', 2, 10),
(136, 'เมืองชลบุรี   ', 5, 11),
(137, 'บ้านบึง   ', 5, 11),
(138, 'หนองใหญ่   ', 5, 11),
(139, 'บางละมุง   ', 5, 11),
(140, 'พานทอง   ', 5, 11),
(141, 'พนัสนิคม   ', 5, 11),
(142, 'ศรีราชา   ', 5, 11),
(143, 'เกาะสีชัง   ', 5, 11),
(144, 'สัตหีบ   ', 5, 11),
(145, 'บ่อทอง   ', 5, 11),
(146, 'เกาะจันทร์   ', 5, 11),
(147, 'สัตหีบ (สาขาตำบลบางเสร่)*   ', 5, 11),
(148, 'ท้องถิ่นเทศบาลเมืองหนองปรือ*   ', 5, 11),
(149, 'เทศบาลตำบลแหลมฉบัง*   ', 5, 11),
(150, 'เทศบาลเมืองชลบุรี*   ', 5, 11),
(151, 'เมืองระยอง   ', 5, 12),
(152, 'บ้านฉาง   ', 5, 12),
(153, 'แกลง   ', 5, 12),
(154, 'วังจันทร์   ', 5, 12),
(155, 'บ้านค่าย   ', 5, 12),
(156, 'ปลวกแดง   ', 5, 12),
(157, 'เขาชะเมา   ', 5, 12),
(158, 'นิคมพัฒนา   ', 5, 12),
(159, 'สาขาตำบลมาบข่า*   ', 5, 12),
(160, 'เมืองจันทบุรี   ', 5, 13),
(161, 'ขลุง   ', 5, 13),
(162, 'ท่าใหม่   ', 5, 13),
(163, 'โป่งน้ำร้อน   ', 5, 13),
(164, 'มะขาม   ', 5, 13),
(165, 'แหลมสิงห์   ', 5, 13),
(166, 'สอยดาว   ', 5, 13),
(167, 'แก่งหางแมว   ', 5, 13),
(168, 'นายายอาม   ', 5, 13),
(169, 'เขาคิชฌกูฏ   ', 5, 13),
(170, '*กิ่ง อ.กำพุธ  จ.จันทบุรี   ', 5, 13),
(171, 'เมืองตราด   ', 5, 14),
(172, 'คลองใหญ่   ', 5, 14),
(173, 'เขาสมิง   ', 5, 14),
(174, 'บ่อไร่   ', 5, 14),
(175, 'แหลมงอบ   ', 5, 14),
(176, 'เกาะกูด   ', 5, 14),
(177, 'เกาะช้าง   ', 5, 14),
(178, 'เมืองฉะเชิงเทรา   ', 5, 15),
(179, 'บางคล้า   ', 5, 15),
(180, 'บางน้ำเปรี้ยว   ', 5, 15),
(181, 'บางปะกง   ', 5, 15),
(182, 'บ้านโพธิ์   ', 5, 15),
(183, 'พนมสารคาม   ', 5, 15),
(184, 'ราชสาส์น   ', 5, 15),
(185, 'สนามชัยเขต   ', 5, 15),
(186, 'แปลงยาว   ', 5, 15),
(187, 'ท่าตะเกียบ   ', 5, 15),
(188, 'คลองเขื่อน   ', 5, 15),
(189, 'เมืองปราจีนบุรี   ', 5, 16),
(190, 'กบินทร์บุรี   ', 5, 16),
(191, 'นาดี   ', 5, 16),
(192, '*สระแก้ว   ', 5, 16),
(193, '*วังน้ำเย็น   ', 5, 16),
(194, 'บ้านสร้าง   ', 5, 16),
(195, 'ประจันตคาม   ', 5, 16),
(196, 'ศรีมหาโพธิ   ', 5, 16),
(197, 'ศรีมโหสถ   ', 5, 16),
(198, '*อรัญประเทศ   ', 5, 16),
(199, '*ตาพระยา   ', 5, 16),
(200, '*วัฒนานคร   ', 5, 16),
(201, '*คลองหาด   ', 5, 16),
(202, 'เมืองนครนายก   ', 2, 17),
(203, 'ปากพลี   ', 2, 17),
(204, 'บ้านนา   ', 2, 17),
(205, 'องครักษ์   ', 2, 17),
(206, 'เมืองสระแก้ว   ', 5, 18),
(207, 'คลองหาด   ', 5, 18),
(208, 'ตาพระยา   ', 5, 18),
(209, 'วังน้ำเย็น   ', 5, 18),
(210, 'วัฒนานคร   ', 5, 18),
(211, 'อรัญประเทศ   ', 5, 18),
(212, 'เขาฉกรรจ์   ', 5, 18),
(213, 'โคกสูง   ', 5, 18),
(214, 'วังสมบูรณ์   ', 5, 18),
(215, 'เมืองนครราชสีมา   ', 3, 19),
(216, 'ครบุรี   ', 3, 19),
(217, 'เสิงสาง   ', 3, 19),
(218, 'คง   ', 3, 19),
(219, 'บ้านเหลื่อม   ', 3, 19),
(220, 'จักราช   ', 3, 19),
(221, 'โชคชัย   ', 3, 19),
(222, 'ด่านขุนทด   ', 3, 19),
(223, 'โนนไทย   ', 3, 19),
(224, 'โนนสูง   ', 3, 19),
(225, 'ขามสะแกแสง   ', 3, 19),
(226, 'บัวใหญ่   ', 3, 19),
(227, 'ประทาย   ', 3, 19),
(228, 'ปักธงชัย   ', 3, 19),
(229, 'พิมาย   ', 3, 19),
(230, 'ห้วยแถลง   ', 3, 19),
(231, 'ชุมพวง   ', 3, 19),
(232, 'สูงเนิน   ', 3, 19),
(233, 'ขามทะเลสอ   ', 3, 19),
(234, 'สีคิ้ว   ', 3, 19),
(235, 'ปากช่อง   ', 3, 19),
(236, 'หนองบุญมาก   ', 3, 19),
(237, 'แก้งสนามนาง   ', 3, 19),
(238, 'โนนแดง   ', 3, 19),
(239, 'วังน้ำเขียว   ', 3, 19),
(240, 'เทพารักษ์   ', 3, 19),
(241, 'เมืองยาง   ', 3, 19),
(242, 'พระทองคำ   ', 3, 19),
(243, 'ลำทะเมนชัย   ', 3, 19),
(244, 'บัวลาย   ', 3, 19),
(245, 'สีดา   ', 3, 19),
(246, 'เฉลิมพระเกียรติ(สระบุรี)', 3, 19),
(247, 'ท้องถิ่นเทศบาลตำบลโพธิ์กลาง*   ', 3, 19),
(248, 'สาขาตำบลมะค่า-พลสงคราม*   ', 3, 19),
(249, '*โนนลาว   ', 3, 19),
(250, 'เมืองบุรีรัมย์   ', 3, 20),
(251, 'คูเมือง   ', 3, 20),
(252, 'กระสัง', 3, 20),
(253, 'นางรอง   ', 3, 20),
(254, 'หนองกี่   ', 3, 20),
(255, 'ละหานทราย   ', 3, 20),
(256, 'ประโคนชัย   ', 3, 20),
(257, 'บ้านกรวด   ', 3, 20),
(258, 'พุทไธสง   ', 3, 20),
(259, 'ลำปลายมาศ   ', 3, 20),
(260, 'สตึก   ', 3, 20),
(261, 'ปะคำ   ', 3, 20),
(262, 'นาโพธิ์   ', 3, 20),
(263, 'หนองหงส์   ', 3, 20),
(264, 'พลับพลาชัย   ', 3, 20),
(265, 'ห้วยราช   ', 3, 20),
(266, 'โนนสุวรรณ   ', 3, 20),
(267, 'ชำนิ   ', 3, 20),
(268, 'บ้านใหม่ไชยพจน์   ', 3, 20),
(269, 'โนนดินแดง   ', 3, 20),
(270, 'บ้านด่าน   ', 3, 20),
(271, 'แคนดง   ', 3, 20),
(272, 'เฉลิมพระเกียรติ(20-ชลบุรี)', 3, 20),
(273, 'เมืองสุรินทร์   ', 3, 21),
(274, 'ชุมพลบุรี   ', 3, 21),
(275, 'ท่าตูม   ', 3, 21),
(276, 'จอมพระ   ', 3, 21),
(277, 'ปราสาท   ', 3, 21),
(278, 'กาบเชิง   ', 3, 21),
(279, 'รัตนบุรี   ', 3, 21),
(280, 'สนม   ', 3, 21),
(281, 'ศีขรภูมิ   ', 3, 21),
(282, 'สังขะ   ', 3, 21),
(283, 'ลำดวน   ', 3, 21),
(284, 'สำโรงทาบ   ', 3, 21),
(285, 'บัวเชด   ', 3, 21),
(286, 'พนมดงรัก   ', 3, 21),
(287, 'ศรีณรงค์   ', 3, 21),
(288, 'เขวาสินรินทร์   ', 3, 21),
(289, 'โนนนารายณ์   ', 3, 21),
(290, 'เมืองศรีสะเกษ   ', 3, 22),
(291, 'ยางชุมน้อย   ', 3, 22),
(292, 'กันทรารมย์   ', 3, 22),
(293, 'กันทรลักษ์   ', 3, 22),
(294, 'ขุขันธ์   ', 3, 22),
(295, 'ไพรบึง   ', 3, 22),
(296, 'ปรางค์กู่   ', 3, 22),
(297, 'ขุนหาญ   ', 3, 22),
(298, 'ราษีไศล   ', 3, 22),
(299, 'อุทุมพรพิสัย   ', 3, 22),
(300, 'บึงบูรพ์   ', 3, 22),
(301, 'ห้วยทับทัน   ', 3, 22),
(302, 'โนนคูณ   ', 3, 22),
(303, 'ศรีรัตนะ   ', 3, 22),
(304, 'น้ำเกลี้ยง   ', 3, 22),
(305, 'วังหิน   ', 3, 22),
(306, 'ภูสิงห์   ', 3, 22),
(307, 'เมืองจันทร์   ', 3, 22),
(308, 'เบญจลักษ์   ', 3, 22),
(309, 'พยุห์   ', 3, 22),
(310, 'โพธิ์ศรีสุวรรณ   ', 3, 22),
(311, 'ศิลาลาด   ', 3, 22),
(312, 'เมืองอุบลราชธานี   ', 3, 23),
(313, 'ศรีเมืองใหม่   ', 3, 23),
(314, 'โขงเจียม   ', 3, 23),
(315, 'เขื่องใน   ', 3, 23),
(316, 'เขมราฐ   ', 3, 23),
(317, '*ชานุมาน   ', 3, 23),
(318, 'เดชอุดม   ', 3, 23),
(319, 'นาจะหลวย   ', 3, 23),
(320, 'น้ำยืน   ', 3, 23),
(321, 'บุณฑริก   ', 3, 23),
(322, 'ตระการพืชผล   ', 3, 23),
(323, 'กุดข้าวปุ้น   ', 3, 23),
(324, '*พนา   ', 3, 23),
(325, 'ม่วงสามสิบ   ', 3, 23),
(326, 'วารินชำราบ   ', 3, 23),
(327, '*อำนาจเจริญ   ', 3, 23),
(328, '*เสนางคนิคม   ', 3, 23),
(329, '*หัวตะพาน   ', 3, 23),
(330, 'พิบูลมังสาหาร   ', 3, 23),
(331, 'ตาลสุม   ', 3, 23),
(332, 'โพธิ์ไทร   ', 3, 23),
(333, 'สำโรง   ', 3, 23),
(334, '*กิ่งอำเภอลืออำนาจ   ', 3, 23),
(335, 'ดอนมดแดง   ', 3, 23),
(336, 'สิรินธร   ', 3, 23),
(337, 'ทุ่งศรีอุดม   ', 3, 23),
(338, '*ปทุมราชวงศา   ', 3, 23),
(339, '*กิ่งอำเภอศรีหลักชัย   ', 3, 23),
(340, 'นาเยีย   ', 3, 23),
(341, 'นาตาล   ', 3, 23),
(342, 'เหล่าเสือโก้ก   ', 3, 23),
(343, 'สว่างวีระวงศ์   ', 3, 23),
(344, 'น้ำขุ่น   ', 3, 23),
(345, '*อ.สุวรรณวารี  จ.อุบลราชธานี   ', 3, 23),
(346, 'เมืองยโสธร   ', 3, 24),
(347, 'ทรายมูล   ', 3, 24),
(348, 'กุดชุม   ', 3, 24),
(349, 'คำเขื่อนแก้ว   ', 3, 24),
(350, 'ป่าติ้ว   ', 3, 24),
(351, 'มหาชนะชัย   ', 3, 24),
(352, 'ค้อวัง   ', 3, 24),
(353, 'เลิงนกทา   ', 3, 24),
(354, 'ไทยเจริญ   ', 3, 24),
(355, 'เมืองชัยภูมิ   ', 3, 25),
(356, 'บ้านเขว้า   ', 3, 25),
(357, 'คอนสวรรค์   ', 3, 25),
(358, 'เกษตรสมบูรณ์   ', 3, 25),
(359, 'หนองบัวแดง   ', 3, 25),
(360, 'จัตุรัส   ', 3, 25),
(361, 'บำเหน็จณรงค์   ', 3, 25),
(362, 'หนองบัวระเหว   ', 3, 25),
(363, 'เทพสถิต   ', 3, 25),
(364, 'ภูเขียว   ', 3, 25),
(365, 'บ้านแท่น   ', 3, 25),
(366, 'แก้งคร้อ   ', 3, 25),
(367, 'คอนสาร   ', 3, 25),
(368, 'ภักดีชุมพล   ', 3, 25),
(369, 'เนินสง่า   ', 3, 25),
(370, 'ซับใหญ่   ', 3, 25),
(371, 'เมืองชัยภูมิ (สาขาตำบลโนนสำราญ)*   ', 3, 25),
(372, 'สาขาตำบลบ้านหว่าเฒ่า*   ', 3, 25),
(373, 'หนองบัวแดง (สาขาตำบลวังชมภู)*   ', 3, 25),
(374, 'กิ่งอำเภอซับใหญ่ (สาขาตำบลซับใหญ่)*   ', 3, 25),
(375, 'สาขาตำบลโคกเพชร*   ', 3, 25),
(376, 'เทพสถิต (สาขาตำบลนายางกลัก)*   ', 3, 25),
(377, 'บ้านแท่น (สาขาตำบลบ้านเต่า)*   ', 3, 25),
(378, 'แก้งคร้อ (สาขาตำบลท่ามะไฟหวาน)*   ', 3, 25),
(379, 'คอนสาร (สาขาตำบลโนนคูณ)*   ', 3, 25),
(380, 'เมืองอำนาจเจริญ   ', 3, 26),
(381, 'ชานุมาน   ', 3, 26),
(382, 'ปทุมราชวงศา   ', 3, 26),
(383, 'พนา   ', 3, 26),
(384, 'เสนางคนิคม   ', 3, 26),
(385, 'หัวตะพาน   ', 3, 26),
(386, 'ลืออำนาจ   ', 3, 26),
(387, 'เมืองหนองบัวลำภู   ', 3, 27),
(388, 'นากลาง   ', 3, 27),
(389, 'โนนสัง   ', 3, 27),
(390, 'ศรีบุญเรือง   ', 3, 27),
(391, 'สุวรรณคูหา   ', 3, 27),
(392, 'นาวัง   ', 3, 27),
(393, 'เมืองขอนแก่น   ', 3, 28),
(394, 'บ้านฝาง   ', 3, 28),
(395, 'พระยืน   ', 3, 28),
(396, 'หนองเรือ   ', 3, 28),
(397, 'ชุมแพ   ', 3, 28),
(398, 'สีชมพู   ', 3, 28),
(399, 'น้ำพอง   ', 3, 28),
(400, 'อุบลรัตน์   ', 3, 28),
(401, 'กระนวน   ', 3, 28),
(402, 'บ้านไผ่   ', 3, 28),
(403, 'เปือยน้อย   ', 3, 28),
(404, 'พล   ', 3, 28),
(405, 'แวงใหญ่   ', 3, 28),
(406, 'แวงน้อย   ', 3, 28),
(407, 'หนองสองห้อง   ', 3, 28),
(408, 'ภูเวียง   ', 3, 28),
(409, 'มัญจาคีรี   ', 3, 28),
(410, 'ชนบท   ', 3, 28),
(411, 'เขาสวนกวาง   ', 3, 28),
(412, 'ภูผาม่าน   ', 3, 28),
(413, 'ซำสูง   ', 3, 28),
(414, 'โคกโพธิ์ไชย   ', 3, 28),
(415, 'หนองนาคำ   ', 3, 28),
(416, 'บ้านแฮด   ', 3, 28),
(417, 'โนนศิลา   ', 3, 28),
(418, 'เวียงเก่า   ', 3, 28),
(419, 'ท้องถิ่นเทศบาลตำบลบ้านเป็ด*   ', 3, 28),
(420, 'เทศบาลตำบลเมืองพล*   ', 3, 28),
(421, 'เมืองอุดรธานี   ', 3, 29),
(422, 'กุดจับ   ', 3, 29),
(423, 'หนองวัวซอ   ', 3, 29),
(424, 'กุมภวาปี   ', 3, 29),
(425, 'โนนสะอาด   ', 3, 29),
(426, 'หนองหาน   ', 3, 29),
(427, 'ทุ่งฝน   ', 3, 29),
(428, 'ไชยวาน   ', 3, 29),
(429, 'ศรีธาตุ   ', 3, 29),
(430, 'วังสามหมอ   ', 3, 29),
(431, 'บ้านดุง   ', 3, 29),
(432, '*หนองบัวลำภู   ', 3, 29),
(433, '*ศรีบุญเรือง   ', 3, 29),
(434, '*นากลาง   ', 3, 29),
(435, '*สุวรรณคูหา   ', 3, 29),
(436, '*โนนสัง   ', 3, 29),
(437, 'บ้านผือ   ', 3, 29),
(438, 'น้ำโสม   ', 3, 29),
(439, 'เพ็ญ   ', 3, 29),
(440, 'สร้างคอม   ', 3, 29),
(441, 'หนองแสง   ', 3, 29),
(442, 'นายูง   ', 3, 29),
(443, 'พิบูลย์รักษ์   ', 3, 29),
(444, 'กู่แก้ว   ', 3, 29),
(445, 'ประจักษ์ศิลปาคม   ', 3, 29),
(446, 'เมืองเลย   ', 3, 30),
(447, 'นาด้วง   ', 3, 30),
(448, 'เชียงคาน   ', 3, 30),
(449, 'ปากชม   ', 3, 30),
(450, 'ด่านซ้าย   ', 3, 30),
(451, 'นาแห้ว   ', 3, 30),
(452, 'ภูเรือ   ', 3, 30),
(453, 'ท่าลี่   ', 3, 30),
(454, 'วังสะพุง   ', 3, 30),
(455, 'ภูกระดึง   ', 3, 30),
(456, 'ภูหลวง   ', 3, 30),
(457, 'ผาขาว   ', 3, 30),
(458, 'เอราวัณ   ', 3, 30),
(459, 'หนองหิน   ', 3, 30),
(460, 'เมืองหนองคาย   ', 3, 31),
(461, 'ท่าบ่อ   ', 3, 31),
(462, 'เมืองบึงกาฬ   ', 3, 97),
(463, 'พรเจริญ   ', 3, 97),
(464, 'โพนพิสัย   ', 3, 31),
(465, 'โซ่พิสัย   ', 3, 97),
(466, 'ศรีเชียงใหม่   ', 3, 31),
(467, 'สังคม   ', 3, 31),
(468, 'เซกา   ', 3, 97),
(469, 'ปากคาด   ', 3, 97),
(470, 'บึงโขงหลง   ', 3, 97),
(471, 'ศรีวิไล   ', 3, 97),
(472, 'บุ่งคล้า   ', 3, 97),
(473, 'สระใคร   ', 3, 31),
(474, 'เฝ้าไร่   ', 3, 31),
(475, 'รัตนวาปี   ', 3, 31),
(476, 'โพธิ์ตาก   ', 3, 31),
(477, 'เมืองมหาสารคาม   ', 3, 32),
(478, 'แกดำ   ', 3, 32),
(479, 'โกสุมพิสัย   ', 3, 32),
(480, 'กันทรวิชัย   ', 3, 32),
(481, 'เชียงยืน   ', 3, 32),
(482, 'บรบือ   ', 3, 32),
(483, 'นาเชือก   ', 3, 32),
(484, 'พยัคฆภูมิพิสัย   ', 3, 32),
(485, 'วาปีปทุม   ', 3, 32),
(486, 'นาดูน   ', 3, 32),
(487, 'ยางสีสุราช   ', 3, 32),
(488, 'กุดรัง   ', 3, 32),
(489, 'ชื่นชม   ', 3, 32),
(490, '*หลุบ   ', 3, 32),
(491, 'เมืองร้อยเอ็ด   ', 3, 33),
(492, 'เกษตรวิสัย   ', 3, 33),
(493, 'ปทุมรัตต์   ', 3, 33),
(494, 'จตุรพักตรพิมาน   ', 3, 33),
(495, 'ธวัชบุรี   ', 3, 33),
(496, 'พนมไพร   ', 3, 33),
(497, 'โพนทอง   ', 3, 33),
(498, 'โพธิ์ชัย   ', 3, 33),
(499, 'หนองพอก   ', 3, 33),
(500, 'เสลภูมิ   ', 3, 33),
(501, 'สุวรรณภูมิ   ', 3, 33),
(502, 'เมืองสรวง   ', 3, 33),
(503, 'โพนทราย   ', 3, 33),
(504, 'อาจสามารถ   ', 3, 33),
(505, 'เมยวดี   ', 3, 33),
(506, 'ศรีสมเด็จ   ', 3, 33),
(507, 'จังหาร   ', 3, 33),
(508, 'เชียงขวัญ   ', 3, 33),
(509, 'หนองฮี   ', 3, 33),
(510, 'ทุ่งเขาหลวง   ', 3, 33),
(511, 'เมืองกาฬสินธุ์   ', 3, 34),
(512, 'นามน   ', 3, 34),
(513, 'กมลาไสย   ', 3, 34),
(514, 'ร่องคำ   ', 3, 34),
(515, 'กุฉินารายณ์   ', 3, 34),
(516, 'เขาวง   ', 3, 34),
(517, 'ยางตลาด   ', 3, 34),
(518, 'ห้วยเม็ก   ', 3, 34),
(519, 'สหัสขันธ์   ', 3, 34),
(520, 'คำม่วง   ', 3, 34),
(521, 'ท่าคันโท   ', 3, 34),
(522, 'หนองกุงศรี   ', 3, 34),
(523, 'สมเด็จ   ', 3, 34),
(524, 'ห้วยผึ้ง   ', 3, 34),
(525, 'สามชัย   ', 3, 34),
(526, 'นาคู   ', 3, 34),
(527, 'ดอนจาน   ', 3, 34),
(528, 'ฆ้องชัย   ', 3, 34),
(529, 'เมืองสกลนคร   ', 3, 35),
(530, 'กุสุมาลย์   ', 3, 35),
(531, 'กุดบาก   ', 3, 35),
(532, 'พรรณานิคม   ', 3, 35),
(533, 'พังโคน   ', 3, 35),
(534, 'วาริชภูมิ   ', 3, 35),
(535, 'นิคมน้ำอูน   ', 3, 35),
(536, 'วานรนิวาส   ', 3, 35),
(537, 'คำตากล้า   ', 3, 35),
(538, 'บ้านม่วง   ', 3, 35),
(539, 'อากาศอำนวย   ', 3, 35),
(540, 'สว่างแดนดิน   ', 3, 35),
(541, 'ส่องดาว   ', 3, 35),
(542, 'เต่างอย   ', 3, 35),
(543, 'โคกศรีสุพรรณ   ', 3, 35),
(544, 'เจริญศิลป์   ', 3, 35),
(545, 'โพนนาแก้ว   ', 3, 35),
(546, 'ภูพาน   ', 3, 35),
(547, 'วานรนิวาส (สาขาตำบลกุดเรือคำ)*   ', 3, 35),
(548, '*อ.บ้านหัน  จ.สกลนคร   ', 3, 35),
(549, 'เมืองนครพนม   ', 3, 36),
(550, 'ปลาปาก   ', 3, 36),
(551, 'ท่าอุเทน   ', 3, 36),
(552, 'บ้านแพง   ', 3, 36),
(553, 'ธาตุพนม   ', 3, 36),
(554, 'เรณูนคร   ', 3, 36),
(555, 'นาแก   ', 3, 36),
(556, 'ศรีสงคราม   ', 3, 36),
(557, 'นาหว้า   ', 3, 36),
(558, 'โพนสวรรค์   ', 3, 36),
(559, 'นาทม   ', 3, 36),
(560, 'วังยาง   ', 3, 36),
(561, 'เมืองมุกดาหาร   ', 3, 37),
(562, 'นิคมคำสร้อย   ', 3, 37),
(563, 'ดอนตาล   ', 3, 37),
(564, 'ดงหลวง   ', 3, 37),
(565, 'คำชะอี   ', 3, 37),
(566, 'หว้านใหญ่   ', 3, 37),
(567, 'หนองสูง   ', 3, 37),
(568, 'เมืองเชียงใหม่   ', 1, 38),
(569, 'จอมทอง   ', 1, 38),
(570, 'แม่แจ่ม   ', 1, 38),
(571, 'เชียงดาว   ', 1, 38),
(572, 'ดอยสะเก็ด   ', 1, 38),
(573, 'แม่แตง   ', 1, 38),
(574, 'แม่ริม   ', 1, 38),
(575, 'สะเมิง   ', 1, 38),
(576, 'ฝาง   ', 1, 38),
(577, 'แม่อาย   ', 1, 38),
(578, 'พร้าว   ', 1, 38),
(579, 'สันป่าตอง   ', 1, 38),
(580, 'สันกำแพง   ', 1, 38),
(581, 'สันทราย   ', 1, 38),
(582, 'หางดง   ', 1, 38),
(583, 'ฮอด   ', 1, 38),
(584, 'ดอยเต่า   ', 1, 38),
(585, 'อมก๋อย   ', 1, 38),
(586, 'สารภี   ', 1, 38),
(587, 'เวียงแหง   ', 1, 38),
(588, 'ไชยปราการ   ', 1, 38),
(589, 'แม่วาง   ', 1, 38),
(590, 'แม่ออน   ', 1, 38),
(591, 'ดอยหล่อ   ', 1, 38),
(592, 'เทศบาลนครเชียงใหม่ (สาขาแขวงกาลวิละ*   ', 1, 38),
(593, 'เทศบาลนครเชียงใหม่ (สาขาแขวงศรีวิชั*   ', 1, 38),
(594, 'เทศบาลนครเชียงใหม่ (สาขาเม็งราย*   ', 1, 38),
(595, 'เมืองลำพูน   ', 1, 39),
(596, 'แม่ทา   ', 1, 39),
(597, 'บ้านโฮ่ง   ', 1, 39),
(598, 'ลี้   ', 1, 39),
(599, 'ทุ่งหัวช้าง   ', 1, 39),
(600, 'ป่าซาง   ', 1, 39),
(601, 'บ้านธิ   ', 1, 39),
(602, 'เวียงหนองล่อง   ', 1, 39),
(603, 'เมืองลำปาง   ', 1, 40),
(604, 'แม่เมาะ   ', 1, 40),
(605, 'เกาะคา   ', 1, 40),
(606, 'เสริมงาม   ', 1, 40),
(607, 'งาว   ', 1, 40),
(608, 'แจ้ห่ม   ', 1, 40),
(609, 'วังเหนือ   ', 1, 40),
(610, 'เถิน   ', 1, 40),
(611, 'แม่พริก   ', 1, 40),
(612, 'แม่ทะ   ', 1, 40),
(613, 'สบปราบ   ', 1, 40),
(614, 'ห้างฉัตร   ', 1, 40),
(615, 'เมืองปาน   ', 1, 40),
(616, 'เมืองอุตรดิตถ์   ', 1, 41),
(617, 'ตรอน   ', 1, 41),
(618, 'ท่าปลา   ', 1, 41),
(619, 'น้ำปาด   ', 1, 41),
(620, 'ฟากท่า   ', 1, 41),
(621, 'บ้านโคก   ', 1, 41),
(622, 'พิชัย   ', 1, 41),
(623, 'ลับแล   ', 1, 41),
(624, 'ทองแสนขัน   ', 1, 41),
(625, 'เมืองแพร่   ', 1, 42),
(626, 'ร้องกวาง   ', 1, 42),
(627, 'ลอง   ', 1, 42),
(628, 'สูงเม่น   ', 1, 42),
(629, 'เด่นชัย   ', 1, 42),
(630, 'สอง   ', 1, 42),
(631, 'วังชิ้น   ', 1, 42),
(632, 'หนองม่วงไข่   ', 1, 42),
(633, 'เมืองน่าน   ', 1, 43),
(634, 'แม่จริม   ', 1, 43),
(635, 'บ้านหลวง   ', 1, 43),
(636, 'นาน้อย   ', 1, 43),
(637, 'ปัว   ', 1, 43),
(638, 'ท่าวังผา   ', 1, 43),
(639, 'เวียงสา   ', 1, 43),
(640, 'ทุ่งช้าง   ', 1, 43),
(641, 'เชียงกลาง   ', 1, 43),
(642, 'นาหมื่น   ', 1, 43),
(643, 'สันติสุข   ', 1, 43),
(644, 'บ่อเกลือ   ', 1, 43),
(645, 'สองแคว   ', 1, 43),
(646, 'ภูเพียง   ', 1, 43),
(647, 'เฉลิมพระเกียรติ(43-หนองคาย)', 1, 43),
(648, 'เมืองพะเยา   ', 1, 44),
(649, 'จุน   ', 1, 44),
(650, 'เชียงคำ   ', 1, 44),
(651, 'เชียงม่วน   ', 1, 44),
(652, 'ดอกคำใต้   ', 1, 44),
(653, 'ปง   ', 1, 44),
(654, 'แม่ใจ   ', 1, 44),
(655, 'ภูซาง   ', 1, 44),
(656, 'ภูกามยาว   ', 1, 44),
(657, 'เมืองเชียงราย   ', 1, 45),
(658, 'เวียงชัย   ', 1, 45),
(659, 'เชียงของ   ', 1, 45),
(660, 'เทิง   ', 1, 45),
(661, 'พาน   ', 1, 45),
(662, 'ป่าแดด   ', 1, 45),
(663, 'แม่จัน   ', 1, 45),
(664, 'เชียงแสน   ', 1, 45),
(665, 'แม่สาย   ', 1, 45),
(666, 'แม่สรวย   ', 1, 45),
(667, 'เวียงป่าเป้า   ', 1, 45),
(668, 'พญาเม็งราย   ', 1, 45),
(669, 'เวียงแก่น   ', 1, 45),
(670, 'ขุนตาล   ', 1, 45),
(671, 'แม่ฟ้าหลวง   ', 1, 45),
(672, 'แม่ลาว   ', 1, 45),
(673, 'เวียงเชียงรุ้ง   ', 1, 45),
(674, 'ดอยหลวง   ', 1, 45),
(675, 'เมืองแม่ฮ่องสอน   ', 1, 46),
(676, 'ขุนยวม   ', 1, 46),
(677, 'ปาย   ', 1, 46),
(678, 'แม่สะเรียง   ', 1, 46),
(679, 'แม่ลาน้อย   ', 1, 46),
(680, 'สบเมย   ', 1, 46),
(681, 'ปางมะผ้า   ', 1, 46),
(682, '*อ.ม่วยต่อ  จ.แม่ฮ่องสอน   ', 1, 46),
(683, 'เมืองนครสวรรค์   ', 2, 47),
(684, 'โกรกพระ   ', 2, 47),
(685, 'ชุมแสง   ', 2, 47),
(686, 'หนองบัว   ', 2, 47),
(687, 'บรรพตพิสัย   ', 2, 47),
(688, 'เก้าเลี้ยว   ', 2, 47),
(689, 'ตาคลี   ', 2, 47),
(690, 'ท่าตะโก   ', 2, 47),
(691, 'ไพศาลี   ', 2, 47),
(692, 'พยุหะคีรี   ', 2, 47),
(693, 'ลาดยาว   ', 2, 47),
(694, 'ตากฟ้า   ', 2, 47),
(695, 'แม่วงก์   ', 2, 47),
(696, 'แม่เปิน   ', 2, 47),
(697, 'ชุมตาบง   ', 2, 47),
(698, 'สาขาตำบลห้วยน้ำหอม*   ', 2, 47),
(699, 'กิ่งอำเภอชุมตาบง (สาขาตำบลชุมตาบง)*   ', 2, 47),
(700, 'แม่วงก์ (สาขาตำบลแม่เล่ย์)*   ', 2, 47),
(701, 'เมืองอุทัยธานี   ', 2, 48),
(702, 'ทัพทัน   ', 2, 48),
(703, 'สว่างอารมณ์   ', 2, 48),
(704, 'หนองฉาง   ', 2, 48),
(705, 'หนองขาหย่าง   ', 2, 48),
(706, 'บ้านไร่   ', 2, 48),
(707, 'ลานสัก   ', 2, 48),
(708, 'ห้วยคต   ', 2, 48),
(709, 'เมืองกำแพงเพชร   ', 2, 49),
(710, 'ไทรงาม   ', 2, 49),
(711, 'คลองลาน   ', 2, 49),
(712, 'ขาณุวรลักษบุรี   ', 2, 49),
(713, 'คลองขลุง   ', 2, 49),
(714, 'พรานกระต่าย   ', 2, 49),
(715, 'ลานกระบือ   ', 2, 49),
(716, 'ทรายทองวัฒนา   ', 2, 49),
(717, 'ปางศิลาทอง   ', 2, 49),
(718, 'บึงสามัคคี   ', 2, 49),
(719, 'โกสัมพีนคร   ', 2, 49),
(720, 'เมืองตาก   ', 4, 50),
(721, 'บ้านตาก   ', 4, 50),
(722, 'สามเงา   ', 4, 50),
(723, 'แม่ระมาด   ', 4, 50),
(724, 'ท่าสองยาง   ', 4, 50),
(725, 'แม่สอด   ', 4, 50),
(726, 'พบพระ   ', 4, 50),
(727, 'อุ้มผาง   ', 4, 50),
(728, 'วังเจ้า   ', 4, 50),
(729, '*กิ่ง อ.ท่าปุย  จ.ตาก   ', 4, 50),
(730, 'เมืองสุโขทัย   ', 2, 51),
(731, 'บ้านด่านลานหอย   ', 2, 51),
(732, 'คีรีมาศ   ', 2, 51),
(733, 'กงไกรลาศ   ', 2, 51),
(734, 'ศรีสัชนาลัย   ', 2, 51),
(735, 'ศรีสำโรง   ', 2, 51),
(736, 'สวรรคโลก   ', 2, 51),
(737, 'ศรีนคร   ', 2, 51),
(738, 'ทุ่งเสลี่ยม   ', 2, 51),
(739, 'เมืองพิษณุโลก   ', 2, 52),
(740, 'นครไทย   ', 2, 52),
(741, 'ชาติตระการ   ', 2, 52),
(742, 'บางระกำ   ', 2, 52),
(743, 'บางกระทุ่ม   ', 2, 52),
(744, 'พรหมพิราม   ', 2, 52),
(745, 'วัดโบสถ์   ', 2, 52),
(746, 'วังทอง   ', 2, 52),
(747, 'เนินมะปราง   ', 2, 52),
(748, 'เมืองพิจิตร   ', 2, 53),
(749, 'วังทรายพูน   ', 2, 53),
(750, 'โพธิ์ประทับช้าง   ', 2, 53),
(751, 'ตะพานหิน   ', 2, 53),
(752, 'บางมูลนาก   ', 2, 53),
(753, 'โพทะเล   ', 2, 53),
(754, 'สามง่าม   ', 2, 53),
(755, 'ทับคล้อ   ', 2, 53),
(756, 'สากเหล็ก   ', 2, 53),
(757, 'บึงนาราง   ', 2, 53),
(758, 'ดงเจริญ   ', 2, 53),
(759, 'วชิรบารมี   ', 2, 53),
(760, 'เมืองเพชรบูรณ์   ', 2, 54),
(761, 'ชนแดน   ', 2, 54),
(762, 'หล่มสัก   ', 2, 54),
(763, 'หล่มเก่า   ', 2, 54),
(764, 'วิเชียรบุรี   ', 2, 54),
(765, 'ศรีเทพ   ', 2, 54),
(766, 'หนองไผ่   ', 2, 54),
(767, 'บึงสามพัน   ', 2, 54),
(768, 'น้ำหนาว   ', 2, 54),
(769, 'วังโป่ง   ', 2, 54),
(770, 'เขาค้อ   ', 2, 54),
(771, 'เมืองราชบุรี   ', 4, 55),
(772, 'จอมบึง   ', 4, 55),
(773, 'สวนผึ้ง   ', 4, 55),
(774, 'ดำเนินสะดวก   ', 4, 55),
(775, 'บ้านโป่ง   ', 4, 55),
(776, 'บางแพ   ', 4, 55),
(777, 'โพธาราม   ', 4, 55),
(778, 'ปากท่อ   ', 4, 55),
(779, 'วัดเพลง   ', 4, 55),
(780, 'บ้านคา   ', 4, 55),
(781, 'ท้องถิ่นเทศบาลตำบลบ้านฆ้อง   ', 4, 55),
(782, 'เมืองกาญจนบุรี   ', 4, 56),
(783, 'ไทรโยค   ', 4, 56),
(784, 'บ่อพลอย   ', 4, 56),
(785, 'ศรีสวัสดิ์   ', 4, 56),
(786, 'ท่ามะกา   ', 4, 56),
(787, 'ท่าม่วง   ', 4, 56),
(788, 'ทองผาภูมิ   ', 4, 56),
(789, 'สังขละบุรี   ', 4, 56),
(790, 'พนมทวน   ', 4, 56),
(791, 'เลาขวัญ   ', 4, 56),
(792, 'ด่านมะขามเตี้ย   ', 4, 56),
(793, 'หนองปรือ   ', 4, 56),
(794, 'ห้วยกระเจา   ', 4, 56),
(795, 'สาขาตำบลท่ากระดาน*   ', 4, 56),
(796, '*บ้านทวน  จ.กาญจนบุรี   ', 4, 56),
(797, 'เมืองสุพรรณบุรี   ', 2, 57),
(798, 'เดิมบางนางบวช   ', 2, 57),
(799, 'ด่านช้าง   ', 2, 57),
(800, 'บางปลาม้า   ', 2, 57),
(801, 'ศรีประจันต์   ', 2, 57),
(802, 'ดอนเจดีย์   ', 2, 57),
(803, 'สองพี่น้อง   ', 2, 57),
(804, 'สามชุก   ', 2, 57),
(805, 'อู่ทอง   ', 2, 57),
(806, 'หนองหญ้าไซ   ', 2, 57),
(807, 'เมืองนครปฐม   ', 2, 58),
(808, 'กำแพงแสน   ', 2, 58),
(809, 'นครชัยศรี   ', 2, 58),
(810, 'ดอนตูม   ', 2, 58),
(811, 'บางเลน   ', 2, 58),
(812, 'สามพราน   ', 2, 58),
(813, 'พุทธมณฑล   ', 2, 58),
(814, 'เมืองสมุทรสาคร   ', 2, 59),
(815, 'กระทุ่มแบน   ', 2, 59),
(816, 'บ้านแพ้ว   ', 2, 59),
(817, 'เมืองสมุทรสงคราม   ', 2, 60),
(818, 'บางคนที   ', 2, 60),
(819, 'อัมพวา   ', 2, 60),
(820, 'เมืองเพชรบุรี   ', 4, 61),
(821, 'เขาย้อย   ', 4, 61),
(822, 'หนองหญ้าปล้อง   ', 4, 61),
(823, 'ชะอำ   ', 4, 61),
(824, 'ท่ายาง   ', 4, 61),
(825, 'บ้านลาด   ', 4, 61),
(826, 'บ้านแหลม   ', 4, 61),
(827, 'แก่งกระจาน   ', 4, 61),
(828, 'เมืองประจวบคีรีขันธ์   ', 4, 62),
(829, 'กุยบุรี   ', 4, 62),
(830, 'ทับสะแก   ', 4, 62),
(831, 'บางสะพาน   ', 4, 62),
(832, 'บางสะพานน้อย   ', 4, 62),
(833, 'ปราณบุรี   ', 4, 62),
(834, 'หัวหิน   ', 4, 62),
(835, 'สามร้อยยอด   ', 4, 62),
(836, 'เมืองนครศรีธรรมราช   ', 6, 63),
(837, 'พรหมคีรี   ', 6, 63),
(838, 'ลานสกา   ', 6, 63),
(839, 'ฉวาง   ', 6, 63),
(840, 'พิปูน   ', 6, 63),
(841, 'เชียรใหญ่   ', 6, 63),
(842, 'ชะอวด   ', 6, 63),
(843, 'ท่าศาลา   ', 6, 63),
(844, 'ทุ่งสง   ', 6, 63),
(845, 'นาบอน   ', 6, 63),
(846, 'ทุ่งใหญ่   ', 6, 63),
(847, 'ปากพนัง   ', 6, 63),
(848, 'ร่อนพิบูลย์   ', 6, 63),
(849, 'สิชล   ', 6, 63),
(850, 'ขนอม   ', 6, 63),
(851, 'หัวไทร   ', 6, 63),
(852, 'บางขัน   ', 6, 63),
(853, 'ถ้ำพรรณรา   ', 6, 63),
(854, 'จุฬาภรณ์   ', 6, 63),
(855, 'พระพรหม   ', 6, 63),
(856, 'นบพิตำ   ', 6, 63),
(857, 'ช้างกลาง   ', 6, 63),
(858, 'เฉลิมพระเกียรติ(63-ตาก)', 6, 63),
(859, 'เชียรใหญ่ (สาขาตำบลเสือหึง)*   ', 6, 63),
(860, 'สาขาตำบลสวนหลวง**   ', 6, 63),
(861, 'ร่อนพิบูลย์ (สาขาตำบลหินตก)*   ', 6, 63),
(862, 'หัวไทร (สาขาตำบลควนชะลิก)*   ', 6, 63),
(863, 'ทุ่งสง (สาขาตำบลกะปาง)*   ', 6, 63),
(864, 'เมืองกระบี่   ', 6, 64),
(865, 'เขาพนม   ', 6, 64),
(866, 'เกาะลันตา   ', 6, 64),
(867, 'คลองท่อม   ', 6, 64),
(868, 'อ่าวลึก   ', 6, 64),
(869, 'ปลายพระยา   ', 6, 64),
(870, 'ลำทับ   ', 6, 64),
(871, 'เหนือคลอง   ', 6, 64),
(872, 'เมืองพังงา   ', 6, 65),
(873, 'เกาะยาว   ', 6, 65),
(874, 'กะปง   ', 6, 65),
(875, 'ตะกั่วทุ่ง   ', 6, 65),
(876, 'ตะกั่วป่า   ', 6, 65),
(877, 'คุระบุรี   ', 6, 65),
(878, 'ทับปุด   ', 6, 65),
(879, 'ท้ายเหมือง   ', 6, 65),
(880, 'เมืองภูเก็ต   ', 6, 66),
(881, 'กะทู้   ', 6, 66),
(882, 'ถลาง   ', 6, 66),
(883, '*ทุ่งคา   ', 6, 66),
(884, 'เมืองสุราษฎร์ธานี   ', 6, 67),
(885, 'กาญจนดิษฐ์   ', 6, 67),
(886, 'ดอนสัก   ', 6, 67),
(887, 'เกาะสมุย   ', 6, 67),
(888, 'เกาะพะงัน   ', 6, 67),
(889, 'ไชยา   ', 6, 67),
(890, 'ท่าชนะ   ', 6, 67),
(891, 'คีรีรัฐนิคม   ', 6, 67),
(892, 'บ้านตาขุน   ', 6, 67),
(893, 'พนม   ', 6, 67),
(894, 'ท่าฉาง   ', 6, 67),
(895, 'บ้านนาสาร   ', 6, 67),
(896, 'บ้านนาเดิม   ', 6, 67),
(897, 'เคียนซา   ', 6, 67),
(898, 'เวียงสระ   ', 6, 67),
(899, 'พระแสง   ', 6, 67),
(900, 'พุนพิน   ', 6, 67),
(901, 'ชัยบุรี   ', 6, 67),
(902, 'วิภาวดี   ', 6, 67),
(903, 'เกาะพงัน (สาขาตำบลเกาะเต่า)*   ', 6, 67),
(904, '*อ.บ้านดอน  จ.สุราษฎร์ธานี   ', 6, 67),
(905, 'เมืองระนอง   ', 6, 68),
(906, 'ละอุ่น   ', 6, 68),
(907, 'กะเปอร์   ', 6, 68),
(908, 'กระบุรี   ', 6, 68),
(909, 'สุขสำราญ   ', 6, 68),
(910, 'เมืองชุมพร   ', 6, 69),
(911, 'ท่าแซะ   ', 6, 69),
(912, 'ปะทิว   ', 6, 69),
(913, 'หลังสวน   ', 6, 69),
(914, 'ละแม   ', 6, 69),
(915, 'พะโต๊ะ   ', 6, 69),
(916, 'สวี   ', 6, 69),
(917, 'ทุ่งตะโก   ', 6, 69),
(918, 'เมืองสงขลา   ', 6, 70),
(919, 'สทิงพระ   ', 6, 70),
(920, 'จะนะ   ', 6, 70),
(921, 'นาทวี   ', 6, 70),
(922, 'เทพา   ', 6, 70),
(923, 'สะบ้าย้อย   ', 6, 70),
(924, 'ระโนด   ', 6, 70),
(925, 'กระแสสินธุ์   ', 6, 70),
(926, 'รัตภูมิ   ', 6, 70),
(927, 'สะเดา   ', 6, 70),
(928, 'หาดใหญ่   ', 6, 70),
(929, 'นาหม่อม   ', 6, 70),
(930, 'ควนเนียง   ', 6, 70),
(931, 'บางกล่ำ   ', 6, 70),
(932, 'สิงหนคร   ', 6, 70),
(933, 'คลองหอยโข่ง   ', 6, 70),
(934, 'ท้องถิ่นเทศบาลตำบลสำนักขาม   ', 6, 70),
(935, 'เทศบาลตำบลบ้านพรุ*   ', 6, 70),
(936, 'เมืองสตูล   ', 6, 71),
(937, 'ควนโดน   ', 6, 71),
(938, 'ควนกาหลง   ', 6, 71),
(939, 'ท่าแพ   ', 6, 71),
(940, 'ละงู   ', 6, 71),
(941, 'ทุ่งหว้า   ', 6, 71),
(942, 'มะนัง   ', 6, 71),
(943, 'เมืองตรัง   ', 6, 72),
(944, 'กันตัง   ', 6, 72),
(945, 'ย่านตาขาว   ', 6, 72),
(946, 'ปะเหลียน   ', 6, 72),
(947, 'สิเกา   ', 6, 72),
(948, 'ห้วยยอด   ', 6, 72),
(949, 'วังวิเศษ   ', 6, 72),
(950, 'นาโยง   ', 6, 72),
(951, 'รัษฎา   ', 6, 72),
(952, 'หาดสำราญ   ', 6, 72),
(953, 'อำเภอเมืองตรัง(สาขาคลองเต็ง)**   ', 6, 72),
(954, 'เมืองพัทลุง   ', 6, 73),
(955, 'กงหรา   ', 6, 73),
(956, 'เขาชัยสน   ', 6, 73),
(957, 'ตะโหมด   ', 6, 73),
(958, 'ควนขนุน   ', 6, 73),
(959, 'ปากพะยูน   ', 6, 73),
(960, 'ศรีบรรพต   ', 6, 73),
(961, 'ป่าบอน   ', 6, 73),
(962, 'บางแก้ว   ', 6, 73),
(963, 'ป่าพะยอม   ', 6, 73),
(964, 'ศรีนครินทร์   ', 6, 73),
(965, 'เมืองปัตตานี   ', 6, 74),
(966, 'โคกโพธิ์   ', 6, 74),
(967, 'หนองจิก   ', 6, 74),
(968, 'ปะนาเระ   ', 6, 74),
(969, 'มายอ   ', 6, 74),
(970, 'ทุ่งยางแดง   ', 6, 74),
(971, 'สายบุรี   ', 6, 74),
(972, 'ไม้แก่น   ', 6, 74),
(973, 'ยะหริ่ง   ', 6, 74),
(974, 'ยะรัง   ', 6, 74),
(975, 'กะพ้อ   ', 6, 74),
(976, 'แม่ลาน   ', 6, 74),
(977, 'เมืองยะลา   ', 6, 75),
(978, 'เบตง   ', 6, 75),
(979, 'บันนังสตา   ', 6, 75),
(980, 'ธารโต   ', 6, 75),
(981, 'ยะหา   ', 6, 75),
(982, 'รามัน   ', 6, 75),
(983, 'กาบัง   ', 6, 75),
(984, 'กรงปินัง   ', 6, 75),
(985, 'เมืองนราธิวาส   ', 6, 76),
(986, 'ตากใบ   ', 6, 76),
(987, 'บาเจาะ   ', 6, 76),
(988, 'ยี่งอ   ', 6, 76),
(989, 'ระแงะ   ', 6, 76),
(990, 'รือเสาะ   ', 6, 76),
(991, 'ศรีสาคร   ', 6, 76),
(992, 'แว้ง   ', 6, 76),
(993, 'สุคิริน   ', 6, 76),
(994, 'สุไหงโก-ลก   ', 6, 76),
(995, 'สุไหงปาดี   ', 6, 76),
(996, 'จะแนะ   ', 6, 76),
(997, 'เจาะไอร้อง   ', 6, 76),
(998, '*อ.บางนรา  จ.นราธิวาส   ', 6, 76);

-- --------------------------------------------------------

--
-- Table structure for table `cause`
--

CREATE TABLE `cause` (
  `cause_code` char(3) NOT NULL,
  `cause_name` varchar(50) CHARACTER SET utf8 COLLATE utf8_bin NOT NULL
) ENGINE=InnoDB DEFAULT CHARSET=utf8;

--
-- Dumping data for table `cause`
--

INSERT INTO `cause` (`cause_code`, `cause_name`) VALUES
('C01', 'ยากจน/รายได้น้อย'),
('C02', 'มีหนี้สิน'),
('C03', 'ตกงาน/ไม่มีงานทำ/ไม่มีอาชีพ'),
('C04', 'ขาดผู้อุปการะ'),
('C05', 'ขาดความรู้ที่จะประกอบอาชีพ'),
('C06', 'ไม่มีที่อยู่อาศัย/ไม่มีที่ดินทำกิน'),
('C07', 'ถูกชักจูงโดยคนรู้จัก/เพื่อน'),
('C08', 'ถูกบังคับ/ล่อลวง/แสวงหาผลประโยชน์'),
('C09', 'ปัญหาครอบครัว'),
('C10', 'อื่น ๆ ');

-- --------------------------------------------------------

--
-- Table structure for table `causedetail`
--

CREATE TABLE `causedetail` (
  `hl_code` char(7) NOT NULL COMMENT 'refer to homeless',
  `cause_code` char(3) NOT NULL COMMENT 'refer to cause',
  `cause_descrip` text NOT NULL
) ENGINE=InnoDB DEFAULT CHARSET=utf8;

--
-- Dumping data for table `causedetail`
--

INSERT INTO `causedetail` (`hl_code`, `cause_code`, `cause_descrip`) VALUES
('HL00001', 'C04', ''),
('HL00001', 'C09', ''),
('HL00002', 'C01', ''),
('HL00002', 'C02', ''),
('HL00002', 'C06', ''),
('HL00003', 'C01', ''),
('HL00003', 'C02', ''),
('HL00003', 'C03', ''),
('HL00004', 'C03', ''),
('HL00004', 'C04', ''),
('HL00004', 'C05', ''),
('HL00004', 'C06', ''),
('HL00007', 'C', ''),
('HL00009', 'C', ''),
('HL00011', 'C05', ''),
('HL00011', 'C06', ''),
('HL00011', 'C07', ''),
('HL00013', 'C01', ''),
('HL00013', 'C02', ''),
('HL00013', 'C03', ''),
('HL00013', 'C09', ''),
('HL00014', 'C01', ''),
('HL00014', 'C02', ''),
('HL00014', 'C03', ''),
('HL00014', 'C06', ''),
('HL00014', 'C07', ''),
('HL00016', 'C01', ''),
('HL00016', 'C02', ''),
('HL00016', 'C03', ''),
('HL00017', 'C01', ''),
('HL00017', 'C02', ''),
('HL00018', 'C01', ''),
('HL00018', 'C02', ''),
('HL00018', 'C03', ''),
('HL00019', 'C02', ''),
('HL00019', 'C03', ''),
('HL00019', 'C04', ''),
('HL00028', 'C02', ''),
('HL00028', 'C03', ''),
('HL00028', 'C04', ''),
('HL00037', 'C02', ''),
('HL00037', 'C03', ''),
('HL00037', 'C04', ''),
('HL00043', 'C01', ''),
('HL00043', 'C02', ''),
('HL00043', 'C03', '');

-- --------------------------------------------------------

--
-- Table structure for table `course`
--

CREATE TABLE `course` (
  `course_code` char(6) NOT NULL,
  `course_name` varchar(30) CHARACTER SET utf8 COLLATE utf8_bin NOT NULL
) ENGINE=InnoDB DEFAULT CHARSET=utf8;

--
-- Dumping data for table `course`
--

INSERT INTO `course` (`course_code`, `course_name`) VALUES
('C00001', 'งานก่อสร้าง'),
('C00002', 'งานก่อสร้าง'),
('C00003', 'ก่อสร้าง'),
('C00004', 'ก่อสร้าง');

-- --------------------------------------------------------

--
-- Table structure for table `coursedetail`
--

CREATE TABLE `coursedetail` (
  `traincenter_code` char(7) NOT NULL COMMENT 'refer to trainingcenter',
  `course_code` char(6) NOT NULL COMMENT 'refer to course',
  `course_descrip` text NOT NULL
) ENGINE=InnoDB DEFAULT CHARSET=utf8;

--
-- Dumping data for table `coursedetail`
--

INSERT INTO `coursedetail` (`traincenter_code`, `course_code`, `course_descrip`) VALUES
('TR00001', 'C00001', 'งานที่ใช้เกี่ยวกับแรงงาน แบกปูน สร้างบ้าน สร้างสิ่งปลูกสร้าง'),
('TR00002', 'C00002', 'งานที่ใช้เกี่ยวกับแรงงาน แบกปูน สร้างบ้าน สร้างสิ่งปลูกสร้าง'),
('TR00003', 'C00003', 'ใช้แรงงานในการทำงาน '),
('TR00004', 'C00004', 'ใช้แรงงานในการทำงาน ');

-- --------------------------------------------------------

--
-- Table structure for table `department`
--

CREATE TABLE `department` (
  `dept_code` char(3) NOT NULL,
  `dept_name` varchar(100) NOT NULL
) ENGINE=InnoDB DEFAULT CHARSET=utf8;

-- --------------------------------------------------------

--
-- Table structure for table `depend`
--

CREATE TABLE `depend` (
  `or_code` char(4) NOT NULL COMMENT 'refer to organization',
  `dept_code` char(3) NOT NULL COMMENT 'refer to department'
) ENGINE=InnoDB DEFAULT CHARSET=utf8;

-- --------------------------------------------------------

--
-- Table structure for table `district`
--

CREATE TABLE `district` (
  `dis_code` int(4) NOT NULL,
  `DISTRICT_NAME` varchar(150) COLLATE utf8_unicode_ci NOT NULL,
  `am_code` int(3) NOT NULL DEFAULT '0' COMMENT 'refer to amphur',
  `prov_code` int(2) NOT NULL DEFAULT '0' COMMENT 'refer to province',
  `GEO_ID` int(1) NOT NULL DEFAULT '0' COMMENT 'refer to geography'
) ENGINE=MyISAM DEFAULT CHARSET=utf8 COLLATE=utf8_unicode_ci;

--
-- Dumping data for table `district`
--

INSERT INTO `district` (`dis_code`, `DISTRICT_NAME`, `am_code`, `prov_code`, `GEO_ID`) VALUES
(1, 'พระบรมมหาราชวัง', 1, 1, 2),
(2, 'วังบูรพาภิรมย์   ', 1, 1, 2),
(3, 'วัดราชบพิธ   ', 1, 1, 2),
(4, 'สำราญราษฎร์   ', 1, 1, 2),
(5, 'ศาลเจ้าพ่อเสือ   ', 1, 1, 2),
(6, 'เสาชิงช้า   ', 1, 1, 2),
(7, 'บวรนิเวศ   ', 1, 1, 2),
(8, 'ตลาดยอด   ', 1, 1, 2),
(9, 'ชนะสงคราม   ', 1, 1, 2),
(10, 'บ้านพานถม   ', 1, 1, 2),
(11, 'บางขุนพรหม   ', 1, 1, 2),
(12, 'วัดสามพระยา   ', 1, 1, 2),
(13, 'ดุสิต   ', 2, 1, 2),
(14, 'วชิรพยาบาล   ', 2, 1, 2),
(15, 'สวนจิตรลดา   ', 2, 1, 2),
(16, 'สี่แยกมหานาค   ', 2, 1, 2),
(17, '*บางซื่อ   ', 2, 1, 2),
(18, 'ถนนนครไชยศรี   ', 2, 1, 2),
(19, '*สามเสนใน   ', 2, 1, 2),
(20, 'กระทุ่มราย   ', 3, 1, 2),
(21, 'หนองจอก   ', 3, 1, 2),
(22, 'คลองสิบ   ', 3, 1, 2),
(23, 'คลองสิบสอง   ', 3, 1, 2),
(24, 'โคกแฝด   ', 3, 1, 2),
(25, 'คู้ฝั่งเหนือ   ', 3, 1, 2),
(26, 'ลำผักชี   ', 3, 1, 2),
(27, 'ลำต้อยติ่ง   ', 3, 1, 2),
(28, 'มหาพฤฒาราม   ', 4, 1, 2),
(29, 'สีลม   ', 4, 1, 2),
(30, 'สุริยวงศ์   ', 4, 1, 2),
(31, 'บางรัก   ', 4, 1, 2),
(32, 'สี่พระยา   ', 4, 1, 2),
(33, '*ลาดยาว   ', 5, 1, 2),
(34, 'อนุสาวรีย์   ', 5, 1, 2),
(35, 'คลองถนน*   ', 5, 1, 2),
(36, '*ตลาดบางเขน   ', 5, 1, 2),
(37, '*สีกัน   ', 5, 1, 2),
(38, 'สายไหม*   ', 5, 1, 2),
(39, '*ทุ่งสองห้อง   ', 5, 1, 2),
(40, 'ท่าแร้ง   ', 5, 1, 2),
(41, 'ออเงิน*   ', 5, 1, 2),
(42, '*บางเขน   ', 5, 1, 2),
(43, 'คลองจั่น   ', 6, 1, 2),
(44, 'วังทองหลาง*   ', 6, 1, 2),
(45, '*ลาดพร้าว   ', 6, 1, 2),
(46, '*คลองกุ่ม   ', 6, 1, 2),
(47, '*สะพานสูง   ', 6, 1, 2),
(48, '*คันนายาว   ', 6, 1, 2),
(49, '*จรเข้บัว   ', 6, 1, 2),
(50, 'หัวหมาก   ', 6, 1, 2),
(51, 'รองเมือง   ', 7, 1, 2),
(52, 'วังใหม่   ', 7, 1, 2),
(53, 'ปทุมวัน   ', 7, 1, 2),
(54, 'ลุมพินี   ', 7, 1, 2),
(55, 'ป้อมปราบ   ', 8, 1, 2),
(56, 'วัดเทพศิรินทร์   ', 8, 1, 2),
(57, 'คลองมหานาค   ', 8, 1, 2),
(58, 'บ้านบาตร   ', 8, 1, 2),
(59, 'วัดโสมนัส   ', 8, 1, 2),
(60, '*นางเลิ้ง   ', 8, 1, 2),
(61, '*คลองเตย   ', 9, 1, 2),
(62, '*คลองตัน   ', 9, 1, 2),
(63, '*พระโขนง   ', 9, 1, 2),
(64, 'บางนา*   ', 9, 1, 2),
(65, 'บางจาก   ', 9, 1, 2),
(66, '*สวนหลวง   ', 9, 1, 2),
(67, '*หนองบอน   ', 9, 1, 2),
(68, '*ประเวศ   ', 9, 1, 2),
(69, '*ดอกไม้   ', 9, 1, 2),
(70, '*พระโขนง   ', 9, 1, 2),
(71, '*คลองตัน   ', 9, 1, 2),
(72, '*คลองเตย   ', 9, 1, 2),
(73, 'มีนบุรี   ', 10, 1, 2),
(74, 'แสนแสบ   ', 10, 1, 2),
(75, 'บางชัน*   ', 10, 1, 2),
(76, 'ทรายกองดิน*   ', 10, 1, 2),
(77, 'ทรายกองดินใต้*   ', 10, 1, 2),
(78, 'สามวาตะวันออก*   ', 10, 1, 2),
(79, 'สามวาตะวันตก*   ', 10, 1, 2),
(80, 'ลาดกระบัง   ', 11, 1, 2),
(81, 'คลองสองต้นนุ่น   ', 11, 1, 2),
(82, 'คลองสามประเวศ   ', 11, 1, 2),
(83, 'ลำปลาทิว   ', 11, 1, 2),
(84, 'ทับยาว   ', 11, 1, 2),
(85, 'ขุมทอง   ', 11, 1, 2),
(86, '*ทุ่งวัดดอน   ', 12, 1, 2),
(87, '*ยานนาวา   ', 12, 1, 2),
(88, 'ช่องนนทรี   ', 12, 1, 2),
(89, 'บางโพงพาง   ', 12, 1, 2),
(90, '*วัดพระยาไกร   ', 12, 1, 2),
(91, '*บางโคล่   ', 12, 1, 2),
(92, '*บางคอแหลม   ', 12, 1, 2),
(93, '*ทุ่งมหาเมฆ   ', 12, 1, 2),
(94, '*บางโคล่   ', 12, 1, 2),
(95, '*บางคอแหลม   ', 12, 1, 2),
(96, 'จักรวรรดิ   ', 13, 1, 2),
(97, 'สัมพันธวงศ์   ', 13, 1, 2),
(98, 'ตลาดน้อย   ', 13, 1, 2),
(99, 'สามเสนใน   ', 14, 1, 2),
(100, '*ถนนเพชรบุรี   ', 14, 1, 2),
(101, '*ทุ่งพญาไท   ', 14, 1, 2),
(102, '*มักกะสัน   ', 14, 1, 2),
(103, '*ถนนพญาไท   ', 14, 1, 2),
(104, '*ทุ่งพญาไท   ', 14, 1, 2),
(105, 'วัดกัลยาณ์   ', 15, 1, 2),
(106, 'หิรัญรูจี   ', 15, 1, 2),
(107, 'บางยี่เรือ   ', 15, 1, 2),
(108, 'บุคคโล   ', 15, 1, 2),
(109, 'ตลาดพลู   ', 15, 1, 2),
(110, 'ดาวคะนอง   ', 15, 1, 2),
(111, 'สำเหร่   ', 15, 1, 2),
(112, '*คลองสาน   ', 15, 1, 2),
(113, 'วัดอรุณ   ', 16, 1, 2),
(114, 'วัดท่าพระ   ', 16, 1, 2),
(115, 'ห้วยขวาง   ', 17, 1, 2),
(116, 'บางกะปิ   ', 17, 1, 2),
(117, '*ดินแดง   ', 17, 1, 2),
(118, 'สามเสนนอก   ', 17, 1, 2),
(119, 'สมเด็จเจ้าพระยา   ', 18, 1, 2),
(120, 'คลองสาน   ', 18, 1, 2),
(121, 'บางลำภูล่าง   ', 18, 1, 2),
(122, 'คลองต้นไทร   ', 18, 1, 2),
(123, 'คลองชักพระ   ', 19, 1, 2),
(124, 'ตลิ่งชัน   ', 19, 1, 2),
(125, 'ฉิมพลี   ', 19, 1, 2),
(126, 'บางพรม   ', 19, 1, 2),
(127, 'บางระมาด   ', 19, 1, 2),
(128, 'ทวีวัฒนา*   ', 19, 1, 2),
(129, 'บางเชือกหนัง   ', 19, 1, 2),
(130, 'ศาลาธรรมสพน์*   ', 19, 1, 2),
(131, '*บางพลัด   ', 20, 1, 2),
(132, '*บางบำหรุ   ', 20, 1, 2),
(133, '*บางอ้อ   ', 20, 1, 2),
(134, 'ศิริราช   ', 20, 1, 2),
(135, 'บ้านช่างหล่อ   ', 20, 1, 2),
(136, 'บางขุนนนท์   ', 20, 1, 2),
(137, 'บางขุนศรี   ', 20, 1, 2),
(138, '*บางยี่ขัน   ', 20, 1, 2),
(139, 'อรุณอมรินทร์   ', 20, 1, 2),
(140, '*บางยี่ขัน   ', 20, 1, 2),
(141, '*บางบำหรุ   ', 20, 1, 2),
(142, '*บางอ้อ   ', 20, 1, 2),
(143, '*บางค้อ   ', 21, 1, 2),
(144, '*จอมทอง   ', 21, 1, 2),
(145, '*บางขุนเทียน   ', 21, 1, 2),
(146, 'บางบอน*   ', 21, 1, 2),
(147, 'ท่าข้าม   ', 21, 1, 2),
(148, '*บางมด   ', 21, 1, 2),
(149, 'แสมดำ   ', 21, 1, 2),
(150, 'บางหว้า   ', 22, 1, 2),
(151, 'บางด้วน   ', 22, 1, 2),
(152, 'บางแค   ', 22, 1, 2),
(153, 'บางแคเหนือ   ', 22, 1, 2),
(154, 'บางไผ่   ', 22, 1, 2),
(155, 'บางจาก   ', 22, 1, 2),
(156, 'บางแวก   ', 22, 1, 2),
(157, 'คลองขวาง   ', 22, 1, 2),
(158, 'ปากคลองภาษีเจริญ   ', 22, 1, 2),
(159, 'คูหาสวรรค์   ', 22, 1, 2),
(160, 'หลักสอง*   ', 23, 1, 2),
(161, 'หนองแขม   ', 23, 1, 2),
(162, 'หนองค้างพลู   ', 23, 1, 2),
(163, 'ราษฎร์บูรณะ   ', 24, 1, 2),
(164, 'บางปะกอก   ', 24, 1, 2),
(165, 'บางมด*   ', 24, 1, 2),
(166, 'ทุ่งครุ*   ', 24, 1, 2),
(167, 'บางพลัด   ', 25, 1, 2),
(168, 'บางอ้อ   ', 25, 1, 2),
(169, 'บางบำหรุ   ', 25, 1, 2),
(170, 'บางยี่ขัน   ', 25, 1, 2),
(171, 'ดินแดง   ', 26, 1, 2),
(172, 'คลองกุ่ม   ', 27, 1, 2),
(173, 'สะพานสูง   ', 27, 1, 2),
(174, 'คันนายาว   ', 27, 1, 2),
(175, 'ทุ่งวัดดอน   ', 28, 1, 2),
(176, 'ยานนาวา   ', 28, 1, 2),
(177, 'ทุ่งมหาเมฆ   ', 28, 1, 2),
(178, 'บางซื่อ   ', 29, 1, 2),
(179, 'ลาดยาว   ', 30, 1, 2),
(180, 'เสนานิคม   ', 30, 1, 2),
(181, 'จันทรเกษม   ', 30, 1, 2),
(182, 'จอมพล   ', 30, 1, 2),
(183, 'จตุจักร   ', 30, 1, 2),
(184, 'บางคอแหลม   ', 31, 1, 2),
(185, 'วัดพระยาไกร   ', 31, 1, 2),
(186, 'บางโคล่   ', 31, 1, 2),
(187, 'ประเวศ   ', 32, 1, 2),
(188, 'หนองบอน   ', 32, 1, 2),
(189, 'ดอกไม้   ', 32, 1, 2),
(190, 'สวนหลวง   ', 32, 1, 2),
(191, 'คลองเตย   ', 33, 1, 2),
(192, 'คลองตัน   ', 33, 1, 2),
(193, 'พระโขนง   ', 33, 1, 2),
(194, 'คลองเตยเหนือ   ', 33, 1, 2),
(195, 'คลองตันเหนือ   ', 33, 1, 2),
(196, 'พระโขนงเหนือ   ', 33, 1, 2),
(197, 'สวนหลวง   ', 34, 1, 2),
(198, 'บางขุนเทียน   ', 35, 1, 2),
(199, 'บางค้อ   ', 35, 1, 2),
(200, 'บางมด   ', 35, 1, 2),
(201, 'จอมทอง   ', 35, 1, 2),
(202, 'ตลาดบางเขน*   ', 36, 1, 2),
(203, 'สีกัน   ', 36, 1, 2),
(204, 'ทุ่งสองห้อง*   ', 36, 1, 2),
(205, 'ทุ่งพญาไท   ', 37, 1, 2),
(206, 'ถนนพญาไท   ', 37, 1, 2),
(207, 'ถนนเพชรบุรี   ', 37, 1, 2),
(208, 'มักกะสัน   ', 37, 1, 2),
(209, 'ลาดพร้าว   ', 38, 1, 2),
(210, 'จรเข้บัว   ', 38, 1, 2),
(211, 'คลองเตยเหนือ   ', 39, 1, 2),
(212, 'คลองตันเหนือ   ', 39, 1, 2),
(213, 'พระโขนงเหนือ   ', 39, 1, 2),
(214, 'บางแค   ', 40, 1, 2),
(215, 'บางแคเหนือ   ', 40, 1, 2),
(216, 'บางไผ่   ', 40, 1, 2),
(217, 'หลักสอง   ', 40, 1, 2),
(218, 'ทุ่งสองห้อง   ', 41, 1, 2),
(219, 'ตลาดบางเขน   ', 41, 1, 2),
(220, 'สายไหม   ', 42, 1, 2),
(221, 'ออเงิน   ', 42, 1, 2),
(222, 'คลองถนน   ', 42, 1, 2),
(223, 'คันนายาว   ', 43, 1, 2),
(224, 'สะพานสูง   ', 44, 1, 2),
(225, 'วังทองหลาง   ', 45, 1, 2),
(226, 'สามวาตะวันตก   ', 46, 1, 2),
(227, 'สามวาตะวันออก   ', 46, 1, 2),
(228, 'บางชัน   ', 46, 1, 2),
(229, 'ทรายกองดิน   ', 46, 1, 2),
(230, 'ทรายกองดินใต้   ', 46, 1, 2),
(231, 'บางนา   ', 47, 1, 2),
(232, 'ทวีวัฒนา   ', 48, 1, 2),
(233, 'ศาลาธรรมสพน์   ', 48, 1, 2),
(234, 'บางมด   ', 49, 1, 2),
(235, 'ทุ่งครุ   ', 49, 1, 2),
(236, 'บางบอน   ', 50, 1, 2),
(237, 'ปากน้ำ   ', 52, 2, 2),
(238, 'สำโรงเหนือ   ', 52, 2, 2),
(239, 'บางเมือง   ', 52, 2, 2),
(240, 'ท้ายบ้าน   ', 52, 2, 2),
(241, '*นาเกลือ   ', 52, 2, 2),
(242, '*แหลมฟ้าผ่า   ', 52, 2, 2),
(243, '*ในคลองบางปลากด   ', 52, 2, 2),
(244, 'บางปูใหม่   ', 52, 2, 2),
(245, '*ปากคลองบางปลากด   ', 52, 2, 2),
(246, 'แพรกษา   ', 52, 2, 2),
(247, 'บางโปรง   ', 52, 2, 2),
(248, 'บางปู   ', 52, 2, 2),
(249, 'บางด้วน   ', 52, 2, 2),
(250, 'บางเมืองใหม่   ', 52, 2, 2),
(251, 'เทพารักษ์   ', 52, 2, 2),
(252, 'ท้ายบ้านใหม่   ', 52, 2, 2),
(253, 'แพรกษาใหม่   ', 52, 2, 2),
(254, '*บางปูเก่า   ', 52, 2, 2),
(255, '*ในคลองบางปลากด   ', 52, 2, 2),
(256, '*ปากคลองบางปลากด   ', 52, 2, 2),
(257, '*แหลมฟ้าผ่า   ', 52, 2, 2),
(258, '*บ้านคลองสวน   ', 52, 2, 2),
(259, '*นาเกลือ   ', 52, 2, 2),
(260, 'บางบ่อ   ', 53, 2, 2),
(261, 'บ้านระกาศ   ', 53, 2, 2),
(262, 'บางพลีน้อย   ', 53, 2, 2),
(263, 'บางเพรียง   ', 53, 2, 2),
(264, 'คลองด่าน   ', 53, 2, 2),
(265, 'คลองสวน   ', 53, 2, 2),
(266, 'เปร็ง   ', 53, 2, 2),
(267, 'คลองนิยมยาตรา   ', 53, 2, 2),
(268, 'คลองนิยม*   ', 53, 2, 2),
(269, 'บางพลีใหญ่   ', 54, 2, 2),
(270, 'บางแก้ว   ', 54, 2, 2),
(271, 'บางปลา   ', 54, 2, 2),
(272, 'บางโฉลง   ', 54, 2, 2),
(273, '*บางเสาธง   ', 54, 2, 2),
(274, '*ศรีษะจรเข้ใหญ่   ', 54, 2, 2),
(275, '*ศรีษะจรเข้น้อย   ', 54, 2, 2),
(276, 'ราชาเทวะ   ', 54, 2, 2),
(277, 'หนองปรือ   ', 54, 2, 2),
(278, 'ตลาด   ', 55, 2, 2),
(279, 'บางพึ่ง   ', 55, 2, 2),
(280, 'บางจาก   ', 55, 2, 2),
(281, 'บางครุ   ', 55, 2, 2),
(282, 'บางหญ้าแพรก   ', 55, 2, 2),
(283, 'บางหัวเสือ   ', 55, 2, 2),
(284, 'สำโรงใต้   ', 55, 2, 2),
(285, 'บางยอ   ', 55, 2, 2),
(286, 'บางกะเจ้า   ', 55, 2, 2),
(287, 'บางน้ำผึ้ง   ', 55, 2, 2),
(288, 'บางกระสอบ   ', 55, 2, 2),
(289, 'บางกอบัว   ', 55, 2, 2),
(290, 'ทรงคนอง   ', 55, 2, 2),
(291, 'สำโรง   ', 55, 2, 2),
(292, 'สำโรงกลาง   ', 55, 2, 2),
(293, 'นาเกลือ   ', 56, 2, 2),
(294, 'บ้านคลองสวน   ', 56, 2, 2),
(295, 'แหลมฟ้าผ่า   ', 56, 2, 2),
(296, 'ปากคลองบางปลากด   ', 56, 2, 2),
(297, 'ในคลองบางปลากด   ', 56, 2, 2),
(298, 'บางเสาธง   ', 57, 2, 2),
(299, 'ศีรษะจรเข้น้อย   ', 57, 2, 2),
(300, 'ศีรษะจรเข้ใหญ่   ', 57, 2, 2),
(301, 'สวนใหญ่   ', 58, 3, 2),
(302, 'ตลาดขวัญ   ', 58, 3, 2),
(303, 'บางเขน   ', 58, 3, 2),
(304, 'บางกระสอ   ', 58, 3, 2),
(305, 'ท่าทราย   ', 58, 3, 2),
(306, 'บางไผ่   ', 58, 3, 2),
(307, 'บางศรีเมือง   ', 58, 3, 2),
(308, 'บางกร่าง   ', 58, 3, 2),
(309, 'ไทรม้า   ', 58, 3, 2),
(310, 'บางรักน้อย   ', 58, 3, 2),
(311, 'วัดชลอ   ', 59, 3, 2),
(312, 'บางกรวย   ', 59, 3, 2),
(313, 'บางสีทอง   ', 59, 3, 2),
(314, 'บางขนุน   ', 59, 3, 2),
(315, 'บางขุนกอง   ', 59, 3, 2),
(316, 'บางคูเวียง   ', 59, 3, 2),
(317, 'มหาสวัสดิ์   ', 59, 3, 2),
(318, 'ปลายบาง   ', 59, 3, 2),
(319, 'ศาลากลาง   ', 59, 3, 2),
(320, 'บางม่วง   ', 60, 3, 2),
(321, 'บางแม่นาง   ', 60, 3, 2),
(322, 'บางเลน   ', 60, 3, 2),
(323, 'เสาธงหิน   ', 60, 3, 2),
(324, 'บางใหญ่   ', 60, 3, 2),
(325, 'บ้านใหม่   ', 60, 3, 2),
(326, 'โสนลอย   ', 61, 3, 2),
(327, 'บางบัวทอง   ', 61, 3, 2),
(328, 'บางรักใหญ่   ', 61, 3, 2),
(329, 'บางคูรัด   ', 61, 3, 2),
(330, 'ละหาร   ', 61, 3, 2),
(331, 'ลำโพ   ', 61, 3, 2),
(332, 'พิมลราช   ', 61, 3, 2),
(333, 'บางรักพัฒนา   ', 61, 3, 2),
(334, 'ไทรน้อย   ', 62, 3, 2),
(335, 'ราษฎร์นิยม   ', 62, 3, 2),
(336, 'หนองเพรางาย   ', 62, 3, 2),
(337, 'ไทรใหญ่   ', 62, 3, 2),
(338, 'ขุนศรี   ', 62, 3, 2),
(339, 'คลองขวาง   ', 62, 3, 2),
(340, 'ทวีวัฒนา   ', 62, 3, 2),
(341, 'ปากเกร็ด   ', 63, 3, 2),
(342, 'บางตลาด   ', 63, 3, 2),
(343, 'บ้านใหม่   ', 63, 3, 2),
(344, 'บางพูด   ', 63, 3, 2),
(345, 'บางตะไนย์   ', 63, 3, 2),
(346, 'คลองพระอุดม   ', 63, 3, 2),
(347, 'ท่าอิฐ   ', 63, 3, 2),
(348, 'เกาะเกร็ด   ', 63, 3, 2),
(349, 'อ้อมเกร็ด   ', 63, 3, 2),
(350, 'คลองข่อย   ', 63, 3, 2),
(351, 'บางพลับ   ', 63, 3, 2),
(352, 'คลองเกลือ   ', 63, 3, 2),
(353, 'บางปรอก   ', 66, 4, 2),
(354, 'บ้านใหม่   ', 66, 4, 2),
(355, 'บ้านกลาง   ', 66, 4, 2),
(356, 'บ้านฉาง   ', 66, 4, 2),
(357, 'บ้านกระแชง   ', 66, 4, 2),
(358, 'บางขะแยง   ', 66, 4, 2),
(359, 'บางคูวัด   ', 66, 4, 2),
(360, 'บางหลวง   ', 66, 4, 2),
(361, 'บางเดื่อ   ', 66, 4, 2),
(362, 'บางพูด   ', 66, 4, 2),
(363, 'บางพูน   ', 66, 4, 2),
(364, 'บางกะดี   ', 66, 4, 2),
(365, 'สวนพริกไทย   ', 66, 4, 2),
(366, 'หลักหก   ', 66, 4, 2),
(367, 'คลองหนึ่ง   ', 67, 4, 2),
(368, 'คลองสอง   ', 67, 4, 2),
(369, 'คลองสาม   ', 67, 4, 2),
(370, 'คลองสี่   ', 67, 4, 2),
(371, 'คลองห้า   ', 67, 4, 2),
(372, 'คลองหก   ', 67, 4, 2),
(373, 'คลองเจ็ด   ', 67, 4, 2),
(374, 'ประชาธิปัตย์   ', 68, 4, 2),
(375, 'บึงยี่โถ   ', 68, 4, 2),
(376, 'รังสิต   ', 68, 4, 2),
(377, 'ลำผักกูด   ', 68, 4, 2),
(378, 'บึงสนั่น   ', 68, 4, 2),
(379, 'บึงน้ำรักษ์   ', 68, 4, 2),
(380, 'บึงบา   ', 69, 4, 2),
(381, 'บึงบอน   ', 69, 4, 2),
(382, 'บึงกาสาม   ', 69, 4, 2),
(383, 'บึงชำอ้อ   ', 69, 4, 2),
(384, 'หนองสามวัง   ', 69, 4, 2),
(385, 'ศาลาครุ   ', 69, 4, 2),
(386, 'นพรัตน์   ', 69, 4, 2),
(387, 'ระแหง   ', 70, 4, 2),
(388, 'ลาดหลุมแก้ว   ', 70, 4, 2),
(389, 'คูบางหลวง   ', 70, 4, 2),
(390, 'คูขวาง   ', 70, 4, 2),
(391, 'คลองพระอุดม   ', 70, 4, 2),
(392, 'บ่อเงิน   ', 70, 4, 2),
(393, 'หน้าไม้   ', 70, 4, 2),
(394, 'คูคต   ', 71, 4, 2),
(395, 'ลาดสวาย   ', 71, 4, 2),
(396, 'บึงคำพร้อย   ', 71, 4, 2),
(397, 'ลำลูกกา   ', 71, 4, 2),
(398, 'บึงทองหลาง   ', 71, 4, 2),
(399, 'ลำไทร   ', 71, 4, 2),
(400, 'บึงคอไห   ', 71, 4, 2),
(401, 'พืชอุดม   ', 71, 4, 2),
(402, 'บางเตย   ', 72, 4, 2),
(403, 'คลองควาย   ', 72, 4, 2),
(404, 'สามโคก   ', 72, 4, 2),
(405, 'กระแชง   ', 72, 4, 2),
(406, 'บางโพธิ์เหนือ   ', 72, 4, 2),
(407, 'เชียงรากใหญ่   ', 72, 4, 2),
(408, 'บ้านปทุม   ', 72, 4, 2),
(409, 'บ้านงิ้ว   ', 72, 4, 2),
(410, 'เชียงรากน้อย   ', 72, 4, 2),
(411, 'บางกระบือ   ', 72, 4, 2),
(412, 'ท้ายเกาะ   ', 72, 4, 2),
(413, 'ประตูชัย   ', 74, 5, 2),
(414, 'กะมัง   ', 74, 5, 2),
(415, 'หอรัตนไชย   ', 74, 5, 2),
(416, 'หัวรอ   ', 74, 5, 2),
(417, 'ท่าวาสุกรี   ', 74, 5, 2),
(418, 'ไผ่ลิง   ', 74, 5, 2),
(419, 'ปากกราน   ', 74, 5, 2),
(420, 'ภูเขาทอง   ', 74, 5, 2),
(421, 'สำเภาล่ม   ', 74, 5, 2),
(422, 'สวนพริก   ', 74, 5, 2),
(423, 'คลองตะเคียน   ', 74, 5, 2),
(424, 'วัดตูม   ', 74, 5, 2),
(425, 'หันตรา   ', 74, 5, 2),
(426, 'ลุมพลี   ', 74, 5, 2),
(427, 'บ้านใหม่   ', 74, 5, 2),
(428, 'บ้านเกาะ   ', 74, 5, 2),
(429, 'คลองสวนพลู   ', 74, 5, 2),
(430, 'คลองสระบัว   ', 74, 5, 2),
(431, 'เกาะเรียน   ', 74, 5, 2),
(432, 'บ้านป้อม   ', 74, 5, 2),
(433, 'บ้านรุน   ', 74, 5, 2),
(434, '*จำปา   ', 74, 5, 2),
(435, 'ท่าเรือ   ', 75, 5, 2),
(436, 'จำปา   ', 75, 5, 2),
(437, 'ท่าหลวง   ', 75, 5, 2),
(438, 'บ้านร่อม   ', 75, 5, 2),
(439, 'ศาลาลอย   ', 75, 5, 2),
(440, 'วังแดง   ', 75, 5, 2),
(441, 'โพธิ์เอน   ', 75, 5, 2),
(442, 'ปากท่า   ', 75, 5, 2),
(443, 'หนองขนาก   ', 75, 5, 2),
(444, 'ท่าเจ้าสนุก   ', 75, 5, 2),
(445, 'นครหลวง   ', 76, 5, 2),
(446, 'ท่าช้าง   ', 76, 5, 2),
(447, 'บ่อโพง   ', 76, 5, 2),
(448, 'บ้านชุ้ง   ', 76, 5, 2),
(449, 'ปากจั่น   ', 76, 5, 2),
(450, 'บางระกำ   ', 76, 5, 2),
(451, 'บางพระครู   ', 76, 5, 2),
(452, 'แม่ลา   ', 76, 5, 2),
(453, 'หนองปลิง   ', 76, 5, 2),
(454, 'คลองสะแก   ', 76, 5, 2),
(455, 'สามไถ   ', 76, 5, 2),
(456, 'พระนอน   ', 76, 5, 2),
(457, 'บางไทร   ', 77, 5, 2),
(458, 'บางพลี   ', 77, 5, 2),
(459, 'สนามชัย   ', 77, 5, 2),
(460, 'บ้านแป้ง   ', 77, 5, 2),
(461, 'หน้าไม้   ', 77, 5, 2),
(462, 'บางยี่โท   ', 77, 5, 2),
(463, 'แคออก   ', 77, 5, 2),
(464, 'แคตก   ', 77, 5, 2),
(465, 'ช่างเหล็ก   ', 77, 5, 2),
(466, 'กระแชง   ', 77, 5, 2),
(467, 'บ้านกลึง   ', 77, 5, 2),
(468, 'ช้างน้อย   ', 77, 5, 2),
(469, 'ห่อหมก   ', 77, 5, 2),
(470, 'ไผ่พระ   ', 77, 5, 2),
(471, 'กกแก้วบูรพา   ', 77, 5, 2),
(472, 'ไม้ตรา   ', 77, 5, 2),
(473, 'บ้านม้า   ', 77, 5, 2),
(474, 'บ้านเกาะ   ', 77, 5, 2),
(475, 'ราชคราม   ', 77, 5, 2),
(476, 'ช้างใหญ่   ', 77, 5, 2),
(477, 'โพแตง   ', 77, 5, 2),
(478, 'เชียงรากน้อย   ', 77, 5, 2),
(479, 'โคกช้าง   ', 77, 5, 2),
(480, 'บางบาล   ', 78, 5, 2),
(481, 'วัดยม   ', 78, 5, 2),
(482, 'ไทรน้อย   ', 78, 5, 2),
(483, 'สะพานไทย   ', 78, 5, 2),
(484, 'มหาพราหมณ์   ', 78, 5, 2),
(485, 'กบเจา   ', 78, 5, 2),
(486, 'บ้านคลัง   ', 78, 5, 2),
(487, 'พระขาว   ', 78, 5, 2),
(488, 'น้ำเต้า   ', 78, 5, 2),
(489, 'ทางช้าง   ', 78, 5, 2),
(490, 'วัดตะกู   ', 78, 5, 2),
(491, 'บางหลวง   ', 78, 5, 2),
(492, 'บางหลวงโดด   ', 78, 5, 2),
(493, 'บางหัก   ', 78, 5, 2),
(494, 'บางชะนี   ', 78, 5, 2),
(495, 'บ้านกุ่ม   ', 78, 5, 2),
(496, 'บ้านเลน   ', 79, 5, 2),
(497, 'เชียงรากน้อย   ', 79, 5, 2),
(498, 'บ้านโพ   ', 79, 5, 2),
(499, 'บ้านกรด   ', 79, 5, 2),
(500, 'บางกระสั้น   ', 79, 5, 2),
(501, 'คลองจิก   ', 79, 5, 2),
(502, 'บ้านหว้า   ', 79, 5, 2),
(503, 'วัดยม   ', 79, 5, 2),
(504, 'บางประแดง   ', 79, 5, 2),
(505, 'สามเรือน   ', 79, 5, 2),
(506, 'เกาะเกิด   ', 79, 5, 2),
(507, 'บ้านพลับ   ', 79, 5, 2),
(508, 'บ้านแป้ง   ', 79, 5, 2),
(509, 'คุ้งลาน   ', 79, 5, 2),
(510, 'ตลิ่งชัน   ', 79, 5, 2),
(511, 'บ้านสร้าง   ', 79, 5, 2),
(512, 'ตลาดเกรียบ   ', 79, 5, 2),
(513, 'ขนอนหลวง   ', 79, 5, 2),
(514, 'บางปะหัน   ', 80, 5, 2),
(515, 'ขยาย   ', 80, 5, 2),
(516, 'บางเดื่อ   ', 80, 5, 2),
(517, 'เสาธง   ', 80, 5, 2),
(518, 'ทางกลาง   ', 80, 5, 2),
(519, 'บางเพลิง   ', 80, 5, 2),
(520, 'หันสัง   ', 80, 5, 2),
(521, 'บางนางร้า   ', 80, 5, 2),
(522, 'ตานิม   ', 80, 5, 2),
(523, 'ทับน้ำ   ', 80, 5, 2),
(524, 'บ้านม้า   ', 80, 5, 2),
(525, 'ขวัญเมือง   ', 80, 5, 2),
(526, 'บ้านลี่   ', 80, 5, 2),
(527, 'โพธิ์สามต้น   ', 80, 5, 2),
(528, 'พุทเลา   ', 80, 5, 2),
(529, 'ตาลเอน   ', 80, 5, 2),
(530, 'บ้านขล้อ   ', 80, 5, 2),
(531, 'ผักไห่   ', 81, 5, 2),
(532, 'อมฤต   ', 81, 5, 2),
(533, 'บ้านแค   ', 81, 5, 2),
(534, 'ลาดน้ำเค็ม   ', 81, 5, 2),
(535, 'ตาลาน   ', 81, 5, 2),
(536, 'ท่าดินแดง   ', 81, 5, 2),
(537, 'ดอนลาน   ', 81, 5, 2),
(538, 'นาคู   ', 81, 5, 2),
(539, 'กุฎี   ', 81, 5, 2),
(540, 'ลำตะเคียน   ', 81, 5, 2),
(541, 'โคกช้าง   ', 81, 5, 2),
(542, 'จักราช   ', 81, 5, 2),
(543, 'หนองน้ำใหญ่   ', 81, 5, 2),
(544, 'ลาดชิด   ', 81, 5, 2),
(545, 'หน้าโคก   ', 81, 5, 2),
(546, 'บ้านใหญ่   ', 81, 5, 2),
(547, 'ภาชี   ', 82, 5, 2),
(548, 'โคกม่วง   ', 82, 5, 2),
(549, 'ระโสม   ', 82, 5, 2),
(550, 'หนองน้ำใส   ', 82, 5, 2),
(551, 'ดอนหญ้านาง   ', 82, 5, 2),
(552, 'ไผ่ล้อม   ', 82, 5, 2),
(553, 'กระจิว   ', 82, 5, 2),
(554, 'พระแก้ว   ', 82, 5, 2),
(555, 'ลาดบัวหลวง   ', 83, 5, 2),
(556, 'หลักชัย   ', 83, 5, 2),
(557, 'สามเมือง   ', 83, 5, 2),
(558, 'พระยาบันลือ   ', 83, 5, 2),
(559, 'สิงหนาท   ', 83, 5, 2),
(560, 'คู้สลอด   ', 83, 5, 2),
(561, 'คลองพระยาบันลือ   ', 83, 5, 2),
(562, 'ลำตาเสา   ', 84, 5, 2),
(563, 'บ่อตาโล่   ', 84, 5, 2),
(564, 'วังน้อย   ', 84, 5, 2),
(565, 'ลำไทร   ', 84, 5, 2),
(566, 'สนับทึบ   ', 84, 5, 2),
(567, 'พยอม   ', 84, 5, 2),
(568, 'หันตะเภา   ', 84, 5, 2),
(569, 'วังจุฬา   ', 84, 5, 2),
(570, 'ข้าวงาม   ', 84, 5, 2),
(571, 'ชะแมบ   ', 84, 5, 2),
(572, 'เสนา   ', 85, 5, 2),
(573, 'บ้านแพน   ', 85, 5, 2),
(574, 'เจ้าเจ็ด   ', 85, 5, 2),
(575, 'สามกอ   ', 85, 5, 2),
(576, 'บางนมโค   ', 85, 5, 2),
(577, 'หัวเวียง   ', 85, 5, 2),
(578, 'มารวิชัย   ', 85, 5, 2),
(579, 'บ้านโพธิ์   ', 85, 5, 2),
(580, 'รางจรเข้   ', 85, 5, 2),
(581, 'บ้านกระทุ่ม   ', 85, 5, 2),
(582, 'บ้านแถว   ', 85, 5, 2),
(583, 'ชายนา   ', 85, 5, 2),
(584, 'สามตุ่ม   ', 85, 5, 2),
(585, 'ลาดงา   ', 85, 5, 2),
(586, 'ดอนทอง   ', 85, 5, 2),
(587, 'บ้านหลวง   ', 85, 5, 2),
(588, 'เจ้าเสด็จ   ', 85, 5, 2),
(589, 'บางซ้าย   ', 86, 5, 2),
(590, 'แก้วฟ้า   ', 86, 5, 2),
(591, 'เต่าเล่า   ', 86, 5, 2),
(592, 'ปลายกลัด   ', 86, 5, 2),
(593, 'เทพมงคล   ', 86, 5, 2),
(594, 'วังพัฒนา   ', 86, 5, 2),
(595, 'คานหาม   ', 87, 5, 2),
(596, 'บ้านช้าง   ', 87, 5, 2),
(597, 'สามบัณฑิต   ', 87, 5, 2),
(598, 'บ้านหีบ   ', 87, 5, 2),
(599, 'หนองไม้ซุง   ', 87, 5, 2),
(600, 'อุทัย   ', 87, 5, 2),
(601, 'เสนา   ', 87, 5, 2),
(602, 'หนองน้ำส้ม   ', 87, 5, 2),
(603, 'โพสาวหาญ   ', 87, 5, 2),
(604, 'ธนู   ', 87, 5, 2),
(605, 'ข้าวเม่า   ', 87, 5, 2),
(606, 'หัวไผ่   ', 88, 5, 2),
(607, 'กะทุ่ม   ', 88, 5, 2),
(608, 'มหาราช   ', 88, 5, 2),
(609, 'น้ำเต้า   ', 88, 5, 2),
(610, 'บางนา   ', 88, 5, 2),
(611, 'โรงช้าง   ', 88, 5, 2),
(612, 'เจ้าปลุก   ', 88, 5, 2),
(613, 'พิตเพียน   ', 88, 5, 2),
(614, 'บ้านนา   ', 88, 5, 2),
(615, 'บ้านขวาง   ', 88, 5, 2),
(616, 'ท่าตอ   ', 88, 5, 2),
(617, 'บ้านใหม่   ', 88, 5, 2),
(618, 'บ้านแพรก   ', 89, 5, 2),
(619, 'บ้านใหม่   ', 89, 5, 2),
(620, 'สำพะเนียง   ', 89, 5, 2),
(621, 'คลองน้อย   ', 89, 5, 2),
(622, 'สองห้อง   ', 89, 5, 2),
(623, 'ตลาดหลวง   ', 90, 6, 2),
(624, 'บางแก้ว   ', 90, 6, 2),
(625, 'ศาลาแดง   ', 90, 6, 2),
(626, 'ป่างิ้ว   ', 90, 6, 2),
(627, 'บ้านแห   ', 90, 6, 2),
(628, 'ตลาดกรวด   ', 90, 6, 2),
(629, 'มหาดไทย   ', 90, 6, 2),
(630, 'บ้านอิฐ   ', 90, 6, 2),
(631, 'หัวไผ่   ', 90, 6, 2),
(632, 'จำปาหล่อ   ', 90, 6, 2),
(633, 'โพสะ   ', 90, 6, 2),
(634, 'บ้านรี   ', 90, 6, 2),
(635, 'คลองวัว   ', 90, 6, 2),
(636, 'ย่านซื่อ   ', 90, 6, 2),
(637, 'จรเข้ร้อง   ', 91, 6, 2),
(638, 'ไชยภูมิ   ', 91, 6, 2),
(639, 'ชัยฤทธิ์   ', 91, 6, 2),
(640, 'เทวราช   ', 91, 6, 2),
(641, 'ราชสถิตย์   ', 91, 6, 2),
(642, 'ไชโย   ', 91, 6, 2),
(643, 'หลักฟ้า   ', 91, 6, 2),
(644, 'ชะไว   ', 91, 6, 2),
(645, 'ตรีณรงค์   ', 91, 6, 2),
(646, 'บางปลากด   ', 92, 6, 2),
(647, 'ป่าโมก   ', 92, 6, 2),
(648, 'สายทอง   ', 92, 6, 2),
(649, 'โรงช้าง   ', 92, 6, 2),
(650, 'บางเสด็จ   ', 92, 6, 2),
(651, 'นรสิงห์   ', 92, 6, 2),
(652, 'เอกราช   ', 92, 6, 2),
(653, 'โผงเผง   ', 92, 6, 2),
(654, 'อ่างแก้ว   ', 93, 6, 2),
(655, 'อินทประมูล   ', 93, 6, 2),
(656, 'บางพลับ   ', 93, 6, 2),
(657, 'หนองแม่ไก่   ', 93, 6, 2),
(658, 'รำมะสัก   ', 93, 6, 2),
(659, 'บางระกำ   ', 93, 6, 2),
(660, 'โพธิ์รังนก   ', 93, 6, 2),
(661, 'องครักษ์   ', 93, 6, 2),
(662, 'โคกพุทรา   ', 93, 6, 2),
(663, 'ยางช้าย   ', 93, 6, 2),
(664, 'บ่อแร่   ', 93, 6, 2),
(665, 'ทางพระ   ', 93, 6, 2),
(666, 'สามง่าม   ', 93, 6, 2),
(667, 'บางเจ้าฉ่า   ', 93, 6, 2),
(668, 'คำหยาด   ', 93, 6, 2),
(669, 'แสวงหา   ', 94, 6, 2),
(670, 'ศรีพราน   ', 94, 6, 2),
(671, 'บ้านพราน   ', 94, 6, 2),
(672, 'วังน้ำเย็น   ', 94, 6, 2),
(673, 'สีบัวทอง   ', 94, 6, 2),
(674, 'ห้วยไผ่   ', 94, 6, 2),
(675, 'จำลอง   ', 94, 6, 2),
(676, 'ไผ่จำศิล   ', 95, 6, 2),
(677, 'ศาลเจ้าโรงทอง   ', 95, 6, 2),
(678, 'ไผ่ดำพัฒนา   ', 95, 6, 2),
(679, 'สาวร้องไห้   ', 95, 6, 2),
(680, 'ท่าช้าง   ', 95, 6, 2),
(681, 'ยี่ล้น   ', 95, 6, 2),
(682, 'บางจัก   ', 95, 6, 2),
(683, 'ห้วยคันแหลน   ', 95, 6, 2),
(684, 'คลองขนาก   ', 95, 6, 2),
(685, 'ไผ่วง   ', 95, 6, 2),
(686, 'สี่ร้อย   ', 95, 6, 2),
(687, 'ม่วงเตี้ย   ', 95, 6, 2),
(688, 'หัวตะพาน   ', 95, 6, 2),
(689, 'หลักแก้ว   ', 95, 6, 2),
(690, 'ตลาดใหม่   ', 95, 6, 2),
(691, 'สามโก้   ', 96, 6, 2),
(692, 'ราษฎรพัฒนา   ', 96, 6, 2),
(693, 'อบทม   ', 96, 6, 2),
(694, 'โพธิ์ม่วงพันธ์   ', 96, 6, 2),
(695, 'มงคลธรรมนิมิต   ', 96, 6, 2),
(696, 'ทะเลชุบศร   ', 97, 7, 2),
(697, 'ท่าหิน   ', 97, 7, 2),
(698, 'กกโก   ', 97, 7, 2),
(699, 'โก่งธนู   ', 97, 7, 2),
(700, 'เขาพระงาม   ', 97, 7, 2),
(701, 'เขาสามยอด   ', 97, 7, 2),
(702, 'โคกกะเทียม   ', 97, 7, 2),
(703, 'โคกลำพาน   ', 97, 7, 2),
(704, 'โคกตูม   ', 97, 7, 2),
(705, 'งิ้วราย   ', 97, 7, 2),
(706, 'ดอนโพธิ์   ', 97, 7, 2),
(707, 'ตะลุง   ', 97, 7, 2),
(708, '*ทะเลชุบศร   ', 97, 7, 2),
(709, 'ท่าแค   ', 97, 7, 2),
(710, 'ท่าศาลา   ', 97, 7, 2),
(711, 'นิคมสร้างตนเอง   ', 97, 7, 2),
(712, 'บางขันหมาก   ', 97, 7, 2),
(713, 'บ้านข่อย   ', 97, 7, 2),
(714, 'ท้ายตลาด   ', 97, 7, 2),
(715, 'ป่าตาล   ', 97, 7, 2),
(716, 'พรหมมาสตร์   ', 97, 7, 2),
(717, 'โพธิ์เก้าต้น   ', 97, 7, 2),
(718, 'โพธิ์ตรุ   ', 97, 7, 2),
(719, 'สี่คลอง   ', 97, 7, 2),
(720, 'ถนนใหญ่   ', 97, 7, 2),
(721, 'พัฒนานิคม   ', 98, 7, 2),
(722, 'ช่องสาริกา   ', 98, 7, 2),
(723, 'มะนาวหวาน   ', 98, 7, 2),
(724, 'ดีลัง   ', 98, 7, 2),
(725, 'โคกสลุง   ', 98, 7, 2),
(726, 'ชอนน้อย   ', 98, 7, 2),
(727, 'หนองบัว   ', 98, 7, 2),
(728, 'ห้วยขุนราม   ', 98, 7, 2),
(729, 'น้ำสุด   ', 98, 7, 2),
(730, 'โคกสำโรง   ', 99, 7, 2),
(731, 'เกาะแก้ว   ', 99, 7, 2),
(732, 'ถลุงเหล็ก   ', 99, 7, 2),
(733, 'หลุมข้าว   ', 99, 7, 2),
(734, 'ห้วยโป่ง   ', 99, 7, 2),
(735, 'คลองเกตุ   ', 99, 7, 2),
(736, 'สะแกราบ   ', 99, 7, 2),
(737, 'เพนียด   ', 99, 7, 2),
(738, 'วังเพลิง   ', 99, 7, 2),
(739, 'ดงมะรุม   ', 99, 7, 2),
(740, '*ชอนสารเดช   ', 99, 7, 2),
(741, '*หนองม่วง   ', 99, 7, 2),
(742, '*บ่อทอง   ', 99, 7, 2),
(743, '*ยางโทน   ', 99, 7, 2),
(744, '*ชอนสมบูรณ์   ', 99, 7, 2),
(745, '*โคกเจริญ   ', 99, 7, 2),
(746, '*ยางราก   ', 99, 7, 2),
(747, 'วังขอนขว้าง   ', 99, 7, 2),
(748, '*ดงดินแดง   ', 99, 7, 2),
(749, 'วังจั่น   ', 99, 7, 2),
(750, '*หนองมะค่า   ', 99, 7, 2),
(751, 'หนองแขม   ', 99, 7, 2),
(752, '*วังทอง   ', 99, 7, 2),
(753, '*ชอนสารเดช   ', 99, 7, 2),
(754, '*ยางโทน   ', 99, 7, 2),
(755, '*ชอนสมบูรณ์   ', 99, 7, 2),
(756, '*ดงดินแดง   ', 99, 7, 2),
(757, '*บ่อทอง   ', 99, 7, 2),
(758, '*หนองม่วง   ', 99, 7, 2),
(759, '*ยางราก   ', 99, 7, 2),
(760, '*โคกเจริญ   ', 99, 7, 2),
(761, '*ทุ่งท่าช้าง   ', 99, 7, 2),
(762, '*มหาโพธิ์   ', 99, 7, 2),
(763, '*สระโบสถ์   ', 99, 7, 2),
(764, 'ลำนารายณ์   ', 100, 7, 2),
(765, 'ชัยนารายณ์   ', 100, 7, 2),
(766, 'ศิลาทิพย์   ', 100, 7, 2),
(767, 'ห้วยหิน   ', 100, 7, 2),
(768, 'ม่วงค่อม   ', 100, 7, 2),
(769, 'บัวชุม   ', 100, 7, 2),
(770, 'ท่าดินดำ   ', 100, 7, 2),
(771, 'มะกอกหวาน   ', 100, 7, 2),
(772, 'ซับตะเคียน   ', 100, 7, 2),
(773, 'นาโสม   ', 100, 7, 2),
(774, 'หนองยายโต๊ะ   ', 100, 7, 2),
(775, 'เกาะรัง   ', 100, 7, 2),
(776, '*หนองรี   ', 100, 7, 2),
(777, 'ท่ามะนาว   ', 100, 7, 2),
(778, '*กุดตาเพชร   ', 100, 7, 2),
(779, '*ลำสนธิ   ', 100, 7, 2),
(780, 'นิคมลำนารายณ์   ', 100, 7, 2),
(781, 'ชัยบาดาล   ', 100, 7, 2),
(782, 'บ้านใหม่สามัคคี   ', 100, 7, 2),
(783, '*ซับสมบูรณ์   ', 100, 7, 2),
(784, '*เขารวก   ', 100, 7, 2),
(785, 'เขาแหลม   ', 100, 7, 2),
(786, '*เขาฉกรรจ์   ', 100, 7, 2),
(787, '*กุดตาเพชร   ', 100, 7, 2),
(788, '*หนองรี   ', 100, 7, 2),
(789, '*ลำสนธิ   ', 100, 7, 2),
(790, '*หนองผักแว่น   ', 100, 7, 2),
(791, '*ซับจำปา   ', 100, 7, 2),
(792, '*แก่งผักกูด   ', 100, 7, 2),
(793, '*ท่าหลวง   ', 100, 7, 2),
(794, 'ท่าวุ้ง   ', 101, 7, 2),
(795, 'บางคู้   ', 101, 7, 2),
(796, 'โพตลาดแก้ว   ', 101, 7, 2),
(797, 'บางลี่   ', 101, 7, 2),
(798, 'บางงา   ', 101, 7, 2),
(799, 'โคกสลุด   ', 101, 7, 2),
(800, 'เขาสมอคอน   ', 101, 7, 2),
(801, 'หัวสำโรง   ', 101, 7, 2),
(802, 'ลาดสาลี่   ', 101, 7, 2),
(803, 'บ้านเบิก   ', 101, 7, 2),
(804, 'มุจลินท์   ', 101, 7, 2),
(805, 'ไผ่ใหญ่   ', 102, 7, 2),
(806, 'บ้านทราย   ', 102, 7, 2),
(807, 'บ้านกล้วย   ', 102, 7, 2),
(808, 'ดงพลับ   ', 102, 7, 2),
(809, 'บ้านชี   ', 102, 7, 2),
(810, 'พุคา   ', 102, 7, 2),
(811, 'หินปัก   ', 102, 7, 2),
(812, 'บางพึ่ง   ', 102, 7, 2),
(813, 'หนองทรายขาว   ', 102, 7, 2),
(814, 'บางกะพี้   ', 102, 7, 2),
(815, 'หนองเต่า   ', 102, 7, 2),
(816, 'โพนทอง   ', 102, 7, 2),
(817, 'บางขาม   ', 102, 7, 2),
(818, 'ดอนดึง   ', 102, 7, 2),
(819, 'ชอนม่วง   ', 102, 7, 2),
(820, 'หนองกระเบียน   ', 102, 7, 2),
(821, 'สายห้วยแก้ว   ', 102, 7, 2),
(822, 'มหาสอน   ', 102, 7, 2),
(823, 'บ้านหมี่   ', 102, 7, 2),
(824, 'เชียงงา   ', 102, 7, 2),
(825, 'หนองเมือง   ', 102, 7, 2),
(826, 'สนามแจง   ', 102, 7, 2),
(827, 'ท่าหลวง   ', 103, 7, 2),
(828, 'แก่งผักกูด   ', 103, 7, 2),
(829, 'ซับจำปา   ', 103, 7, 2),
(830, 'หนองผักแว่น   ', 103, 7, 2),
(831, 'ทะเลวังวัด   ', 103, 7, 2),
(832, 'หัวลำ   ', 103, 7, 2),
(833, 'สระโบสถ์   ', 104, 7, 2),
(834, 'มหาโพธิ   ', 104, 7, 2),
(835, 'ทุ่งท่าช้าง   ', 104, 7, 2),
(836, 'ห้วยใหญ่   ', 104, 7, 2),
(837, 'นิยมชัย   ', 104, 7, 2),
(838, 'โคกเจริญ   ', 105, 7, 2),
(839, 'ยางราก   ', 105, 7, 2),
(840, 'หนองมะค่า   ', 105, 7, 2),
(841, 'วังทอง   ', 105, 7, 2),
(842, 'โคกแสมสาร   ', 105, 7, 2),
(843, 'ลำสนธิ   ', 106, 7, 2),
(844, 'ซับสมบูรณ์   ', 106, 7, 2),
(845, 'หนองรี   ', 106, 7, 2),
(846, 'กุดตาเพชร   ', 106, 7, 2),
(847, 'เขารวก   ', 106, 7, 2),
(848, 'เขาน้อย   ', 106, 7, 2),
(849, 'หนองม่วง   ', 107, 7, 2),
(850, 'บ่อทอง   ', 107, 7, 2),
(851, 'ดงดินแดง   ', 107, 7, 2),
(852, 'ชอนสมบูรณ์   ', 107, 7, 2),
(853, 'ยางโทน   ', 107, 7, 2),
(854, 'ชอนสารเดช   ', 107, 7, 2),
(855, 'บางพุทรา   ', 109, 8, 2),
(856, 'บางมัญ   ', 109, 8, 2),
(857, 'โพกรวม   ', 109, 8, 2),
(858, 'ม่วงหมู่   ', 109, 8, 2),
(859, 'หัวไผ่   ', 109, 8, 2),
(860, 'ต้นโพธิ์   ', 109, 8, 2),
(861, 'จักรสีห์   ', 109, 8, 2),
(862, 'บางกระบือ   ', 109, 8, 2),
(863, 'สิงห์   ', 110, 8, 2),
(864, 'ไม้ดัด   ', 110, 8, 2),
(865, 'เชิงกลัด   ', 110, 8, 2),
(866, 'โพชนไก่   ', 110, 8, 2),
(867, 'แม่ลา   ', 110, 8, 2),
(868, 'บ้านจ่า   ', 110, 8, 2),
(869, 'พักทัน   ', 110, 8, 2),
(870, 'สระแจง   ', 110, 8, 2),
(871, 'โพทะเล   ', 111, 8, 2),
(872, 'บางระจัน   ', 111, 8, 2),
(873, 'โพสังโฆ   ', 111, 8, 2),
(874, 'ท่าข้าม   ', 111, 8, 2),
(875, 'คอทราย   ', 111, 8, 2),
(876, 'หนองกระทุ่ม   ', 111, 8, 2),
(877, 'พระงาม   ', 112, 8, 2),
(878, 'พรหมบุรี   ', 112, 8, 2),
(879, 'บางน้ำเชี่ยว   ', 112, 8, 2),
(880, 'บ้านหม้อ   ', 112, 8, 2),
(881, 'บ้านแป้ง   ', 112, 8, 2),
(882, 'หัวป่า   ', 112, 8, 2),
(883, 'โรงช้าง   ', 112, 8, 2),
(884, 'ถอนสมอ   ', 113, 8, 2),
(885, 'โพประจักษ์   ', 113, 8, 2),
(886, 'วิหารขาว   ', 113, 8, 2),
(887, 'พิกุลทอง   ', 113, 8, 2),
(888, 'อินทร์บุรี   ', 114, 8, 2),
(889, 'ประศุก   ', 114, 8, 2),
(890, 'ทับยา   ', 114, 8, 2),
(891, 'งิ้วราย   ', 114, 8, 2),
(892, 'ชีน้ำร้าย   ', 114, 8, 2),
(893, 'ท่างาม   ', 114, 8, 2),
(894, 'น้ำตาล   ', 114, 8, 2),
(895, 'ทองเอน   ', 114, 8, 2),
(896, 'ห้วยชัน   ', 114, 8, 2),
(897, 'โพธิ์ชัย   ', 114, 8, 2),
(898, 'ในเมือง   ', 115, 9, 2),
(899, 'บ้านกล้วย   ', 115, 9, 2),
(900, 'ท่าชัย   ', 115, 9, 2),
(901, 'ชัยนาท   ', 115, 9, 2),
(902, 'เขาท่าพระ   ', 115, 9, 2),
(903, 'หาดท่าเสา   ', 115, 9, 2),
(904, 'ธรรมามูล   ', 115, 9, 2),
(905, 'เสือโฮก   ', 115, 9, 2),
(906, 'นางลือ   ', 115, 9, 2),
(907, 'คุ้งสำเภา   ', 116, 9, 2),
(908, 'วัดโคก   ', 116, 9, 2),
(909, 'ศิลาดาน   ', 116, 9, 2),
(910, 'ท่าฉนวน   ', 116, 9, 2),
(911, 'หางน้ำสาคร   ', 116, 9, 2),
(912, 'ไร่พัฒนา   ', 116, 9, 2),
(913, 'อู่ตะเภา   ', 116, 9, 2),
(914, 'วัดสิงห์   ', 117, 9, 2),
(915, 'มะขามเฒ่า   ', 117, 9, 2),
(916, 'หนองน้อย   ', 117, 9, 2),
(917, 'หนองบัว   ', 117, 9, 2),
(918, 'หนองมะโมง*   ', 117, 9, 2),
(919, 'หนองขุ่น   ', 117, 9, 2),
(920, 'บ่อแร่   ', 117, 9, 2),
(921, 'กุดจอก*   ', 117, 9, 2),
(922, 'วังตะเคียน*   ', 117, 9, 2),
(923, 'สะพานหิน*   ', 117, 9, 2),
(924, 'วังหมัน   ', 117, 9, 2),
(925, 'สรรพยา   ', 118, 9, 2),
(926, 'ตลุก   ', 118, 9, 2),
(927, 'เขาแก้ว   ', 118, 9, 2),
(928, 'โพนางดำตก   ', 118, 9, 2),
(929, 'โพนางดำออก   ', 118, 9, 2),
(930, 'บางหลวง   ', 118, 9, 2),
(931, 'หาดอาษา   ', 118, 9, 2),
(932, 'แพรกศรีราชา   ', 119, 9, 2),
(933, 'เที่ยงแท้   ', 119, 9, 2),
(934, 'ห้วยกรด   ', 119, 9, 2),
(935, 'โพงาม   ', 119, 9, 2),
(936, 'บางขุด   ', 119, 9, 2),
(937, 'ดงคอน   ', 119, 9, 2),
(938, 'ดอนกำ   ', 119, 9, 2),
(939, 'ห้วยกรดพัฒนา   ', 119, 9, 2),
(940, 'หันคา   ', 120, 9, 2),
(941, 'บ้านเชี่ยน   ', 120, 9, 2),
(942, 'เนินขาม*   ', 120, 9, 2),
(943, 'สุขเดือนห้า*   ', 120, 9, 2),
(944, 'ไพรนกยูง   ', 120, 9, 2),
(945, 'หนองแซง   ', 120, 9, 2),
(946, 'ห้วยงู   ', 120, 9, 2),
(947, 'วังไก่เถื่อน   ', 120, 9, 2),
(948, 'เด่นใหญ่   ', 120, 9, 2),
(949, 'กะบกเตี้ย*   ', 120, 9, 2),
(950, 'สามง่ามท่าโบสถ์   ', 120, 9, 2),
(951, 'หนองมะโมง   ', 121, 9, 2),
(952, 'วังตะเคียน   ', 121, 9, 2),
(953, 'สะพานหิน   ', 121, 9, 2),
(954, 'กุดจอก   ', 121, 9, 2),
(955, 'เนินขาม   ', 122, 9, 2),
(956, 'กะบกเตี้ย   ', 122, 9, 2),
(957, 'สุขเดือนห้า   ', 122, 9, 2),
(958, 'ปากเพรียว   ', 123, 10, 2),
(959, 'หน้าพระลาน*   ', 123, 10, 2),
(960, 'พุแค*   ', 123, 10, 2),
(961, 'ห้วยบง*   ', 123, 10, 2),
(962, 'ดาวเรือง   ', 123, 10, 2),
(963, 'นาโฉง   ', 123, 10, 2),
(964, 'โคกสว่าง   ', 123, 10, 2),
(965, 'หนองโน   ', 123, 10, 2),
(966, 'หนองยาว   ', 123, 10, 2),
(967, 'ปากข้าวสาร   ', 123, 10, 2),
(968, 'หนองปลาไหล   ', 123, 10, 2),
(969, 'กุดนกเปล้า   ', 123, 10, 2),
(970, 'ตลิ่งชัน   ', 123, 10, 2),
(971, 'ตะกุด   ', 123, 10, 2),
(972, 'บ้านแก้ง*   ', 123, 10, 2),
(973, 'ผึ้งรวง*   ', 123, 10, 2),
(974, 'เขาดินพัฒนา*   ', 123, 10, 2),
(975, 'แก่งคอย   ', 124, 10, 2),
(976, 'ทับกวาง   ', 124, 10, 2),
(977, 'ตาลเดี่ยว   ', 124, 10, 2),
(978, 'ห้วยแห้ง   ', 124, 10, 2),
(979, 'ท่าคล้อ   ', 124, 10, 2),
(980, 'หินซ้อน   ', 124, 10, 2),
(981, 'บ้านธาตุ   ', 124, 10, 2),
(982, 'บ้านป่า   ', 124, 10, 2),
(983, 'ท่าตูม   ', 124, 10, 2),
(984, 'ชะอม   ', 124, 10, 2),
(985, 'สองคอน   ', 124, 10, 2),
(986, 'เตาปูน   ', 124, 10, 2),
(987, 'ชำผักแพว   ', 124, 10, 2),
(988, 'ท่ามะปราง   ', 124, 10, 2),
(989, 'หนองแค   ', 125, 10, 2),
(990, 'กุ่มหัก   ', 125, 10, 2),
(991, 'คชสิทธิ์   ', 125, 10, 2),
(992, 'โคกตูม   ', 125, 10, 2),
(993, 'โคกแย้   ', 125, 10, 2),
(994, 'บัวลอย   ', 125, 10, 2),
(995, 'ไผ่ต่ำ   ', 125, 10, 2),
(996, 'โพนทอง   ', 125, 10, 2),
(997, 'ห้วยขมิ้น   ', 125, 10, 2),
(998, 'ห้วยทราย   ', 125, 10, 2),
(999, 'หนองไข่น้ำ   ', 125, 10, 2),
(1000, 'หนองแขม   ', 125, 10, 2),
(1001, 'หนองจิก   ', 125, 10, 2),
(1002, 'หนองจรเข้   ', 125, 10, 2),
(1003, 'หนองนาก   ', 125, 10, 2),
(1004, 'หนองปลาหมอ   ', 125, 10, 2),
(1005, 'หนองปลิง   ', 125, 10, 2),
(1006, 'หนองโรง   ', 125, 10, 2),
(1007, 'หนองหมู   ', 126, 10, 2),
(1008, 'บ้านลำ   ', 126, 10, 2),
(1009, 'คลองเรือ   ', 126, 10, 2),
(1010, 'วิหารแดง   ', 126, 10, 2),
(1011, 'หนองสรวง   ', 126, 10, 2),
(1012, 'เจริญธรรม   ', 126, 10, 2),
(1013, 'หนองแซง   ', 127, 10, 2),
(1014, 'หนองควายโซ   ', 127, 10, 2),
(1015, 'หนองหัวโพ   ', 127, 10, 2),
(1016, 'หนองสีดา   ', 127, 10, 2),
(1017, 'หนองกบ   ', 127, 10, 2),
(1018, 'ไก่เส่า   ', 127, 10, 2),
(1019, 'โคกสะอาด   ', 127, 10, 2),
(1020, 'ม่วงหวาน   ', 127, 10, 2),
(1021, 'เขาดิน   ', 127, 10, 2),
(1022, 'บ้านหมอ   ', 128, 10, 2),
(1023, 'บางโขมด   ', 128, 10, 2),
(1024, 'สร่างโศก   ', 128, 10, 2),
(1025, 'ตลาดน้อย   ', 128, 10, 2),
(1026, 'หรเทพ   ', 128, 10, 2),
(1027, 'โคกใหญ่   ', 128, 10, 2),
(1028, 'ไผ่ขวาง   ', 128, 10, 2),
(1029, 'บ้านครัว   ', 128, 10, 2),
(1030, 'หนองบัว   ', 128, 10, 2),
(1031, '*ดงตะงาว   ', 128, 10, 2),
(1032, '*บ้านหลวง   ', 128, 10, 2),
(1033, '*ไผ่หลิ่ว   ', 128, 10, 2),
(1034, '*ดอนพุด   ', 128, 10, 2),
(1035, 'ดอนพุด   ', 129, 10, 2),
(1036, 'ไผ่หลิ่ว   ', 129, 10, 2),
(1037, 'บ้านหลวง   ', 129, 10, 2),
(1038, 'ดงตะงาว   ', 129, 10, 2),
(1039, 'หนองโดน   ', 130, 10, 2),
(1040, 'บ้านกลับ   ', 130, 10, 2),
(1041, 'ดอนทอง   ', 130, 10, 2),
(1042, 'บ้านโปร่ง   ', 130, 10, 2),
(1043, 'พระพุทธบาท   ', 131, 10, 2),
(1044, 'ขุนโขลน   ', 131, 10, 2),
(1045, 'ธารเกษม   ', 131, 10, 2),
(1046, 'นายาว   ', 131, 10, 2),
(1047, 'พุคำจาน   ', 131, 10, 2),
(1048, 'เขาวง   ', 131, 10, 2),
(1049, 'ห้วยป่าหวาย   ', 131, 10, 2),
(1050, 'พุกร่าง   ', 131, 10, 2),
(1051, 'หนองแก   ', 131, 10, 2),
(1052, 'เสาไห้   ', 132, 10, 2),
(1053, 'บ้านยาง   ', 132, 10, 2),
(1054, 'หัวปลวก   ', 132, 10, 2),
(1055, 'งิ้วงาม   ', 132, 10, 2),
(1056, 'ศาลารีไทย   ', 132, 10, 2),
(1057, 'ต้นตาล   ', 132, 10, 2),
(1058, 'ท่าช้าง   ', 132, 10, 2),
(1059, 'พระยาทด   ', 132, 10, 2),
(1060, 'ม่วงงาม   ', 132, 10, 2),
(1061, 'เริงราง   ', 132, 10, 2),
(1062, 'เมืองเก่า   ', 132, 10, 2),
(1063, 'สวนดอกไม้   ', 132, 10, 2),
(1064, 'มวกเหล็ก   ', 133, 10, 2),
(1065, 'มิตรภาพ   ', 133, 10, 2),
(1066, '*แสลงพัน   ', 133, 10, 2),
(1067, 'หนองย่างเสือ   ', 133, 10, 2),
(1068, 'ลำสมพุง   ', 133, 10, 2),
(1069, '*คำพราน   ', 133, 10, 2),
(1070, 'ลำพญากลาง   ', 133, 10, 2),
(1071, '*วังม่วง   ', 133, 10, 2),
(1072, 'ซับสนุ่น   ', 133, 10, 2),
(1073, 'แสลงพัน   ', 134, 10, 2),
(1074, 'คำพราน   ', 134, 10, 2),
(1075, 'วังม่วง   ', 134, 10, 2),
(1076, 'เขาดินพัฒนา   ', 135, 10, 2),
(1077, 'บ้านแก้ง   ', 135, 10, 2),
(1078, 'ผึ้งรวง   ', 135, 10, 2),
(1079, 'พุแค   ', 135, 10, 2),
(1080, 'ห้วยบง   ', 135, 10, 2),
(1081, 'หน้าพระลาน   ', 135, 10, 2),
(1082, 'บางปลาสร้อย   ', 136, 11, 5),
(1083, 'มะขามหย่ง   ', 136, 11, 5),
(1084, 'บ้านโขด   ', 136, 11, 5),
(1085, 'แสนสุข   ', 136, 11, 5),
(1086, 'บ้านสวน   ', 136, 11, 5),
(1087, 'หนองรี   ', 136, 11, 5),
(1088, 'นาป่า   ', 136, 11, 5),
(1089, 'หนองข้างคอก   ', 136, 11, 5),
(1090, 'ดอนหัวฬ่อ   ', 136, 11, 5),
(1091, 'หนองไม้แดง   ', 136, 11, 5),
(1092, 'บางทราย   ', 136, 11, 5),
(1093, 'คลองตำหรุ   ', 136, 11, 5),
(1094, 'เหมือง   ', 136, 11, 5),
(1095, 'บ้านปึก   ', 136, 11, 5),
(1096, 'ห้วยกะปิ   ', 136, 11, 5),
(1097, 'เสม็ด   ', 136, 11, 5),
(1098, 'อ่างศิลา   ', 136, 11, 5),
(1099, 'สำนักบก   ', 136, 11, 5),
(1100, 'เทศบาลเมืองชลบุรี*   ', 136, 11, 5),
(1101, 'บ้านบึง   ', 137, 11, 5),
(1102, 'คลองกิ่ว   ', 137, 11, 5),
(1103, 'มาบไผ่   ', 137, 11, 5),
(1104, 'หนองซ้ำซาก   ', 137, 11, 5),
(1105, 'หนองบอนแดง   ', 137, 11, 5),
(1106, 'หนองชาก   ', 137, 11, 5),
(1107, 'หนองอิรุณ   ', 137, 11, 5),
(1108, 'หนองไผ่แก้ว   ', 137, 11, 5),
(1109, '*หนองเสือช้าง   ', 137, 11, 5),
(1110, '*คลองพลู   ', 137, 11, 5),
(1111, '*หนองใหญ่   ', 137, 11, 5),
(1112, 'หนองใหญ่   ', 138, 11, 5),
(1113, 'คลองพลู   ', 138, 11, 5),
(1114, 'หนองเสือช้าง   ', 138, 11, 5),
(1115, 'ห้างสูง   ', 138, 11, 5),
(1116, 'เขาซก   ', 138, 11, 5),
(1117, 'บางละมุง   ', 139, 11, 5),
(1118, 'หนองปรือ   ', 139, 11, 5),
(1119, 'หนองปลาไหล   ', 139, 11, 5),
(1120, 'โป่ง   ', 139, 11, 5),
(1121, 'เขาไม้แก้ว   ', 139, 11, 5),
(1122, 'ห้วยใหญ่   ', 139, 11, 5),
(1123, 'ตะเคียนเตี้ย   ', 139, 11, 5),
(1124, 'นาเกลือ   ', 139, 11, 5),
(1125, 'พานทอง   ', 140, 11, 5),
(1126, 'หนองตำลึง   ', 140, 11, 5),
(1127, 'มาบโป่ง   ', 140, 11, 5),
(1128, 'หนองกะขะ   ', 140, 11, 5),
(1129, 'หนองหงษ์   ', 140, 11, 5),
(1130, 'โคกขี้หนอน   ', 140, 11, 5),
(1131, 'บ้านเก่า   ', 140, 11, 5),
(1132, 'หน้าประดู่   ', 140, 11, 5),
(1133, 'บางนาง   ', 140, 11, 5),
(1134, 'เกาะลอย   ', 140, 11, 5),
(1135, 'บางหัก   ', 140, 11, 5),
(1136, 'พนัสนิคม   ', 141, 11, 5),
(1137, 'หน้าพระธาตุ   ', 141, 11, 5),
(1138, 'วัดหลวง   ', 141, 11, 5),
(1139, 'บ้านเซิด   ', 141, 11, 5),
(1140, 'นาเริก   ', 141, 11, 5),
(1141, 'หมอนนาง   ', 141, 11, 5),
(1142, 'สระสี่เหลี่ยม   ', 141, 11, 5),
(1143, 'วัดโบสถ์   ', 141, 11, 5),
(1144, 'กุฎโง้ง   ', 141, 11, 5),
(1145, 'หัวถนน   ', 141, 11, 5),
(1146, 'ท่าข้าม   ', 141, 11, 5),
(1147, 'ท่าบุญมี**   ', 141, 11, 5),
(1148, 'หนองปรือ   ', 141, 11, 5),
(1149, 'หนองขยาด   ', 141, 11, 5),
(1150, 'ทุ่งขวาง   ', 141, 11, 5),
(1151, 'หนองเหียง   ', 141, 11, 5),
(1152, 'นาวังหิน   ', 141, 11, 5),
(1153, 'บ้านช้าง   ', 141, 11, 5),
(1154, 'เกาะจันทร์**   ', 141, 11, 5),
(1155, 'โคกเพลาะ   ', 141, 11, 5),
(1156, 'ไร่หลักทอง   ', 141, 11, 5),
(1157, 'นามะตูม   ', 141, 11, 5),
(1158, '*บ้านเซิด   ', 141, 11, 5),
(1159, '*พูนพัฒนาทรัพย์   ', 141, 11, 5),
(1160, '*บ่อกวางทอง   ', 141, 11, 5),
(1161, '*วัดสุวรรณ   ', 141, 11, 5),
(1162, '*บ่อทอง   ', 141, 11, 5),
(1163, 'ศรีราชา   ', 142, 11, 5),
(1164, 'สุรศักดิ์   ', 142, 11, 5),
(1165, 'ทุ่งสุขลา   ', 142, 11, 5),
(1166, 'บึง   ', 142, 11, 5),
(1167, 'หนองขาม   ', 142, 11, 5),
(1168, 'เขาคันทรง   ', 142, 11, 5),
(1169, 'บางพระ   ', 142, 11, 5),
(1170, 'บ่อวิน   ', 142, 11, 5),
(1171, '*ท่าเทววงษ์   ', 142, 11, 5),
(1172, 'ท่าเทววงษ์   ', 143, 11, 5),
(1173, 'สัตหีบ   ', 144, 11, 5),
(1174, 'นาจอมเทียน   ', 144, 11, 5),
(1175, 'พลูตาหลวง   ', 144, 11, 5),
(1176, 'บางเสร่   ', 144, 11, 5),
(1177, 'แสมสาร   ', 144, 11, 5),
(1178, 'บ่อทอง   ', 145, 11, 5),
(1179, 'วัดสุวรรณ   ', 145, 11, 5),
(1180, 'บ่อกวางทอง   ', 145, 11, 5),
(1181, 'ธาตุทอง   ', 145, 11, 5),
(1182, 'เกษตรสุวรรณ   ', 145, 11, 5),
(1183, 'พลวงทอง   ', 145, 11, 5),
(1184, 'เกาะจันทร์   ', 146, 11, 5),
(1185, 'ท่าบุญมี   ', 146, 11, 5),
(1186, 'หนองปรือ*   ', 148, 11, 5),
(1187, 'ท่าประดู่   ', 151, 12, 5),
(1188, 'เชิงเนิน   ', 151, 12, 5),
(1189, 'ตะพง   ', 151, 12, 5),
(1190, 'ปากน้ำ   ', 151, 12, 5),
(1191, 'เพ   ', 151, 12, 5),
(1192, 'แกลง   ', 151, 12, 5),
(1193, 'บ้านแลง   ', 151, 12, 5),
(1194, 'นาตาขวัญ   ', 151, 12, 5),
(1195, 'เนินพระ   ', 151, 12, 5),
(1196, 'กะเฉด   ', 151, 12, 5),
(1197, 'ทับมา   ', 151, 12, 5),
(1198, 'น้ำคอก   ', 151, 12, 5),
(1199, 'ห้วยโป่ง   ', 151, 12, 5),
(1200, 'มาบตาพุด   ', 151, 12, 5),
(1201, 'สำนักทอง   ', 151, 12, 5),
(1202, '*สำนักท้อน   ', 151, 12, 5),
(1203, '*พลา   ', 151, 12, 5),
(1204, 'สำนักท้อน   ', 152, 12, 5),
(1205, 'พลา   ', 152, 12, 5),
(1206, 'บ้านฉาง   ', 152, 12, 5),
(1207, 'ทางเกวียน   ', 153, 12, 5),
(1208, 'วังหว้า   ', 153, 12, 5),
(1209, 'ชากโดน   ', 153, 12, 5),
(1210, 'เนินฆ้อ   ', 153, 12, 5),
(1211, 'กร่ำ   ', 153, 12, 5),
(1212, 'ชากพง   ', 153, 12, 5),
(1213, 'กระแสบน   ', 153, 12, 5),
(1214, 'บ้านนา   ', 153, 12, 5),
(1215, 'ทุ่งควายกิน   ', 153, 12, 5),
(1216, 'กองดิน   ', 153, 12, 5),
(1217, 'คลองปูน   ', 153, 12, 5),
(1218, 'พังราด   ', 153, 12, 5),
(1219, 'ปากน้ำกระแส   ', 153, 12, 5),
(1220, '*น้ำเป็น   ', 153, 12, 5),
(1221, '*ชำฆ้อ   ', 153, 12, 5),
(1222, '*ห้วยทับมอญ   ', 153, 12, 5),
(1223, 'ห้วยยาง   ', 153, 12, 5),
(1224, 'สองสลึง   ', 153, 12, 5),
(1225, '*เขาน้อย   ', 153, 12, 5),
(1226, '*ชุมแสง   ', 153, 12, 5),
(1227, '*วังจันทร์   ', 153, 12, 5),
(1228, 'วังจันทร์   ', 154, 12, 5),
(1229, 'ชุมแสง   ', 154, 12, 5),
(1230, 'ป่ายุบใน   ', 154, 12, 5),
(1231, 'พลงตาเอี่ยม   ', 154, 12, 5),
(1232, 'บ้านค่าย   ', 155, 12, 5),
(1233, 'หนองละลอก   ', 155, 12, 5),
(1234, 'หนองตะพาน   ', 155, 12, 5),
(1235, 'ตาขัน   ', 155, 12, 5),
(1236, 'บางบุตร   ', 155, 12, 5),
(1237, 'หนองบัว   ', 155, 12, 5),
(1238, 'ชากบก   ', 155, 12, 5),
(1239, 'มาบข่า*   ', 155, 12, 5),
(1240, 'พนานิคม*   ', 155, 12, 5),
(1241, 'นิคมพัฒนา*   ', 155, 12, 5),
(1242, 'มะขามคู่*   ', 155, 12, 5),
(1243, '*หนองไร่   ', 155, 12, 5),
(1244, '*มาบยางพร   ', 155, 12, 5),
(1245, '*แม่น้ำคู้   ', 155, 12, 5),
(1246, '*ละหาร   ', 155, 12, 5),
(1247, '*ตาสิทธิ์   ', 155, 12, 5),
(1248, '*ปลวกแดง   ', 155, 12, 5),
(1249, 'ปลวกแดง   ', 156, 12, 5),
(1250, 'ตาสิทธิ์   ', 156, 12, 5),
(1251, 'ละหาร   ', 156, 12, 5),
(1252, 'แม่น้ำคู้   ', 156, 12, 5),
(1253, 'มาบยางพร   ', 156, 12, 5),
(1254, 'หนองไร่   ', 156, 12, 5),
(1255, 'น้ำเป็น   ', 157, 12, 5),
(1256, 'ห้วยทับมอญ   ', 157, 12, 5),
(1257, 'ชำฆ้อ   ', 157, 12, 5),
(1258, 'เขาน้อย   ', 157, 12, 5),
(1259, 'นิคมพัฒนา   ', 158, 12, 5),
(1260, 'มาบข่า   ', 158, 12, 5),
(1261, 'พนานิคม   ', 158, 12, 5),
(1262, 'มะขามคู่   ', 158, 12, 5),
(1263, 'ตลาด   ', 160, 13, 5),
(1264, 'วัดใหม่   ', 160, 13, 5),
(1265, 'คลองนารายณ์   ', 160, 13, 5),
(1266, 'เกาะขวาง   ', 160, 13, 5),
(1267, 'คมบาง   ', 160, 13, 5),
(1268, 'ท่าช้าง   ', 160, 13, 5),
(1269, 'จันทนิมิต   ', 160, 13, 5),
(1270, 'บางกะจะ   ', 160, 13, 5),
(1271, 'แสลง   ', 160, 13, 5),
(1272, 'หนองบัว   ', 160, 13, 5),
(1273, 'พลับพลา   ', 160, 13, 5),
(1274, 'ขลุง   ', 161, 13, 5),
(1275, 'บ่อ   ', 161, 13, 5),
(1276, 'เกวียนหัก   ', 161, 13, 5),
(1277, 'ตะปอน   ', 161, 13, 5),
(1278, 'บางชัน   ', 161, 13, 5),
(1279, 'วันยาว   ', 161, 13, 5),
(1280, 'ซึ้ง   ', 161, 13, 5),
(1281, 'มาบไพ   ', 161, 13, 5),
(1282, 'วังสรรพรส   ', 161, 13, 5),
(1283, 'ตรอกนอง   ', 161, 13, 5),
(1284, 'ตกพรม   ', 161, 13, 5),
(1285, 'บ่อเวฬุ   ', 161, 13, 5),
(1286, 'ท่าใหม่   ', 162, 13, 5),
(1287, 'ยายร้า   ', 162, 13, 5),
(1288, 'สีพยา   ', 162, 13, 5),
(1289, 'บ่อพุ   ', 162, 13, 5),
(1290, 'พลอยแหวน   ', 162, 13, 5),
(1291, 'เขาวัว   ', 162, 13, 5),
(1292, 'เขาบายศรี   ', 162, 13, 5),
(1293, 'สองพี่น้อง   ', 162, 13, 5),
(1294, 'ทุ่งเบญจา   ', 162, 13, 5),
(1295, '*วังโตนด   ', 162, 13, 5),
(1296, 'รำพัน   ', 162, 13, 5),
(1297, 'โขมง   ', 162, 13, 5),
(1298, 'ตะกาดเง้า   ', 162, 13, 5),
(1299, 'คลองขุด   ', 162, 13, 5),
(1300, '*กระแจะ   ', 162, 13, 5),
(1301, '*สนามไชย   ', 162, 13, 5),
(1302, '*ช้างข้าม   ', 162, 13, 5),
(1303, '*นายายอาม   ', 162, 13, 5),
(1304, '*แก่งหางแมว   ', 162, 13, 5),
(1305, '*สามพี่น้อง   ', 162, 13, 5),
(1306, '*เขาวงกต   ', 162, 13, 5),
(1307, '*พวา   ', 162, 13, 5),
(1308, '*ขุนซ่อง   ', 162, 13, 5),
(1309, 'เขาแก้ว   ', 162, 13, 5),
(1310, '*กระแจะ   ', 162, 13, 5),
(1311, '*สนามไช   ', 162, 13, 5),
(1312, '*ช้างข้าม   ', 162, 13, 5),
(1313, '*วังโตนด   ', 162, 13, 5),
(1314, '*นายายอาม   ', 162, 13, 5),
(1315, '*แก่งหางแมว   ', 162, 13, 5),
(1316, 'ทับไทร   ', 163, 13, 5),
(1317, 'โป่งน้ำร้อน   ', 163, 13, 5),
(1318, '*ทรายขาว   ', 163, 13, 5),
(1319, 'หนองตาคง   ', 163, 13, 5),
(1320, '*ปะตง   ', 163, 13, 5),
(1321, '*ทุ่งขนาน   ', 163, 13, 5),
(1322, '*สะตอน   ', 163, 13, 5),
(1323, '*ทับช้าง   ', 163, 13, 5),
(1324, 'เทพนิมิต   ', 163, 13, 5),
(1325, 'คลองใหญ่   ', 163, 13, 5),
(1326, 'มะขาม   ', 164, 13, 5),
(1327, 'ท่าหลวง   ', 164, 13, 5),
(1328, 'ปัถวี   ', 164, 13, 5),
(1329, 'วังแซ้ม   ', 164, 13, 5),
(1330, '*พลวง   ', 164, 13, 5),
(1331, 'ฉมัน   ', 164, 13, 5),
(1332, '*ตะเคียนทอง   ', 164, 13, 5),
(1333, 'อ่างคีรี   ', 164, 13, 5),
(1334, '*คลองพลู   ', 164, 13, 5),
(1335, '*ซากไทย   ', 164, 13, 5),
(1336, 'ปากน้ำแหลมสิงห์   ', 165, 13, 5),
(1337, 'เกาะเปริด   ', 165, 13, 5),
(1338, 'หนองชิ่ม   ', 165, 13, 5),
(1339, 'พลิ้ว   ', 165, 13, 5),
(1340, 'คลองน้ำเค็ม   ', 165, 13, 5),
(1341, 'บางสระเก้า   ', 165, 13, 5),
(1342, 'บางกะไชย   ', 165, 13, 5),
(1343, 'ปะตง   ', 166, 13, 5),
(1344, 'ทุ่งขนาน   ', 166, 13, 5),
(1345, 'ทับช้าง   ', 166, 13, 5),
(1346, 'ทรายขาว   ', 166, 13, 5),
(1347, 'สะตอน   ', 166, 13, 5),
(1348, 'แก่งหางแมว   ', 167, 13, 5),
(1349, 'ขุนซ่อง   ', 167, 13, 5),
(1350, 'สามพี่น้อง   ', 167, 13, 5),
(1351, 'พวา   ', 167, 13, 5),
(1352, 'เขาวงกต   ', 167, 13, 5),
(1353, 'นายายอาม   ', 168, 13, 5),
(1354, 'วังโตนด   ', 168, 13, 5),
(1355, 'กระแจะ   ', 168, 13, 5),
(1356, 'สนามไชย   ', 168, 13, 5),
(1357, 'ช้างข้าม   ', 168, 13, 5),
(1358, 'วังใหม่   ', 168, 13, 5),
(1359, 'ชากไทย   ', 169, 13, 5),
(1360, 'พลวง   ', 169, 13, 5),
(1361, 'ตะเคียนทอง   ', 169, 13, 5),
(1362, 'คลองพลู   ', 169, 13, 5),
(1363, 'จันทเขลม   ', 169, 13, 5),
(1364, 'บางพระ   ', 171, 14, 5),
(1365, 'หนองเสม็ด   ', 171, 14, 5),
(1366, 'หนองโสน   ', 171, 14, 5),
(1367, 'หนองคันทรง   ', 171, 14, 5),
(1368, 'ห้วงน้ำขาว   ', 171, 14, 5),
(1369, 'อ่าวใหญ่   ', 171, 14, 5),
(1370, 'วังกระแจะ   ', 171, 14, 5),
(1371, 'ห้วยแร้ง   ', 171, 14, 5),
(1372, 'เนินทราย   ', 171, 14, 5),
(1373, 'ท่าพริก   ', 171, 14, 5),
(1374, 'ท่ากุ่ม   ', 171, 14, 5),
(1375, 'ตะกาง   ', 171, 14, 5),
(1376, 'ชำราก   ', 171, 14, 5),
(1377, 'แหลมกลัด   ', 171, 14, 5),
(1378, 'คลองใหญ่   ', 172, 14, 5),
(1379, 'ไม้รูด   ', 172, 14, 5),
(1380, 'หาดเล็ก   ', 172, 14, 5),
(1381, 'เขาสมิง   ', 173, 14, 5),
(1382, 'แสนตุ้ง   ', 173, 14, 5),
(1383, 'วังตะเคียน   ', 173, 14, 5),
(1384, 'ท่าโสม   ', 173, 14, 5),
(1385, 'สะตอ   ', 173, 14, 5),
(1386, 'ประณีต   ', 173, 14, 5),
(1387, 'เทพนิมิต   ', 173, 14, 5),
(1388, 'ทุ่งนนทรี   ', 173, 14, 5),
(1389, '*บ่อไร่   ', 173, 14, 5),
(1390, '*ด่านชุมพล   ', 173, 14, 5),
(1391, '*หนองบอน   ', 173, 14, 5),
(1392, '*ช้างทูน   ', 173, 14, 5),
(1393, '*บ่อพลอย   ', 173, 14, 5),
(1394, 'บ่อพลอย   ', 174, 14, 5),
(1395, 'ช้างทูน   ', 174, 14, 5),
(1396, 'ด่านชุมพล   ', 174, 14, 5),
(1397, 'หนองบอน   ', 174, 14, 5),
(1398, 'นนทรีย์   ', 174, 14, 5),
(1399, 'แหลมงอบ   ', 175, 14, 5),
(1400, 'น้ำเชี่ยว   ', 175, 14, 5),
(1401, 'บางปิด   ', 175, 14, 5),
(1402, '*เกาะช้าง   ', 175, 14, 5),
(1403, '*เกาะหมาก   ', 175, 14, 5),
(1404, '*เกาะกูด   ', 175, 14, 5),
(1405, 'คลองใหญ่   ', 175, 14, 5),
(1406, '*เกาะช้างใต้   ', 175, 14, 5),
(1407, 'เกาะหมาก   ', 176, 14, 5),
(1408, 'เกาะกูด   ', 176, 14, 5),
(1409, 'เกาะช้าง   ', 177, 14, 5),
(1410, 'เกาะช้างใต้   ', 177, 14, 5),
(1411, 'หน้าเมือง   ', 178, 15, 5),
(1412, 'ท่าไข่   ', 178, 15, 5),
(1413, 'บ้านใหม่   ', 178, 15, 5),
(1414, 'คลองนา   ', 178, 15, 5),
(1415, 'บางตีนเป็ด   ', 178, 15, 5),
(1416, 'บางไผ่   ', 178, 15, 5),
(1417, 'คลองจุกกระเฌอ   ', 178, 15, 5),
(1418, 'บางแก้ว   ', 178, 15, 5),
(1419, 'บางขวัญ   ', 178, 15, 5),
(1420, 'คลองนครเนื่องเขต   ', 178, 15, 5),
(1421, 'วังตะเคียน   ', 178, 15, 5),
(1422, 'โสธร   ', 178, 15, 5),
(1423, 'บางพระ   ', 178, 15, 5),
(1424, 'บางกะไห   ', 178, 15, 5),
(1425, 'หนามแดง   ', 178, 15, 5),
(1426, 'คลองเปรง   ', 178, 15, 5),
(1427, 'คลองอุดมชลจร   ', 178, 15, 5),
(1428, 'คลองหลวงแพ่ง   ', 178, 15, 5),
(1429, 'บางเตย   ', 178, 15, 5),
(1430, 'บางคล้า   ', 179, 15, 5),
(1431, '*ก้อนแก้ว   ', 179, 15, 5),
(1432, '*คลองเขื่อน   ', 179, 15, 5),
(1433, 'บางสวน   ', 179, 15, 5),
(1434, '*บางเล่า   ', 179, 15, 5),
(1435, '*บางโรง   ', 179, 15, 5),
(1436, '*บางตลาด   ', 179, 15, 5),
(1437, 'บางกระเจ็ด   ', 179, 15, 5),
(1438, 'ปากน้ำ   ', 179, 15, 5),
(1439, 'ท่าทองหลาง   ', 179, 15, 5),
(1440, 'สาวชะโงก   ', 179, 15, 5),
(1441, 'เสม็ดเหนือ   ', 179, 15, 5),
(1442, 'เสม็ดใต้   ', 179, 15, 5),
(1443, 'หัวไทร   ', 179, 15, 5),
(1444, 'บางน้ำเปรี้ยว   ', 180, 15, 5),
(1445, 'บางขนาก   ', 180, 15, 5),
(1446, 'สิงโตทอง   ', 180, 15, 5),
(1447, 'หมอนทอง   ', 180, 15, 5),
(1448, 'บึงน้ำรักษ์   ', 180, 15, 5),
(1449, 'ดอนเกาะกา   ', 180, 15, 5),
(1450, 'โยธะกา   ', 180, 15, 5),
(1451, 'ดอนฉิมพลี   ', 180, 15, 5),
(1452, 'ศาลาแดง   ', 180, 15, 5),
(1453, 'โพรงอากาศ   ', 180, 15, 5),
(1454, 'บางปะกง   ', 181, 15, 5),
(1455, 'ท่าสะอ้าน   ', 181, 15, 5),
(1456, 'บางวัว   ', 181, 15, 5),
(1457, 'บางสมัคร   ', 181, 15, 5),
(1458, 'บางผึ้ง   ', 181, 15, 5),
(1459, 'บางเกลือ   ', 181, 15, 5),
(1460, 'สองคลอง   ', 181, 15, 5),
(1461, 'หนองจอก   ', 181, 15, 5),
(1462, 'พิมพา   ', 181, 15, 5),
(1463, 'ท่าข้าม   ', 181, 15, 5),
(1464, 'หอมศีล   ', 181, 15, 5),
(1465, 'เขาดิน   ', 181, 15, 5),
(1466, 'บ้านโพธิ์   ', 182, 15, 5),
(1467, 'เกาะไร่   ', 182, 15, 5),
(1468, 'คลองขุด   ', 182, 15, 5),
(1469, 'คลองบ้านโพธิ์   ', 182, 15, 5),
(1470, 'คลองประเวศ   ', 182, 15, 5),
(1471, 'ดอนทราย   ', 182, 15, 5),
(1472, 'เทพราช   ', 182, 15, 5),
(1473, 'ท่าพลับ   ', 182, 15, 5),
(1474, 'หนองตีนนก   ', 182, 15, 5),
(1475, 'หนองบัว   ', 182, 15, 5),
(1476, 'บางซ่อน   ', 182, 15, 5),
(1477, 'บางกรูด   ', 182, 15, 5),
(1478, 'แหลมประดู่   ', 182, 15, 5),
(1479, 'ลาดขวาง   ', 182, 15, 5),
(1480, 'สนามจันทร์   ', 182, 15, 5),
(1481, 'แสนภูดาษ   ', 182, 15, 5),
(1482, 'สิบเอ็ดศอก   ', 182, 15, 5),
(1483, 'เกาะขนุน   ', 183, 15, 5),
(1484, 'บ้านซ่อง   ', 183, 15, 5),
(1485, 'พนมสารคาม   ', 183, 15, 5),
(1486, 'เมืองเก่า   ', 183, 15, 5),
(1487, 'หนองยาว   ', 183, 15, 5),
(1488, 'ท่าถ่าน   ', 183, 15, 5),
(1489, 'หนองแหน   ', 183, 15, 5),
(1490, 'เขาหินซ้อน   ', 183, 15, 5),
(1491, 'บางคา   ', 184, 15, 5),
(1492, 'เมืองใหม่   ', 184, 15, 5),
(1493, 'ดงน้อย   ', 184, 15, 5),
(1494, 'คู้ยายหมี   ', 185, 15, 5),
(1495, 'ท่ากระดาน   ', 185, 15, 5),
(1496, 'ทุ่งพระยา   ', 185, 15, 5),
(1497, '*ท่าตะเกียบ   ', 185, 15, 5),
(1498, 'ลาดกระทิง   ', 185, 15, 5),
(1499, '*คลองตะเกรา   ', 185, 15, 5),
(1500, 'แปลงยาว   ', 186, 15, 5),
(1501, 'วังเย็น   ', 186, 15, 5),
(1502, 'หัวสำโรง   ', 186, 15, 5),
(1503, 'หนองไม้แก่น   ', 186, 15, 5),
(1504, 'ท่าตะเกียบ   ', 187, 15, 5),
(1505, 'คลองตะเกรา   ', 187, 15, 5),
(1506, 'ก้อนแก้ว   ', 188, 15, 5),
(1507, 'คลองเขื่อน   ', 188, 15, 5),
(1508, 'บางเล่า   ', 188, 15, 5),
(1509, 'บางโรง   ', 188, 15, 5),
(1510, 'บางตลาด   ', 188, 15, 5),
(1511, 'หน้าเมือง   ', 189, 16, 5),
(1512, 'รอบเมือง   ', 189, 16, 5),
(1513, 'วัดโบสถ์   ', 189, 16, 5),
(1514, 'บางเดชะ   ', 189, 16, 5),
(1515, 'ท่างาม   ', 189, 16, 5),
(1516, 'บางบริบูรณ์   ', 189, 16, 5),
(1517, 'ดงพระราม   ', 189, 16, 5),
(1518, 'บ้านพระ   ', 189, 16, 5),
(1519, 'โคกไม้ลาย   ', 189, 16, 5),
(1520, 'ไม้เค็ด   ', 189, 16, 5),
(1521, 'ดงขี้เหล็ก   ', 189, 16, 5),
(1522, 'เนินหอม   ', 189, 16, 5),
(1523, 'โนนห้อม   ', 189, 16, 5),
(1524, 'กบินทร์   ', 190, 16, 5),
(1525, 'เมืองเก่า   ', 190, 16, 5),
(1526, 'วังดาล   ', 190, 16, 5),
(1527, 'นนทรี   ', 190, 16, 5),
(1528, 'ย่านรี   ', 190, 16, 5),
(1529, 'วังตะเคียน   ', 190, 16, 5),
(1530, 'หาดนางแก้ว   ', 190, 16, 5),
(1531, 'ลาดตะเคียน   ', 190, 16, 5),
(1532, 'บ้านนา   ', 190, 16, 5),
(1533, 'บ่อทอง   ', 190, 16, 5),
(1534, 'หนองกี่   ', 190, 16, 5),
(1535, 'นาแขม   ', 190, 16, 5),
(1536, 'เขาไม้แก้ว   ', 190, 16, 5),
(1537, 'วังท่าช้าง   ', 190, 16, 5),
(1538, '*สะพานหิน   ', 190, 16, 5),
(1539, '*นาดี   ', 190, 16, 5),
(1540, '*ลำพันตา   ', 190, 16, 5),
(1541, '*ทุ่งโพธิ์   ', 190, 16, 5),
(1542, 'นาดี   ', 191, 16, 5),
(1543, 'สำพันตา   ', 191, 16, 5),
(1544, 'สะพานหิน   ', 191, 16, 5),
(1545, 'ทุ่งโพธิ์   ', 191, 16, 5),
(1546, 'แก่งดินสอ   ', 191, 16, 5),
(1547, 'บุพราหมณ์   ', 191, 16, 5),
(1548, '*สระแก้ว   ', 192, 16, 5),
(1549, '*บ้านแก้ง   ', 192, 16, 5),
(1550, '*ศาลาลำดวน   ', 192, 16, 5),
(1551, '*โคกปี่ฆ้อง   ', 192, 16, 5),
(1552, '*ท่าแยก   ', 192, 16, 5),
(1553, '*ท่าเกษม   ', 192, 16, 5),
(1554, '*เขาฉกรรจ์   ', 192, 16, 5),
(1555, '*สระขวัญ   ', 192, 16, 5),
(1556, '*หนองหว้า   ', 192, 16, 5),
(1557, '*พระเพลิง   ', 192, 16, 5),
(1558, '*หนองบอน   ', 192, 16, 5),
(1559, '*เขาสามสิบ   ', 192, 16, 5),
(1560, '*ตาหลังใน   ', 192, 16, 5),
(1561, '*วังสมบูรณ์   ', 192, 16, 5),
(1562, '*วังน้ำเย็น   ', 192, 16, 5),
(1563, '*วังน้ำเย็น   ', 193, 16, 5),
(1564, '*วังสมบูรณ์   ', 193, 16, 5),
(1565, '*ตาหลังใน   ', 193, 16, 5),
(1566, '*วังใหม่   ', 193, 16, 5),
(1567, '*คลองหินปูน   ', 193, 16, 5),
(1568, '*ทุ่งมหาเจริญ   ', 193, 16, 5),
(1569, 'บ้านสร้าง   ', 194, 16, 5),
(1570, 'บางกระเบา   ', 194, 16, 5),
(1571, 'บางเตย   ', 194, 16, 5),
(1572, 'บางยาง   ', 194, 16, 5),
(1573, 'บางแตน   ', 194, 16, 5),
(1574, 'บางพลวง   ', 194, 16, 5),
(1575, 'บางปลาร้า   ', 194, 16, 5),
(1576, 'บางขาม   ', 194, 16, 5),
(1577, 'กระทุ่มแพ้ว   ', 194, 16, 5),
(1578, 'ประจันตคาม   ', 195, 16, 5),
(1579, 'เกาะลอย   ', 195, 16, 5),
(1580, 'บ้านหอย   ', 195, 16, 5),
(1581, 'หนองแสง   ', 195, 16, 5),
(1582, 'ดงบัง   ', 195, 16, 5),
(1583, 'คำโตนด   ', 195, 16, 5),
(1584, 'บุฝ้าย   ', 195, 16, 5),
(1585, 'หนองแก้ว   ', 195, 16, 5),
(1586, 'โพธิ์งาม   ', 195, 16, 5),
(1587, 'ศรีมหาโพธิ   ', 196, 16, 5),
(1588, 'สัมพันธ์   ', 196, 16, 5),
(1589, 'บ้านทาม   ', 196, 16, 5),
(1590, 'ท่าตูม   ', 196, 16, 5),
(1591, 'บางกุ้ง   ', 196, 16, 5),
(1592, 'ดงกระทงยาม   ', 196, 16, 5),
(1593, 'หนองโพรง   ', 196, 16, 5),
(1594, 'หัวหว้า   ', 196, 16, 5),
(1595, 'หาดยาง   ', 196, 16, 5),
(1596, 'กรอกสมบูรณ์   ', 196, 16, 5),
(1597, '*คู้ลำพัน   ', 196, 16, 5),
(1598, '*โคกปีบ   ', 196, 16, 5),
(1599, '*โคกไทย   ', 196, 16, 5),
(1600, '*ไผ่ชะเลือด   ', 196, 16, 5),
(1601, 'โคกปีบ   ', 197, 16, 5),
(1602, 'โคกไทย   ', 197, 16, 5),
(1603, 'คู้ลำพัน   ', 197, 16, 5);
INSERT INTO `district` (`dis_code`, `DISTRICT_NAME`, `am_code`, `prov_code`, `GEO_ID`) VALUES
(1604, 'ไผ่ชะเลือด   ', 197, 16, 5),
(1605, '*อรัญประเทศ   ', 198, 16, 5),
(1606, '*เมืองไผ่   ', 198, 16, 5),
(1607, '*หันทราย   ', 198, 16, 5),
(1608, '*คลองน้ำใส   ', 198, 16, 5),
(1609, '*ท่าข้าม   ', 198, 16, 5),
(1610, '*ป่าไร่   ', 198, 16, 5),
(1611, '*ทับพริก   ', 198, 16, 5),
(1612, '*บ้านใหม่หนองไทร   ', 198, 16, 5),
(1613, '*ผ่านศึก   ', 198, 16, 5),
(1614, '*หนองสังข์   ', 198, 16, 5),
(1615, '*คลองทับจันทร์   ', 198, 16, 5),
(1616, '*ฟากห้วย   ', 198, 16, 5),
(1617, '*บ้านด่าน   ', 198, 16, 5),
(1618, '*ตาพระยา   ', 199, 16, 5),
(1619, '*ทัพเสด็จ   ', 199, 16, 5),
(1620, '*โคกสูง   ', 199, 16, 5),
(1621, '*หนองแวง   ', 199, 16, 5),
(1622, '*หนองม่วง   ', 199, 16, 5),
(1623, '*ทัพราช   ', 199, 16, 5),
(1624, '*ทัพไทย   ', 199, 16, 5),
(1625, '*โนนหมากมุ่น   ', 199, 16, 5),
(1626, '*โคคลาน   ', 199, 16, 5),
(1627, '*วัฒนานคร   ', 200, 16, 5),
(1628, '*ท่าเกวียน   ', 200, 16, 5),
(1629, '*ซับมะกรูด   ', 200, 16, 5),
(1630, '*ผักขะ   ', 200, 16, 5),
(1631, '*โนนหมากเค็ง   ', 200, 16, 5),
(1632, '*หนองน้ำใส   ', 200, 16, 5),
(1633, '*ช่องกุ่ม   ', 200, 16, 5),
(1634, '*หนองแวง   ', 200, 16, 5),
(1635, '*ไทยอุดม   ', 200, 16, 5),
(1636, '*ไทรเดี่ยว   ', 200, 16, 5),
(1637, '*คลองหาด   ', 200, 16, 5),
(1638, '*แซร์ออ   ', 200, 16, 5),
(1639, '*หนองหมากฝ้าย   ', 200, 16, 5),
(1640, '*หนองตะเคียนบอน   ', 200, 16, 5),
(1641, '*ห้วยโจด   ', 200, 16, 5),
(1642, '*คลองหาด   ', 201, 16, 5),
(1643, '*ไทยอุดม   ', 201, 16, 5),
(1644, '*ซับมะกรูด   ', 201, 16, 5),
(1645, '*ไทรเดี่ยว   ', 201, 16, 5),
(1646, '*คลองไก่เถื่อน   ', 201, 16, 5),
(1647, '*เบญจขร   ', 201, 16, 5),
(1648, '*ไทรทอง   ', 201, 16, 5),
(1649, 'นครนายก   ', 202, 17, 2),
(1650, 'ท่าช้าง   ', 202, 17, 2),
(1651, 'บ้านใหญ่   ', 202, 17, 2),
(1652, 'วังกระโจม   ', 202, 17, 2),
(1653, 'ท่าทราย   ', 202, 17, 2),
(1654, 'ดอนยอ   ', 202, 17, 2),
(1655, 'ศรีจุฬา   ', 202, 17, 2),
(1656, 'ดงละคร   ', 202, 17, 2),
(1657, 'ศรีนาวา   ', 202, 17, 2),
(1658, 'สาริกา   ', 202, 17, 2),
(1659, 'หินตั้ง   ', 202, 17, 2),
(1660, 'เขาพระ   ', 202, 17, 2),
(1661, 'พรหมณี   ', 202, 17, 2),
(1662, 'เกาะหวาย   ', 203, 17, 2),
(1663, 'เกาะโพธิ์   ', 203, 17, 2),
(1664, 'ปากพลี   ', 203, 17, 2),
(1665, 'โคกกรวด   ', 203, 17, 2),
(1666, 'ท่าเรือ   ', 203, 17, 2),
(1667, 'หนองแสง   ', 203, 17, 2),
(1668, 'นาหินลาด   ', 203, 17, 2),
(1669, 'บ้านนา   ', 204, 17, 2),
(1670, 'บ้านพร้าว   ', 204, 17, 2),
(1671, 'บ้านพริก   ', 204, 17, 2),
(1672, 'อาษา   ', 204, 17, 2),
(1673, 'ทองหลาง   ', 204, 17, 2),
(1674, 'บางอ้อ   ', 204, 17, 2),
(1675, 'พิกุลออก   ', 204, 17, 2),
(1676, 'ป่าขะ   ', 204, 17, 2),
(1677, 'เขาเพิ่ม   ', 204, 17, 2),
(1678, 'ศรีกะอาง   ', 204, 17, 2),
(1679, 'พระอาจารย์   ', 205, 17, 2),
(1680, 'บึงศาล   ', 205, 17, 2),
(1681, 'ศีรษะกระบือ   ', 205, 17, 2),
(1682, 'โพธิ์แทน   ', 205, 17, 2),
(1683, 'บางสมบูรณ์   ', 205, 17, 2),
(1684, 'ทรายมูล   ', 205, 17, 2),
(1685, 'บางปลากด   ', 205, 17, 2),
(1686, 'บางลูกเสือ   ', 205, 17, 2),
(1687, 'องครักษ์   ', 205, 17, 2),
(1688, 'ชุมพล   ', 205, 17, 2),
(1689, 'คลองใหญ่   ', 205, 17, 2),
(1690, 'สระแก้ว   ', 206, 18, 5),
(1691, 'บ้านแก้ง   ', 206, 18, 5),
(1692, 'ศาลาลำดวน   ', 206, 18, 5),
(1693, 'โคกปี่ฆ้อง   ', 206, 18, 5),
(1694, 'ท่าแยก   ', 206, 18, 5),
(1695, 'ท่าเกษม   ', 206, 18, 5),
(1696, '*เขาฉกรรจ์   ', 206, 18, 5),
(1697, 'สระขวัญ   ', 206, 18, 5),
(1698, '*หนองหว้า   ', 206, 18, 5),
(1699, '*พระเพลิง   ', 206, 18, 5),
(1700, 'หนองบอน   ', 206, 18, 5),
(1701, '*เขาสามสิบ   ', 206, 18, 5),
(1702, 'คลองหาด   ', 207, 18, 5),
(1703, 'ไทยอุดม   ', 207, 18, 5),
(1704, 'ซับมะกรูด   ', 207, 18, 5),
(1705, 'ไทรเดี่ยว   ', 207, 18, 5),
(1706, 'คลองไก่เถื่อน   ', 207, 18, 5),
(1707, 'เบญจขร   ', 207, 18, 5),
(1708, 'ไทรทอง   ', 207, 18, 5),
(1709, 'ตาพระยา   ', 208, 18, 5),
(1710, 'ทัพเสด็จ   ', 208, 18, 5),
(1711, 'โคกสูง*   ', 208, 18, 5),
(1712, 'หนองแวง*   ', 208, 18, 5),
(1713, 'หนองม่วง*   ', 208, 18, 5),
(1714, 'ทัพราช   ', 208, 18, 5),
(1715, 'ทัพไทย   ', 208, 18, 5),
(1716, 'โนนหมากมุ่น*   ', 208, 18, 5),
(1717, 'โคคลาน   ', 208, 18, 5),
(1718, 'วังน้ำเย็น   ', 209, 18, 5),
(1719, 'วังสมบูรณ์*   ', 209, 18, 5),
(1720, 'ตาหลังใน   ', 209, 18, 5),
(1721, 'วังใหม่*   ', 209, 18, 5),
(1722, 'คลองหินปูน   ', 209, 18, 5),
(1723, 'ทุ่งมหาเจริญ   ', 209, 18, 5),
(1724, 'วังทอง*   ', 209, 18, 5),
(1725, 'วัฒนานคร   ', 210, 18, 5),
(1726, 'ท่าเกวียน   ', 210, 18, 5),
(1727, 'ผักขะ   ', 210, 18, 5),
(1728, 'โนนหมากเค็ง   ', 210, 18, 5),
(1729, 'หนองน้ำใส   ', 210, 18, 5),
(1730, 'ช่องกุ่ม   ', 210, 18, 5),
(1731, 'หนองแวง   ', 210, 18, 5),
(1732, 'แซร์ออ   ', 210, 18, 5),
(1733, 'หนองหมากฝ้าย   ', 210, 18, 5),
(1734, 'หนองตะเคียนบอน   ', 210, 18, 5),
(1735, 'ห้วยโจด   ', 210, 18, 5),
(1736, 'อรัญประเทศ   ', 211, 18, 5),
(1737, 'เมืองไผ่   ', 211, 18, 5),
(1738, 'หันทราย   ', 211, 18, 5),
(1739, 'คลองน้ำใส   ', 211, 18, 5),
(1740, 'ท่าข้าม   ', 211, 18, 5),
(1741, 'ป่าไร่   ', 211, 18, 5),
(1742, 'ทับพริก   ', 211, 18, 5),
(1743, 'บ้านใหม่หนองไทร   ', 211, 18, 5),
(1744, 'ผ่านศึก   ', 211, 18, 5),
(1745, 'หนองสังข์   ', 211, 18, 5),
(1746, 'คลองทับจันทร์   ', 211, 18, 5),
(1747, 'ฟากห้วย   ', 211, 18, 5),
(1748, 'บ้านด่าน   ', 211, 18, 5),
(1749, 'เขาฉกรรจ์   ', 212, 18, 5),
(1750, 'หนองหว้า   ', 212, 18, 5),
(1751, 'พระเพลิง   ', 212, 18, 5),
(1752, 'เขาสามสิบ   ', 212, 18, 5),
(1753, 'โคกสูง   ', 213, 18, 5),
(1754, 'หนองม่วง   ', 213, 18, 5),
(1755, 'หนองแวง   ', 213, 18, 5),
(1756, 'โนนหมากมุ่น   ', 213, 18, 5),
(1757, 'วังสมบูรณ์   ', 214, 18, 5),
(1758, 'วังใหม่   ', 214, 18, 5),
(1759, 'วังทอง   ', 214, 18, 5),
(1760, 'ในเมือง   ', 215, 19, 3),
(1761, 'โพธิ์กลาง   ', 215, 19, 3),
(1762, 'หนองจะบก   ', 215, 19, 3),
(1763, 'โคกสูง   ', 215, 19, 3),
(1764, 'มะเริง   ', 215, 19, 3),
(1765, 'หนองระเวียง   ', 215, 19, 3),
(1766, 'ปรุใหญ่   ', 215, 19, 3),
(1767, 'หมื่นไวย   ', 215, 19, 3),
(1768, 'พลกรัง   ', 215, 19, 3),
(1769, 'หนองไผ่ล้อม   ', 215, 19, 3),
(1770, 'หัวทะเล   ', 215, 19, 3),
(1771, 'บ้านเกาะ   ', 215, 19, 3),
(1772, 'บ้านใหม่   ', 215, 19, 3),
(1773, 'พุดซา   ', 215, 19, 3),
(1774, 'บ้านโพธิ์   ', 215, 19, 3),
(1775, 'จอหอ   ', 215, 19, 3),
(1776, 'โคกกรวด   ', 215, 19, 3),
(1777, 'ไชยมงคล   ', 215, 19, 3),
(1778, 'หนองบัวศาลา   ', 215, 19, 3),
(1779, 'สุรนารี   ', 215, 19, 3),
(1780, 'สีมุม   ', 215, 19, 3),
(1781, 'ตลาด   ', 215, 19, 3),
(1782, 'พะเนา   ', 215, 19, 3),
(1783, 'หนองกระทุ่ม   ', 215, 19, 3),
(1784, 'หนองไข่น้ำ   ', 215, 19, 3),
(1785, 'แชะ   ', 216, 19, 3),
(1786, 'เฉลียง   ', 216, 19, 3),
(1787, 'ครบุรี   ', 216, 19, 3),
(1788, 'โคกกระชาย   ', 216, 19, 3),
(1789, 'จระเข้หิน   ', 216, 19, 3),
(1790, 'มาบตะโกเอน   ', 216, 19, 3),
(1791, 'อรพิมพ์   ', 216, 19, 3),
(1792, 'บ้านใหม่   ', 216, 19, 3),
(1793, 'ลำเพียก   ', 216, 19, 3),
(1794, 'ครบุรีใต้   ', 216, 19, 3),
(1795, 'ตะแบกบาน   ', 216, 19, 3),
(1796, 'สระว่านพระยา   ', 216, 19, 3),
(1797, 'เสิงสาง   ', 217, 19, 3),
(1798, 'สระตะเคียน   ', 217, 19, 3),
(1799, 'โนนสมบูรณ์   ', 217, 19, 3),
(1800, 'กุดโบสถ์   ', 217, 19, 3),
(1801, 'สุขไพบูลย์   ', 217, 19, 3),
(1802, 'บ้านราษฎร์   ', 217, 19, 3),
(1803, 'เมืองคง   ', 218, 19, 3),
(1804, 'คูขาด   ', 218, 19, 3),
(1805, 'เทพาลัย   ', 218, 19, 3),
(1806, 'ตาจั่น   ', 218, 19, 3),
(1807, 'บ้านปรางค์   ', 218, 19, 3),
(1808, 'หนองมะนาว   ', 218, 19, 3),
(1809, 'หนองบัว   ', 218, 19, 3),
(1810, 'โนนเต็ง   ', 218, 19, 3),
(1811, 'ดอนใหญ่   ', 218, 19, 3),
(1812, 'ขามสมบูรณ์   ', 218, 19, 3),
(1813, 'บ้านเหลื่อม   ', 219, 19, 3),
(1814, 'วังโพธิ์   ', 219, 19, 3),
(1815, 'โคกกระเบื้อง   ', 219, 19, 3),
(1816, 'ช่อระกา   ', 219, 19, 3),
(1817, 'จักราช   ', 220, 19, 3),
(1818, 'ท่าช้าง   ', 220, 19, 3),
(1819, 'ทองหลาง   ', 220, 19, 3),
(1820, 'สีสุก   ', 220, 19, 3),
(1821, 'หนองขาม   ', 220, 19, 3),
(1822, 'หนองงูเหลือม   ', 220, 19, 3),
(1823, 'หนองพลวง   ', 220, 19, 3),
(1824, 'หนองยาง   ', 220, 19, 3),
(1825, 'พระพุทธ   ', 220, 19, 3),
(1826, 'ศรีละกอ   ', 220, 19, 3),
(1827, 'คลองเมือง   ', 220, 19, 3),
(1828, 'ช้างทอง   ', 220, 19, 3),
(1829, 'หินโคน   ', 220, 19, 3),
(1830, 'กระโทก   ', 221, 19, 3),
(1831, 'พลับพลา   ', 221, 19, 3),
(1832, 'ท่าอ่าง   ', 221, 19, 3),
(1833, 'ทุ่งอรุณ   ', 221, 19, 3),
(1834, 'ท่าลาดขาว   ', 221, 19, 3),
(1835, 'ท่าจะหลุง   ', 221, 19, 3),
(1836, 'ท่าเยี่ยม   ', 221, 19, 3),
(1837, 'โชคชัย   ', 221, 19, 3),
(1838, 'ละลมใหม่พัฒนา   ', 221, 19, 3),
(1839, 'ด่านเกวียน   ', 221, 19, 3),
(1840, 'กุดพิมาน   ', 222, 19, 3),
(1841, 'ด่านขุนทด   ', 222, 19, 3),
(1842, 'ด่านนอก   ', 222, 19, 3),
(1843, 'ด่านใน   ', 222, 19, 3),
(1844, 'ตะเคียน   ', 222, 19, 3),
(1845, 'บ้านเก่า   ', 222, 19, 3),
(1846, 'บ้านแปรง   ', 222, 19, 3),
(1847, 'พันชนะ   ', 222, 19, 3),
(1848, 'สระจรเข้   ', 222, 19, 3),
(1849, 'หนองกราด   ', 222, 19, 3),
(1850, 'หนองบัวตะเกียด   ', 222, 19, 3),
(1851, 'หนองบัวละคร   ', 222, 19, 3),
(1852, 'หินดาด   ', 222, 19, 3),
(1853, '*สำนักตะคร้อ   ', 222, 19, 3),
(1854, 'ห้วยบง   ', 222, 19, 3),
(1855, '*หนองแวง   ', 222, 19, 3),
(1856, 'โนนเมืองพัฒนา   ', 222, 19, 3),
(1857, 'หนองไทร   ', 222, 19, 3),
(1858, '*บึงปรือ   ', 222, 19, 3),
(1859, 'โนนไทย   ', 223, 19, 3),
(1860, 'ด่านจาก   ', 223, 19, 3),
(1861, 'กำปัง   ', 223, 19, 3),
(1862, 'สำโรง   ', 223, 19, 3),
(1863, 'ค้างพลู   ', 223, 19, 3),
(1864, 'บ้านวัง   ', 223, 19, 3),
(1865, 'บัลลังก์   ', 223, 19, 3),
(1866, 'สายออ   ', 223, 19, 3),
(1867, 'ถนนโพธิ์   ', 223, 19, 3),
(1868, 'พังเทียม   ', 223, 19, 3),
(1869, 'สระพระ   ', 223, 19, 3),
(1870, 'ทัพรั้ง   ', 223, 19, 3),
(1871, 'หนองหอย   ', 223, 19, 3),
(1872, 'มะค่า   ', 223, 19, 3),
(1873, 'มาบกราด   ', 223, 19, 3),
(1874, 'โนนสูง   ', 224, 19, 3),
(1875, 'ใหม่   ', 224, 19, 3),
(1876, 'โตนด   ', 224, 19, 3),
(1877, 'บิง   ', 224, 19, 3),
(1878, 'ดอนชมพู   ', 224, 19, 3),
(1879, 'ธารปราสาท   ', 224, 19, 3),
(1880, 'หลุมข้าว   ', 224, 19, 3),
(1881, 'มะค่า   ', 224, 19, 3),
(1882, 'พลสงคราม   ', 224, 19, 3),
(1883, 'จันอัด   ', 224, 19, 3),
(1884, 'ขามเฒ่า   ', 224, 19, 3),
(1885, 'ด่านคล้า   ', 224, 19, 3),
(1886, 'ลำคอหงษ์   ', 224, 19, 3),
(1887, 'เมืองปราสาท   ', 224, 19, 3),
(1888, 'ดอนหวาย   ', 224, 19, 3),
(1889, 'ลำมูล   ', 224, 19, 3),
(1890, 'ขามสะแกแสง   ', 225, 19, 3),
(1891, 'โนนเมือง   ', 225, 19, 3),
(1892, 'เมืองนาท   ', 225, 19, 3),
(1893, 'ชีวึก   ', 225, 19, 3),
(1894, 'พะงาด   ', 225, 19, 3),
(1895, 'หนองหัวฟาน   ', 225, 19, 3),
(1896, 'เมืองเกษตร   ', 225, 19, 3),
(1897, 'บัวใหญ่   ', 226, 19, 3),
(1898, 'ห้วยยาง   ', 226, 19, 3),
(1899, 'เสมาใหญ่   ', 226, 19, 3),
(1900, '*บึงพะไล   ', 226, 19, 3),
(1901, 'ดอนตะหนิน   ', 226, 19, 3),
(1902, 'หนองบัวสะอาด   ', 226, 19, 3),
(1903, 'โนนทองหลาง   ', 226, 19, 3),
(1904, 'หนองหว้า   ', 226, 19, 3),
(1905, 'บัวลาย   ', 226, 19, 3),
(1906, 'สีดา   ', 226, 19, 3),
(1907, 'โพนทอง   ', 226, 19, 3),
(1908, '*แก้งสนามนาง   ', 226, 19, 3),
(1909, 'กุดจอก   ', 226, 19, 3),
(1910, 'ด่านช้าง   ', 226, 19, 3),
(1911, 'โนนจาน   ', 226, 19, 3),
(1912, '*สีสุก   ', 226, 19, 3),
(1913, 'สามเมือง   ', 226, 19, 3),
(1914, '*โนนสำราญ   ', 226, 19, 3),
(1915, 'ขุนทอง   ', 226, 19, 3),
(1916, 'หนองตาดใหญ่   ', 226, 19, 3),
(1917, 'เมืองพะไล   ', 226, 19, 3),
(1918, 'โนนประดู่   ', 226, 19, 3),
(1919, 'หนองแจ้งใหญ่   ', 226, 19, 3),
(1920, 'ประทาย   ', 227, 19, 3),
(1921, '*โนนแดง   ', 227, 19, 3),
(1922, 'กระทุ่มราย   ', 227, 19, 3),
(1923, 'วังไม้แดง   ', 227, 19, 3),
(1924, '*วังหิน   ', 227, 19, 3),
(1925, 'ตลาดไทร   ', 227, 19, 3),
(1926, 'หนองพลวง   ', 227, 19, 3),
(1927, 'หนองค่าย   ', 227, 19, 3),
(1928, 'หันห้วยทราย   ', 227, 19, 3),
(1929, 'ดอนมัน   ', 227, 19, 3),
(1930, '*โนนตาเถร   ', 227, 19, 3),
(1931, '*สำพะเนียง   ', 227, 19, 3),
(1932, 'นางรำ   ', 227, 19, 3),
(1933, 'โนนเพ็ด   ', 227, 19, 3),
(1934, 'ทุ่งสว่าง   ', 227, 19, 3),
(1935, '*ดอนยาวใหญ่   ', 227, 19, 3),
(1936, 'โคกกลาง   ', 227, 19, 3),
(1937, 'เมืองโดน   ', 227, 19, 3),
(1938, 'เมืองปัก   ', 228, 19, 3),
(1939, 'ตะคุ   ', 228, 19, 3),
(1940, 'โคกไทย   ', 228, 19, 3),
(1941, 'สำโรง   ', 228, 19, 3),
(1942, 'ตะขบ   ', 228, 19, 3),
(1943, 'นกออก   ', 228, 19, 3),
(1944, 'ดอน   ', 228, 19, 3),
(1945, '*วังน้ำเขียว   ', 228, 19, 3),
(1946, 'ตูม   ', 228, 19, 3),
(1947, 'งิ้ว   ', 228, 19, 3),
(1948, 'สะแกราช   ', 228, 19, 3),
(1949, 'ลำนางแก้ว   ', 228, 19, 3),
(1950, '*วังหมี   ', 228, 19, 3),
(1951, '*ระเริง   ', 228, 19, 3),
(1952, '*อุดมทรัพย์   ', 228, 19, 3),
(1953, 'ภูหลวง   ', 228, 19, 3),
(1954, 'ธงชัยเหนือ   ', 228, 19, 3),
(1955, 'สุขเกษม   ', 228, 19, 3),
(1956, 'เกษมทรัพย์   ', 228, 19, 3),
(1957, 'บ่อปลาทอง   ', 228, 19, 3),
(1958, 'ในเมือง   ', 229, 19, 3),
(1959, 'สัมฤทธิ์   ', 229, 19, 3),
(1960, 'โบสถ์   ', 229, 19, 3),
(1961, 'กระเบื้องใหญ่   ', 229, 19, 3),
(1962, 'ท่าหลวง   ', 229, 19, 3),
(1963, 'รังกาใหญ่   ', 229, 19, 3),
(1964, 'ชีวาน   ', 229, 19, 3),
(1965, 'นิคมสร้างตนเอง   ', 229, 19, 3),
(1966, 'กระชอน   ', 229, 19, 3),
(1967, 'ดงใหญ่   ', 229, 19, 3),
(1968, 'ธารละหลอด   ', 229, 19, 3),
(1969, 'หนองระเวียง   ', 229, 19, 3),
(1970, 'ห้วยแถลง   ', 230, 19, 3),
(1971, 'ทับสวาย   ', 230, 19, 3),
(1972, 'เมืองพลับพลา   ', 230, 19, 3),
(1973, 'หลุ่งตะเคียน   ', 230, 19, 3),
(1974, 'หินดาด   ', 230, 19, 3),
(1975, 'งิ้ว   ', 230, 19, 3),
(1976, 'กงรถ   ', 230, 19, 3),
(1977, 'หลุ่งประดู่   ', 230, 19, 3),
(1978, 'ตะโก   ', 230, 19, 3),
(1979, 'ห้วยแคน   ', 230, 19, 3),
(1980, 'ชุมพวง   ', 231, 19, 3),
(1981, 'ประสุข   ', 231, 19, 3),
(1982, 'ท่าลาด   ', 231, 19, 3),
(1983, 'สาหร่าย   ', 231, 19, 3),
(1984, 'ตลาดไทร   ', 231, 19, 3),
(1985, 'ช่องแมว   ', 231, 19, 3),
(1986, 'ขุย   ', 231, 19, 3),
(1987, '*กระเบื้องนอก   ', 231, 19, 3),
(1988, '*เมืองยาง   ', 231, 19, 3),
(1989, 'โนนรัง   ', 231, 19, 3),
(1990, 'บ้านยาง   ', 231, 19, 3),
(1991, '*ละหานปลาค้าว   ', 231, 19, 3),
(1992, '*โนนอุดม   ', 231, 19, 3),
(1993, 'หนองหลัก   ', 231, 19, 3),
(1994, 'ไพล   ', 231, 19, 3),
(1995, 'โนนตูม   ', 231, 19, 3),
(1996, 'โนนยอ   ', 231, 19, 3),
(1997, 'สูงเนิน   ', 232, 19, 3),
(1998, 'เสมา   ', 232, 19, 3),
(1999, 'โคราช   ', 232, 19, 3),
(2000, 'บุ่งขี้เหล็ก   ', 232, 19, 3),
(2001, 'โนนค่า   ', 232, 19, 3),
(2002, 'โค้งยาง   ', 232, 19, 3),
(2003, 'มะเกลือเก่า   ', 232, 19, 3),
(2004, 'มะเกลือใหม่   ', 232, 19, 3),
(2005, 'นากลาง   ', 232, 19, 3),
(2006, 'หนองตะไก้   ', 232, 19, 3),
(2007, 'กุดจิก   ', 232, 19, 3),
(2008, 'ขามทะเลสอ   ', 233, 19, 3),
(2009, 'โป่งแดง   ', 233, 19, 3),
(2010, 'พันดุง   ', 233, 19, 3),
(2011, 'หนองสรวง   ', 233, 19, 3),
(2012, 'บึงอ้อ   ', 233, 19, 3),
(2013, 'สีคิ้ว   ', 234, 19, 3),
(2014, 'บ้านหัน   ', 234, 19, 3),
(2015, 'กฤษณา   ', 234, 19, 3),
(2016, 'ลาดบัวขาว   ', 234, 19, 3),
(2017, 'หนองหญ้าขาว   ', 234, 19, 3),
(2018, 'กุดน้อย   ', 234, 19, 3),
(2019, 'หนองน้ำใส   ', 234, 19, 3),
(2020, 'วังโรงใหญ่   ', 234, 19, 3),
(2021, 'มิตรภาพ   ', 234, 19, 3),
(2022, 'คลองไผ่   ', 234, 19, 3),
(2023, 'ดอนเมือง   ', 234, 19, 3),
(2024, 'หนองบัวน้อย   ', 234, 19, 3),
(2025, 'ปากช่อง   ', 235, 19, 3),
(2026, 'กลางดง   ', 235, 19, 3),
(2027, 'จันทึก   ', 235, 19, 3),
(2028, 'วังกะทะ   ', 235, 19, 3),
(2029, 'หมูสี   ', 235, 19, 3),
(2030, 'หนองสาหร่าย   ', 235, 19, 3),
(2031, 'ขนงพระ   ', 235, 19, 3),
(2032, 'โป่งตาลอง   ', 235, 19, 3),
(2033, 'คลองม่วง   ', 235, 19, 3),
(2034, 'หนองน้ำแดง   ', 235, 19, 3),
(2035, 'วังไทร   ', 235, 19, 3),
(2036, 'พญาเย็น   ', 235, 19, 3),
(2037, 'หนองบุนนาก   ', 236, 19, 3),
(2038, 'สารภี   ', 236, 19, 3),
(2039, 'ไทยเจริญ   ', 236, 19, 3),
(2040, 'หนองหัวแรต   ', 236, 19, 3),
(2041, 'แหลมทอง   ', 236, 19, 3),
(2042, 'หนองตะไก้   ', 236, 19, 3),
(2043, 'ลุงเขว้า   ', 236, 19, 3),
(2044, 'หนองไม้ไผ่   ', 236, 19, 3),
(2045, 'บ้านใหม่   ', 236, 19, 3),
(2046, 'แก้งสนามนาง   ', 237, 19, 3),
(2047, 'โนนสำราญ   ', 237, 19, 3),
(2048, 'บึงพะไล   ', 237, 19, 3),
(2049, 'สีสุก   ', 237, 19, 3),
(2050, 'บึงสำโรง   ', 237, 19, 3),
(2051, 'โนนแดง   ', 238, 19, 3),
(2052, 'โนนตาเถร   ', 238, 19, 3),
(2053, 'สำพะเนียง   ', 238, 19, 3),
(2054, 'วังหิน   ', 238, 19, 3),
(2055, 'ดอนยาวใหญ่   ', 238, 19, 3),
(2056, 'วังน้ำเขียว   ', 239, 19, 3),
(2057, 'วังหมี   ', 239, 19, 3),
(2058, 'ระเริง   ', 239, 19, 3),
(2059, 'อุดมทรัพย์   ', 239, 19, 3),
(2060, 'ไทยสามัคคี   ', 239, 19, 3),
(2061, 'สำนักตะคร้อ   ', 240, 19, 3),
(2062, 'หนองแวง   ', 240, 19, 3),
(2063, 'บึงปรือ   ', 240, 19, 3),
(2064, 'วังยายทอง   ', 240, 19, 3),
(2065, 'เมืองยาง   ', 241, 19, 3),
(2066, 'กระเบื้องนอก   ', 241, 19, 3),
(2067, 'ละหานปลาค้าว   ', 241, 19, 3),
(2068, 'โนนอุดม   ', 241, 19, 3),
(2069, 'สระพระ   ', 242, 19, 3),
(2070, 'มาบกราด   ', 242, 19, 3),
(2071, 'พังเทียม   ', 242, 19, 3),
(2072, 'ทัพรั้ง   ', 242, 19, 3),
(2073, 'หนองหอย   ', 242, 19, 3),
(2074, 'ขุย   ', 243, 19, 3),
(2075, 'บ้านยาง   ', 243, 19, 3),
(2076, 'ช่องแมว   ', 243, 19, 3),
(2077, 'ไพล   ', 243, 19, 3),
(2078, 'เมืองพะไล   ', 244, 19, 3),
(2079, 'โนนจาน   ', 244, 19, 3),
(2080, 'บัวลาย   ', 244, 19, 3),
(2081, 'หนองหว้า   ', 244, 19, 3),
(2082, 'สีดา   ', 245, 19, 3),
(2083, 'โพนทอง   ', 245, 19, 3),
(2084, 'โนนประดู่   ', 245, 19, 3),
(2085, 'สามเมือง   ', 245, 19, 3),
(2086, 'หนองตาดใหญ่   ', 245, 19, 3),
(2087, 'ช้างทอง   ', 246, 19, 3),
(2088, 'ท่าช้าง   ', 246, 19, 3),
(2089, 'พระพุทธ   ', 246, 19, 3),
(2090, 'หนองงูเหลือม   ', 246, 19, 3),
(2091, 'หนองยาง   ', 246, 19, 3),
(2092, 'ในเมือง   ', 250, 20, 3),
(2093, 'อิสาณ   ', 250, 20, 3),
(2094, 'เสม็ด   ', 250, 20, 3),
(2095, 'บ้านบัว   ', 250, 20, 3),
(2096, 'สะแกโพรง   ', 250, 20, 3),
(2097, 'สวายจีก   ', 250, 20, 3),
(2098, '*ห้วยราช   ', 250, 20, 3),
(2099, 'บ้านยาง   ', 250, 20, 3),
(2100, 'บ้านด่าน*   ', 250, 20, 3),
(2101, '*สามแวง   ', 250, 20, 3),
(2102, 'ปราสาท*   ', 250, 20, 3),
(2103, 'พระครู   ', 250, 20, 3),
(2104, 'ถลุงเหล็ก   ', 250, 20, 3),
(2105, 'หนองตาด   ', 250, 20, 3),
(2106, 'โนนขวาง*   ', 250, 20, 3),
(2107, '*ตาเสา   ', 250, 20, 3),
(2108, 'ลุมปุ๊ก   ', 250, 20, 3),
(2109, 'สองห้อง   ', 250, 20, 3),
(2110, 'บัวทอง   ', 250, 20, 3),
(2111, 'ชุมเห็ด   ', 250, 20, 3),
(2112, '*สนวน   ', 250, 20, 3),
(2113, 'หลักเขต   ', 250, 20, 3),
(2114, 'วังเหนือ*   ', 250, 20, 3),
(2115, '*บ้านตะโก   ', 250, 20, 3),
(2116, 'สะแกซำ   ', 250, 20, 3),
(2117, 'กลันทา   ', 250, 20, 3),
(2118, 'กระสัง   ', 250, 20, 3),
(2119, 'เมืองฝาง   ', 250, 20, 3),
(2120, '*ปะเคียบ   ', 250, 20, 3),
(2121, '*ห้วยราช   ', 250, 20, 3),
(2122, 'คูเมือง   ', 251, 20, 3),
(2123, 'ปะเคียบ   ', 251, 20, 3),
(2124, 'บ้านแพ   ', 251, 20, 3),
(2125, 'พรสำราญ   ', 251, 20, 3),
(2126, 'หินเหล็กไฟ   ', 251, 20, 3),
(2127, 'ตูมใหญ่   ', 251, 20, 3),
(2128, 'หนองขมาร   ', 251, 20, 3),
(2129, 'กระสัง', 252, 20, 3),
(2130, 'ลำดวน   ', 252, 20, 3),
(2131, 'สองชั้น   ', 252, 20, 3),
(2132, 'สูงเนิน   ', 252, 20, 3),
(2133, 'หนองเต็ง   ', 252, 20, 3),
(2134, 'เมืองไผ่   ', 252, 20, 3),
(2135, 'ชุมแสง   ', 252, 20, 3),
(2136, 'บ้านปรือ   ', 252, 20, 3),
(2137, 'ห้วยสำราญ   ', 252, 20, 3),
(2138, 'กันทรารมย์   ', 252, 20, 3),
(2139, 'ศรีภูมิ   ', 252, 20, 3),
(2140, 'นางรอง   ', 253, 20, 3),
(2141, 'ตาเป๊ก*   ', 253, 20, 3),
(2142, 'สะเดา   ', 253, 20, 3),
(2143, '*ชำนิ   ', 253, 20, 3),
(2144, 'ชุมแสง   ', 253, 20, 3),
(2145, 'หนองโบสถ์   ', 253, 20, 3),
(2146, '*หนองปล่อง   ', 253, 20, 3),
(2147, 'หนองกง   ', 253, 20, 3),
(2148, '*ทุ่งจังหัน   ', 253, 20, 3),
(2149, '*เมืองยาง   ', 253, 20, 3),
(2150, 'เจริญสุข*   ', 253, 20, 3),
(2151, '*โนนสุวรรณ   ', 253, 20, 3),
(2152, 'ถนนหัก   ', 253, 20, 3),
(2153, 'หนองไทร   ', 253, 20, 3),
(2154, 'ก้านเหลือง   ', 253, 20, 3),
(2155, 'บ้านสิงห์   ', 253, 20, 3),
(2156, 'ลำไทรโยง   ', 253, 20, 3),
(2157, 'ทรัพย์พระยา   ', 253, 20, 3),
(2158, 'อีสานเขต*   ', 253, 20, 3),
(2159, '*ดงอีจาน   ', 253, 20, 3),
(2160, '*โกรกแก้ว   ', 253, 20, 3),
(2161, '*ช่อผกา   ', 253, 20, 3),
(2162, '*ละลวด   ', 253, 20, 3),
(2163, 'หนองยายพิมพ์   ', 253, 20, 3),
(2164, 'หัวถนน   ', 253, 20, 3),
(2165, 'ทุ่งแสงทอง   ', 253, 20, 3),
(2166, 'หนองโสน   ', 253, 20, 3),
(2167, '*หนองปล่อง   ', 253, 20, 3),
(2168, '*ชำนิ   ', 253, 20, 3),
(2169, '*ดอนอะราง   ', 253, 20, 3),
(2170, '*เมืองไผ่   ', 253, 20, 3),
(2171, '*เย้ยปราสาท   ', 253, 20, 3),
(2172, '*หนองกี่   ', 253, 20, 3),
(2173, 'หนองกี่   ', 254, 20, 3),
(2174, 'เย้ยปราสาท   ', 254, 20, 3),
(2175, 'เมืองไผ่   ', 254, 20, 3),
(2176, 'ดอนอะราง   ', 254, 20, 3),
(2177, 'โคกสว่าง   ', 254, 20, 3),
(2178, 'ทุ่งกระตาดพัฒนา   ', 254, 20, 3),
(2179, 'ทุ่งกระเต็น   ', 254, 20, 3),
(2180, 'ท่าโพธิ์ชัย   ', 254, 20, 3),
(2181, 'โคกสูง   ', 254, 20, 3),
(2182, 'บุกระสัง   ', 254, 20, 3),
(2183, 'ละหานทราย   ', 255, 20, 3),
(2184, 'ถาวร*   ', 255, 20, 3),
(2185, 'ตาจง   ', 255, 20, 3),
(2186, 'สำโรงใหม่   ', 255, 20, 3),
(2187, '*โนนดินแดง   ', 255, 20, 3),
(2188, 'ยายแย้มวัฒนา*   ', 255, 20, 3),
(2189, 'หนองแวง   ', 255, 20, 3),
(2190, '*ลำนางรอง   ', 255, 20, 3),
(2191, '*ส้มป่อย   ', 255, 20, 3),
(2192, 'หนองตะครอง   ', 255, 20, 3),
(2193, 'โคกว่าน   ', 255, 20, 3),
(2194, '*ไทยเจริญ   ', 255, 20, 3),
(2195, 'ประโคนชัย   ', 256, 20, 3),
(2196, 'แสลงโทน   ', 256, 20, 3),
(2197, 'บ้านไทร   ', 256, 20, 3),
(2198, '*จันดุม   ', 256, 20, 3),
(2199, 'ละเวี้ย   ', 256, 20, 3),
(2200, 'จรเข้มาก   ', 256, 20, 3),
(2201, 'ปังกู   ', 256, 20, 3),
(2202, 'โคกย่าง   ', 256, 20, 3),
(2203, '*โคกขมิ้น   ', 256, 20, 3),
(2204, 'โคกม้า   ', 256, 20, 3),
(2205, '*ป่าชัน   ', 256, 20, 3),
(2206, '*สะเดา   ', 256, 20, 3),
(2207, 'ไพศาล   ', 256, 20, 3),
(2208, 'ตะโกตาพิ   ', 256, 20, 3),
(2209, 'เขาคอก   ', 256, 20, 3),
(2210, 'หนองบอน   ', 256, 20, 3),
(2211, '*สำโรง   ', 256, 20, 3),
(2212, 'โคกมะขาม   ', 256, 20, 3),
(2213, 'โคกตูม   ', 256, 20, 3),
(2214, 'ประทัดบุ   ', 256, 20, 3),
(2215, 'สี่เหลี่ยม   ', 256, 20, 3),
(2216, '*ป่าชัน   ', 256, 20, 3),
(2217, '*โคกขมิ้น   ', 256, 20, 3),
(2218, '*จันดุม   ', 256, 20, 3),
(2219, 'บ้านกรวด   ', 257, 20, 3),
(2220, 'โนนเจริญ   ', 257, 20, 3),
(2221, 'หนองไม้งาม   ', 257, 20, 3),
(2222, 'ปราสาท   ', 257, 20, 3),
(2223, 'สายตะกู   ', 257, 20, 3),
(2224, 'หินลาด   ', 257, 20, 3),
(2225, 'บึงเจริญ   ', 257, 20, 3),
(2226, 'จันทบเพชร   ', 257, 20, 3),
(2227, 'เขาดินเหนือ   ', 257, 20, 3),
(2228, 'พุทไธสง   ', 258, 20, 3),
(2229, 'มะเฟือง   ', 258, 20, 3),
(2230, 'บ้านจาน   ', 258, 20, 3),
(2231, '*หนองแวง   ', 258, 20, 3),
(2232, '*ทองหลาง   ', 258, 20, 3),
(2233, 'บ้านเป้า   ', 258, 20, 3),
(2234, 'บ้านแวง   ', 258, 20, 3),
(2235, '*บ้านแดงใหญ่   ', 258, 20, 3),
(2236, 'บ้านยาง   ', 258, 20, 3),
(2237, 'หายโศก   ', 258, 20, 3),
(2238, '*กู่สวนแตง   ', 258, 20, 3),
(2239, '*หนองเยือง   ', 258, 20, 3),
(2240, 'ลำปลายมาศ   ', 259, 20, 3),
(2241, 'หนองคู   ', 259, 20, 3),
(2242, 'แสลงพัน   ', 259, 20, 3),
(2243, 'ทะเมนชัย   ', 259, 20, 3),
(2244, 'ตลาดโพธิ์   ', 259, 20, 3),
(2245, 'หนองกะทิง   ', 259, 20, 3),
(2246, 'โคกกลาง   ', 259, 20, 3),
(2247, 'โคกสะอาด   ', 259, 20, 3),
(2248, 'เมืองแฝก   ', 259, 20, 3),
(2249, 'บ้านยาง   ', 259, 20, 3),
(2250, 'ผไทรินทร์   ', 259, 20, 3),
(2251, 'โคกล่าม   ', 259, 20, 3),
(2252, 'หินโคน   ', 259, 20, 3),
(2253, 'หนองบัวโคก   ', 259, 20, 3),
(2254, 'บุโพธิ์   ', 259, 20, 3),
(2255, 'หนองโดน   ', 259, 20, 3),
(2256, '*ไทยสามัคคี   ', 259, 20, 3),
(2257, '*ห้วยหิน   ', 259, 20, 3),
(2258, '*สระแก้ว   ', 259, 20, 3),
(2259, 'สตึก   ', 260, 20, 3),
(2260, 'นิคม   ', 260, 20, 3),
(2261, 'ทุ่งวัง   ', 260, 20, 3),
(2262, 'เมืองแก   ', 260, 20, 3),
(2263, 'หนองใหญ่   ', 260, 20, 3),
(2264, 'ร่อนทอง   ', 260, 20, 3),
(2265, 'แคนดง*   ', 260, 20, 3),
(2266, 'ดงพลอง*   ', 260, 20, 3),
(2267, 'ดอนมนต์   ', 260, 20, 3),
(2268, 'ชุมแสง   ', 260, 20, 3),
(2269, 'ท่าม่วง   ', 260, 20, 3),
(2270, 'สะแก   ', 260, 20, 3),
(2271, 'สระบัว*   ', 260, 20, 3),
(2272, 'สนามชัย   ', 260, 20, 3),
(2273, 'กระสัง   ', 260, 20, 3),
(2274, 'หัวฝาย*   ', 260, 20, 3),
(2275, 'ปะคำ   ', 261, 20, 3),
(2276, 'ไทยเจริญ   ', 261, 20, 3),
(2277, 'หนองบัว   ', 261, 20, 3),
(2278, 'โคกมะม่วง   ', 261, 20, 3),
(2279, 'หูทำนบ   ', 261, 20, 3),
(2280, 'นาโพธิ์   ', 262, 20, 3),
(2281, 'บ้านคู   ', 262, 20, 3),
(2282, 'บ้านดู่   ', 262, 20, 3),
(2283, 'ดอนกอก   ', 262, 20, 3),
(2284, 'ศรีสว่าง   ', 262, 20, 3),
(2285, 'สระแก้ว   ', 263, 20, 3),
(2286, 'ห้วยหิน   ', 263, 20, 3),
(2287, 'ไทยสามัคคี   ', 263, 20, 3),
(2288, 'หนองชัยศรี   ', 263, 20, 3),
(2289, 'เสาเดียว   ', 263, 20, 3),
(2290, 'เมืองฝ้าย   ', 263, 20, 3),
(2291, 'สระทอง   ', 263, 20, 3),
(2292, 'จันดุม   ', 264, 20, 3),
(2293, 'โคกขมิ้น   ', 264, 20, 3),
(2294, 'ป่าชัน   ', 264, 20, 3),
(2295, 'สะเดา   ', 264, 20, 3),
(2296, 'สำโรง   ', 264, 20, 3),
(2297, 'ห้วยราช   ', 265, 20, 3),
(2298, 'สามแวง   ', 265, 20, 3),
(2299, 'ตาเสา   ', 265, 20, 3),
(2300, 'บ้านตะโก   ', 265, 20, 3),
(2301, 'สนวน   ', 265, 20, 3),
(2302, 'โคกเหล็ก   ', 265, 20, 3),
(2303, 'เมืองโพธิ์   ', 265, 20, 3),
(2304, 'ห้วยราชา   ', 265, 20, 3),
(2305, 'โนนสุวรรณ   ', 266, 20, 3),
(2306, 'ทุ่งจังหัน   ', 266, 20, 3),
(2307, 'โกรกแก้ว   ', 266, 20, 3),
(2308, 'ดงอีจาน   ', 266, 20, 3),
(2309, 'ชำนิ   ', 267, 20, 3),
(2310, 'หนองปล่อง   ', 267, 20, 3),
(2311, 'เมืองยาง   ', 267, 20, 3),
(2312, 'ช่อผกา   ', 267, 20, 3),
(2313, 'ละลวด   ', 267, 20, 3),
(2314, 'โคกสนวน   ', 267, 20, 3),
(2315, 'หนองแวง   ', 268, 20, 3),
(2316, 'ทองหลาง   ', 268, 20, 3),
(2317, 'แดงใหญ่   ', 268, 20, 3),
(2318, 'กู่สวนแตง   ', 268, 20, 3),
(2319, 'หนองเยือง   ', 268, 20, 3),
(2320, 'โนนดินแดง   ', 269, 20, 3),
(2321, 'ส้มป่อย   ', 269, 20, 3),
(2322, 'ลำนางรอง   ', 269, 20, 3),
(2323, 'บ้านด่าน   ', 270, 20, 3),
(2324, 'ปราสาท   ', 270, 20, 3),
(2325, 'วังเหนือ   ', 270, 20, 3),
(2326, 'โนนขวาง   ', 270, 20, 3),
(2327, 'แคนดง   ', 271, 20, 3),
(2328, 'ดงพลอง   ', 271, 20, 3),
(2329, 'สระบัว   ', 271, 20, 3),
(2330, 'หัวฝาย   ', 271, 20, 3),
(2331, 'เจริญสุข   ', 272, 20, 3),
(2332, 'ตาเป๊ก   ', 272, 20, 3),
(2333, 'อีสานเขต   ', 272, 20, 3),
(2334, 'ถาวร   ', 272, 20, 3),
(2335, 'ยายแย้มวัฒนา   ', 272, 20, 3),
(2336, 'ในเมือง   ', 273, 21, 3),
(2337, 'ตั้งใจ   ', 273, 21, 3),
(2338, 'เพี้ยราม   ', 273, 21, 3),
(2339, 'นาดี   ', 273, 21, 3),
(2340, 'ท่าสว่าง   ', 273, 21, 3),
(2341, 'สลักได   ', 273, 21, 3),
(2342, 'ตาอ็อง   ', 273, 21, 3),
(2343, 'ตากูก*   ', 273, 21, 3),
(2344, 'สำโรง   ', 273, 21, 3),
(2345, 'แกใหญ่   ', 273, 21, 3),
(2346, 'นอกเมือง   ', 273, 21, 3),
(2347, 'คอโค   ', 273, 21, 3),
(2348, 'สวาย   ', 273, 21, 3),
(2349, 'เฉนียง   ', 273, 21, 3),
(2350, 'บึง*   ', 273, 21, 3),
(2351, 'เทนมีย์   ', 273, 21, 3),
(2352, 'เขวาสินรินทร์*   ', 273, 21, 3),
(2353, 'นาบัว   ', 273, 21, 3),
(2354, 'เมืองที   ', 273, 21, 3),
(2355, 'ราม   ', 273, 21, 3),
(2356, 'บุฤาษี   ', 273, 21, 3),
(2357, 'ตระแสง   ', 273, 21, 3),
(2358, 'บ้านแร่*   ', 273, 21, 3),
(2359, 'ปราสาททอง*   ', 273, 21, 3),
(2360, 'แสลงพันธ์   ', 273, 21, 3),
(2361, 'กาเกาะ   ', 273, 21, 3),
(2362, 'ชุมพลบุรี   ', 274, 21, 3),
(2363, 'นาหนองไผ่   ', 274, 21, 3),
(2364, 'ไพรขลา   ', 274, 21, 3),
(2365, 'ศรีณรงค์   ', 274, 21, 3),
(2366, 'ยะวึก   ', 274, 21, 3),
(2367, 'เมืองบัว   ', 274, 21, 3),
(2368, 'สระขุด   ', 274, 21, 3),
(2369, 'กระเบื้อง   ', 274, 21, 3),
(2370, 'หนองเรือ   ', 274, 21, 3),
(2371, 'ท่าตูม   ', 275, 21, 3),
(2372, 'กระโพ   ', 275, 21, 3),
(2373, 'พรมเทพ   ', 275, 21, 3),
(2374, 'โพนครก   ', 275, 21, 3),
(2375, 'เมืองแก   ', 275, 21, 3),
(2376, 'บะ   ', 275, 21, 3),
(2377, 'หนองบัว   ', 275, 21, 3),
(2378, 'บัวโคก   ', 275, 21, 3),
(2379, 'หนองเมธี   ', 275, 21, 3),
(2380, 'ทุ่งกุลา   ', 275, 21, 3),
(2381, 'จอมพระ   ', 276, 21, 3),
(2382, 'เมืองลีง   ', 276, 21, 3),
(2383, 'กระหาด   ', 276, 21, 3),
(2384, 'บุแกรง   ', 276, 21, 3),
(2385, 'หนองสนิท   ', 276, 21, 3),
(2386, 'บ้านผือ   ', 276, 21, 3),
(2387, 'ลุ่มระวี   ', 276, 21, 3),
(2388, 'ชุมแสง   ', 276, 21, 3),
(2389, 'เป็นสุข   ', 276, 21, 3),
(2390, 'กังแอน   ', 277, 21, 3),
(2391, 'ทมอ   ', 277, 21, 3),
(2392, 'ไพล   ', 277, 21, 3),
(2393, 'ปรือ   ', 277, 21, 3),
(2394, 'ทุ่งมน   ', 277, 21, 3),
(2395, 'ตาเบา   ', 277, 21, 3),
(2396, 'หนองใหญ่   ', 277, 21, 3),
(2397, 'โคกยาง   ', 277, 21, 3),
(2398, 'โคกสะอาด   ', 277, 21, 3),
(2399, 'บ้านไทร   ', 277, 21, 3),
(2400, 'โชคนาสาม   ', 277, 21, 3),
(2401, 'เชื้อเพลิง   ', 277, 21, 3),
(2402, 'ปราสาททนง   ', 277, 21, 3),
(2403, 'ตานี   ', 277, 21, 3),
(2404, 'บ้านพลวง   ', 277, 21, 3),
(2405, 'กันตวจระมวล   ', 277, 21, 3),
(2406, 'สมุด   ', 277, 21, 3),
(2407, 'ประทัดบุ   ', 277, 21, 3),
(2408, '*ด่าน   ', 277, 21, 3),
(2409, '*คูตัน   ', 277, 21, 3),
(2410, '*โคกกลาง   ', 277, 21, 3),
(2411, '*บักได   ', 277, 21, 3),
(2412, '*กาบเชิง   ', 277, 21, 3),
(2413, 'กาบเชิง   ', 278, 21, 3),
(2414, '*บักได   ', 278, 21, 3),
(2415, '*โคกกลาง   ', 278, 21, 3),
(2416, 'คูตัน   ', 278, 21, 3),
(2417, 'ด่าน   ', 278, 21, 3),
(2418, 'แนงมุด   ', 278, 21, 3),
(2419, 'โคกตะเคียน   ', 278, 21, 3),
(2420, '*ตาเมียง   ', 278, 21, 3),
(2421, '*จีกแดก   ', 278, 21, 3),
(2422, 'ตะเคียน   ', 278, 21, 3),
(2423, 'รัตนบุรี   ', 279, 21, 3),
(2424, 'ธาตุ   ', 279, 21, 3),
(2425, 'แก   ', 279, 21, 3),
(2426, 'ดอนแรด   ', 279, 21, 3),
(2427, 'หนองบัวทอง   ', 279, 21, 3),
(2428, 'หนองบัวบาน   ', 279, 21, 3),
(2429, 'หนองหลวง*   ', 279, 21, 3),
(2430, 'หนองเทพ*   ', 279, 21, 3),
(2431, 'ไผ่   ', 279, 21, 3),
(2432, 'โนน*   ', 279, 21, 3),
(2433, 'เบิด   ', 279, 21, 3),
(2434, 'ระเวียง*   ', 279, 21, 3),
(2435, 'น้ำเขียว   ', 279, 21, 3),
(2436, 'กุดขาคีม   ', 279, 21, 3),
(2437, 'ยางสว่าง   ', 279, 21, 3),
(2438, 'ทับใหญ่   ', 279, 21, 3),
(2439, 'คำผง*   ', 279, 21, 3),
(2440, '*สนม   ', 279, 21, 3),
(2441, '*หนองระฆัง   ', 279, 21, 3),
(2442, '*นานวน   ', 279, 21, 3),
(2443, '*โพนโก   ', 279, 21, 3),
(2444, '*แคน   ', 279, 21, 3),
(2445, 'สนม   ', 280, 21, 3),
(2446, 'โพนโก   ', 280, 21, 3),
(2447, 'หนองระฆัง   ', 280, 21, 3),
(2448, 'นานวน   ', 280, 21, 3),
(2449, 'แคน   ', 280, 21, 3),
(2450, 'หัวงัว   ', 280, 21, 3),
(2451, 'หนองอียอ   ', 280, 21, 3),
(2452, 'ระแงง   ', 281, 21, 3),
(2453, 'ตรึม   ', 281, 21, 3),
(2454, 'จารพัต   ', 281, 21, 3),
(2455, 'ยาง   ', 281, 21, 3),
(2456, 'แตล   ', 281, 21, 3),
(2457, 'หนองบัว   ', 281, 21, 3),
(2458, 'คาละแมะ   ', 281, 21, 3),
(2459, 'หนองเหล็ก   ', 281, 21, 3),
(2460, 'หนองขวาว   ', 281, 21, 3),
(2461, 'ช่างปี่   ', 281, 21, 3),
(2462, 'กุดหวาย   ', 281, 21, 3),
(2463, 'ขวาวใหญ่   ', 281, 21, 3),
(2464, 'นารุ่ง   ', 281, 21, 3),
(2465, 'ตรมไพร   ', 281, 21, 3),
(2466, 'ผักไหม   ', 281, 21, 3),
(2467, 'สังขะ   ', 282, 21, 3),
(2468, 'ขอนแตก   ', 282, 21, 3),
(2469, '*ณรงค์   ', 282, 21, 3),
(2470, '*แจนแวน   ', 282, 21, 3),
(2471, '*ตรวจ   ', 282, 21, 3),
(2472, 'ดม   ', 282, 21, 3),
(2473, 'พระแก้ว   ', 282, 21, 3),
(2474, 'บ้านจารย์   ', 282, 21, 3),
(2475, 'กระเทียม   ', 282, 21, 3),
(2476, 'สะกาด   ', 282, 21, 3),
(2477, 'ตาตุม   ', 282, 21, 3),
(2478, 'ทับทัน   ', 282, 21, 3),
(2479, 'ตาคง   ', 282, 21, 3),
(2480, '*ศรีสุข   ', 282, 21, 3),
(2481, 'บ้านชบ   ', 282, 21, 3),
(2482, '*หนองแวง   ', 282, 21, 3),
(2483, 'เทพรักษา   ', 282, 21, 3),
(2484, '*คูตัน   ', 282, 21, 3),
(2485, '*ด่าน   ', 282, 21, 3),
(2486, 'ลำดวน   ', 283, 21, 3),
(2487, 'โชคเหนือ   ', 283, 21, 3),
(2488, 'อู่โลก   ', 283, 21, 3),
(2489, 'ตรำดม   ', 283, 21, 3),
(2490, 'ตระเปียงเตีย   ', 283, 21, 3),
(2491, 'สำโรงทาบ   ', 284, 21, 3),
(2492, 'หนองไผ่ล้อม   ', 284, 21, 3),
(2493, 'กระออม   ', 284, 21, 3),
(2494, 'หนองฮะ   ', 284, 21, 3),
(2495, 'ศรีสุข   ', 284, 21, 3),
(2496, 'เกาะแก้ว   ', 284, 21, 3),
(2497, 'หมื่นศรี   ', 284, 21, 3),
(2498, 'เสม็จ   ', 284, 21, 3),
(2499, 'สะโน   ', 284, 21, 3),
(2500, 'ประดู่   ', 284, 21, 3),
(2501, 'บัวเชด   ', 285, 21, 3),
(2502, 'สะเดา   ', 285, 21, 3),
(2503, 'จรัส   ', 285, 21, 3),
(2504, 'ตาวัง   ', 285, 21, 3),
(2505, 'อาโพน   ', 285, 21, 3),
(2506, 'สำเภาลูน   ', 285, 21, 3),
(2507, 'บักได   ', 286, 21, 3),
(2508, 'โคกกลาง   ', 286, 21, 3),
(2509, 'จีกแดก   ', 286, 21, 3),
(2510, 'ตาเมียง   ', 286, 21, 3),
(2511, 'ณรงค์   ', 287, 21, 3),
(2512, 'แจนแวน   ', 287, 21, 3),
(2513, 'ตรวจ   ', 287, 21, 3),
(2514, 'หนองแวง   ', 287, 21, 3),
(2515, 'ศรีสุข   ', 287, 21, 3),
(2516, 'เขวาสินรินทร์   ', 288, 21, 3),
(2517, 'บึง   ', 288, 21, 3),
(2518, 'ตากูก   ', 288, 21, 3),
(2519, 'ปราสาททอง   ', 288, 21, 3),
(2520, 'บ้านแร่   ', 288, 21, 3),
(2521, 'หนองหลวง   ', 289, 21, 3),
(2522, 'คำผง   ', 289, 21, 3),
(2523, 'โนน   ', 289, 21, 3),
(2524, 'ระเวียง   ', 289, 21, 3),
(2525, 'หนองเทพ   ', 289, 21, 3),
(2526, 'เมืองเหนือ   ', 290, 22, 3),
(2527, 'เมืองใต้   ', 290, 22, 3),
(2528, 'คูซอด   ', 290, 22, 3),
(2529, 'ซำ   ', 290, 22, 3),
(2530, 'จาน   ', 290, 22, 3),
(2531, 'ตะดอบ   ', 290, 22, 3),
(2532, 'หนองครก   ', 290, 22, 3),
(2533, '*โนนเพ็ก   ', 290, 22, 3),
(2534, '*พรหมสวัสดิ์   ', 290, 22, 3),
(2535, '*พยุห์   ', 290, 22, 3),
(2536, 'โพนข่า   ', 290, 22, 3),
(2537, 'โพนค้อ   ', 290, 22, 3),
(2538, '*ธาตุ   ', 290, 22, 3),
(2539, '*ตำแย   ', 290, 22, 3),
(2540, 'โพนเขวา   ', 290, 22, 3),
(2541, 'หญ้าปล้อง   ', 290, 22, 3),
(2542, '*บุสูง   ', 290, 22, 3),
(2543, 'ทุ่ม   ', 290, 22, 3),
(2544, 'หนองไฮ   ', 290, 22, 3),
(2545, '*ดวนใหญ่   ', 290, 22, 3),
(2546, 'หนองแก้ว   ', 290, 22, 3),
(2547, 'น้ำคำ   ', 290, 22, 3),
(2548, 'โพธิ์   ', 290, 22, 3),
(2549, 'หมากเขียบ   ', 290, 22, 3),
(2550, '*บ่อแก้ว   ', 290, 22, 3),
(2551, '*ศรีสำราญ   ', 290, 22, 3),
(2552, 'หนองไผ่   ', 290, 22, 3),
(2553, '*หนองค้า   ', 290, 22, 3),
(2554, '*ดวนใหญ่   ', 290, 22, 3),
(2555, '*ธาตุ   ', 290, 22, 3),
(2556, '*บุสูง   ', 290, 22, 3),
(2557, '*คอนกาม   ', 290, 22, 3),
(2558, 'ยางชุมน้อย   ', 291, 22, 3),
(2559, 'ลิ้นฟ้า   ', 291, 22, 3),
(2560, 'คอนกาม   ', 291, 22, 3),
(2561, 'โนนคูณ   ', 291, 22, 3),
(2562, 'กุดเมืองฮาม   ', 291, 22, 3),
(2563, 'บึงบอน   ', 291, 22, 3),
(2564, 'ยางชุมใหญ่   ', 291, 22, 3),
(2565, 'ดูน   ', 292, 22, 3),
(2566, 'โนนสัง   ', 292, 22, 3),
(2567, 'หนองหัวช้าง   ', 292, 22, 3),
(2568, 'ยาง   ', 292, 22, 3),
(2569, 'หนองแวง   ', 292, 22, 3),
(2570, 'หนองแก้ว   ', 292, 22, 3),
(2571, 'ทาม   ', 292, 22, 3),
(2572, 'ละทาย   ', 292, 22, 3),
(2573, 'เมืองน้อย   ', 292, 22, 3),
(2574, 'อีปาด   ', 292, 22, 3),
(2575, 'บัวน้อย   ', 292, 22, 3),
(2576, 'หนองบัว   ', 292, 22, 3),
(2577, 'ดู่   ', 292, 22, 3),
(2578, 'ผักแพว   ', 292, 22, 3),
(2579, 'จาน   ', 292, 22, 3),
(2580, '*ตองบิด   ', 292, 22, 3),
(2581, '*ละเอาะ   ', 292, 22, 3),
(2582, '*น้ำเกลี้ยง   ', 292, 22, 3),
(2583, '*เขิน   ', 292, 22, 3),
(2584, 'คำเนียม   ', 292, 22, 3),
(2585, '*ตองปิด   ', 292, 22, 3),
(2586, '*ละเอาะ   ', 292, 22, 3),
(2587, '*หนองกุง   ', 292, 22, 3),
(2588, '*โพธิ์   ', 292, 22, 3),
(2589, '*บก   ', 292, 22, 3),
(2590, '*โนนค้อ   ', 292, 22, 3),
(2591, 'บึงมะลู   ', 293, 22, 3),
(2592, 'กุดเสลา   ', 293, 22, 3),
(2593, 'เมือง   ', 293, 22, 3),
(2594, '*หนองหว้า   ', 293, 22, 3),
(2595, 'สังเม็ก   ', 293, 22, 3),
(2596, 'น้ำอ้อม   ', 293, 22, 3),
(2597, 'ละลาย   ', 293, 22, 3),
(2598, 'รุง   ', 293, 22, 3),
(2599, 'ตระกาจ   ', 293, 22, 3),
(2600, '*เสียว   ', 293, 22, 3),
(2601, 'จานใหญ่   ', 293, 22, 3),
(2602, 'ภูเงิน   ', 293, 22, 3),
(2603, 'ชำ   ', 293, 22, 3),
(2604, 'กระแชง   ', 293, 22, 3),
(2605, 'โนนสำราญ   ', 293, 22, 3),
(2606, 'หนองหญ้าลาด   ', 293, 22, 3),
(2607, '*หนองงูเหลือม   ', 293, 22, 3),
(2608, '*ท่าคล้อ   ', 293, 22, 3),
(2609, 'เสาธงชัย   ', 293, 22, 3),
(2610, 'ขนุน   ', 293, 22, 3),
(2611, 'สวนกล้วย   ', 293, 22, 3),
(2612, '*หนองฮาง   ', 293, 22, 3),
(2613, 'เวียงเหนือ   ', 293, 22, 3),
(2614, 'ทุ่งใหญ่   ', 293, 22, 3),
(2615, 'ภูผาหมอก   ', 293, 22, 3),
(2616, '*สระเยาว์   ', 293, 22, 3),
(2617, '*พิงพวย   ', 293, 22, 3),
(2618, '*ศรีแก้ว   ', 293, 22, 3),
(2619, '*ตูม   ', 293, 22, 3),
(2620, 'กันทรารมย์   ', 294, 22, 3),
(2621, 'จะกง   ', 294, 22, 3),
(2622, 'ใจดี   ', 294, 22, 3),
(2623, 'ดองกำเม็ด   ', 294, 22, 3),
(2624, 'โสน   ', 294, 22, 3),
(2625, 'ปรือใหญ่   ', 294, 22, 3),
(2626, 'สะเดาใหญ่   ', 294, 22, 3),
(2627, 'ตาอุด   ', 294, 22, 3),
(2628, 'ห้วยเหนือ   ', 294, 22, 3),
(2629, 'ห้วยใต้   ', 294, 22, 3),
(2630, 'หัวเสือ   ', 294, 22, 3),
(2631, '*ละลม   ', 294, 22, 3),
(2632, 'ตะเคียน   ', 294, 22, 3),
(2633, '*โคกตาล   ', 294, 22, 3),
(2634, 'นิคมพัฒนา   ', 294, 22, 3),
(2635, '*ห้วยตามอญ   ', 294, 22, 3),
(2636, 'โคกเพชร   ', 294, 22, 3),
(2637, 'ปราสาท   ', 294, 22, 3),
(2638, '*ตะเคียนราม   ', 294, 22, 3),
(2639, '*ห้วยติ๊กชู   ', 294, 22, 3),
(2640, 'สำโรงตาเจ็น   ', 294, 22, 3),
(2641, 'ห้วยสำราญ   ', 294, 22, 3),
(2642, '*ดงรัก   ', 294, 22, 3),
(2643, 'กฤษณา   ', 294, 22, 3),
(2644, 'ลมศักดิ์   ', 294, 22, 3),
(2645, 'หนองฉลอง   ', 294, 22, 3),
(2646, 'ศรีตระกูล   ', 294, 22, 3),
(2647, 'ศรีสะอาด   ', 294, 22, 3),
(2648, '*ละลม   ', 294, 22, 3),
(2649, 'ไพรบึง   ', 295, 22, 3),
(2650, 'ดินแดง   ', 295, 22, 3),
(2651, 'ปราสาทเยอ   ', 295, 22, 3),
(2652, 'สำโรงพลัน   ', 295, 22, 3),
(2653, 'สุขสวัสดิ์   ', 295, 22, 3),
(2654, 'โนนปูน   ', 295, 22, 3),
(2655, 'พิมาย   ', 296, 22, 3),
(2656, 'กู่   ', 296, 22, 3),
(2657, 'หนองเชียงทูน   ', 296, 22, 3),
(2658, 'ตูม   ', 296, 22, 3),
(2659, 'สมอ   ', 296, 22, 3),
(2660, 'โพธิ์ศรี   ', 296, 22, 3),
(2661, 'สำโรงปราสาท   ', 296, 22, 3),
(2662, 'ดู่   ', 296, 22, 3),
(2663, 'สวาย   ', 296, 22, 3),
(2664, 'พิมายเหนือ   ', 296, 22, 3),
(2665, 'สิ   ', 297, 22, 3),
(2666, 'บักดอง   ', 297, 22, 3),
(2667, 'พราน   ', 297, 22, 3),
(2668, 'โพธิ์วงศ์   ', 297, 22, 3),
(2669, 'ไพร   ', 297, 22, 3),
(2670, 'กระหวัน   ', 297, 22, 3),
(2671, 'ขุนหาญ   ', 297, 22, 3),
(2672, 'โนนสูง   ', 297, 22, 3),
(2673, 'กันทรอม   ', 297, 22, 3),
(2674, 'ภูฝ้าย   ', 297, 22, 3),
(2675, 'โพธิ์กระสังข์   ', 297, 22, 3),
(2676, 'ห้วยจันทร์   ', 297, 22, 3),
(2677, 'เมืองคง   ', 298, 22, 3),
(2678, 'เมืองแคน   ', 298, 22, 3),
(2679, 'หนองแค   ', 298, 22, 3),
(2680, 'กุง*   ', 298, 22, 3),
(2681, 'คลีกลิ้ง*   ', 298, 22, 3),
(2682, 'จิกสังข์ทอง   ', 298, 22, 3),
(2683, 'ด่าน   ', 298, 22, 3),
(2684, 'ดู่   ', 298, 22, 3),
(2685, 'หนองอึ่ง   ', 298, 22, 3),
(2686, 'บัวหุ่ง   ', 298, 22, 3),
(2687, 'ไผ่   ', 298, 22, 3),
(2688, 'ส้มป่อย   ', 298, 22, 3),
(2689, 'หนองหมี   ', 298, 22, 3),
(2690, 'หว้านคำ   ', 298, 22, 3),
(2691, 'สร้างปี่   ', 298, 22, 3),
(2692, 'โจดม่วง*   ', 298, 22, 3),
(2693, 'หนองบัวดง*   ', 298, 22, 3),
(2694, 'กำแพง   ', 299, 22, 3),
(2695, 'อี่หล่ำ   ', 299, 22, 3),
(2696, 'ก้านเหลือง   ', 299, 22, 3),
(2697, 'ทุ่งไชย   ', 299, 22, 3),
(2698, 'สำโรง   ', 299, 22, 3),
(2699, 'แขม   ', 299, 22, 3),
(2700, 'หนองไฮ   ', 299, 22, 3),
(2701, 'ขะยูง   ', 299, 22, 3),
(2702, '*ตาโกน   ', 299, 22, 3),
(2703, 'ตาเกษ   ', 299, 22, 3),
(2704, 'หัวช้าง   ', 299, 22, 3),
(2705, 'รังแร้ง   ', 299, 22, 3),
(2706, '*เมืองจันทร์   ', 299, 22, 3),
(2707, 'แต้   ', 299, 22, 3),
(2708, 'แข้   ', 299, 22, 3),
(2709, 'โพธิ์ชัย   ', 299, 22, 3),
(2710, 'ปะอาว   ', 299, 22, 3),
(2711, 'หนองห้าง   ', 299, 22, 3),
(2712, '*โดด   ', 299, 22, 3),
(2713, '*เสียว   ', 299, 22, 3),
(2714, '*หนองม้า   ', 299, 22, 3),
(2715, 'สระกำแพงใหญ่   ', 299, 22, 3),
(2716, '*หนองใหญ่   ', 299, 22, 3),
(2717, 'โคกหล่าม   ', 299, 22, 3),
(2718, 'โคกจาน   ', 299, 22, 3),
(2719, '*ผือใหญ่   ', 299, 22, 3),
(2720, '*อีเซ   ', 299, 22, 3),
(2721, '*ผักไหม   ', 299, 22, 3),
(2722, '*กล้วยกว้าง   ', 299, 22, 3),
(2723, '*ห้วยทับทัน   ', 299, 22, 3),
(2724, '*เป๊าะ   ', 299, 22, 3),
(2725, 'เป๊าะ   ', 300, 22, 3),
(2726, 'บึงบูรพ์   ', 300, 22, 3),
(2727, 'ห้วยทับทัน   ', 301, 22, 3),
(2728, 'เมืองหลวง   ', 301, 22, 3),
(2729, 'กล้วยกว้าง   ', 301, 22, 3),
(2730, 'ผักไหม   ', 301, 22, 3),
(2731, 'จานแสนไชย   ', 301, 22, 3),
(2732, 'ปราสาท   ', 301, 22, 3),
(2733, 'โนนค้อ   ', 302, 22, 3),
(2734, 'บก   ', 302, 22, 3),
(2735, 'โพธิ์   ', 302, 22, 3),
(2736, 'หนองกุง   ', 302, 22, 3),
(2737, 'เหล่ากวาง   ', 302, 22, 3),
(2738, 'ศรีแก้ว   ', 303, 22, 3),
(2739, 'พิงพวย   ', 303, 22, 3),
(2740, 'สระเยาว์   ', 303, 22, 3),
(2741, 'ตูม   ', 303, 22, 3),
(2742, 'เสื่องข้าว   ', 303, 22, 3),
(2743, 'ศรีโนนงาม   ', 303, 22, 3),
(2744, 'สะพุง   ', 303, 22, 3),
(2745, 'น้ำเกลี้ยง   ', 304, 22, 3),
(2746, 'ละเอาะ   ', 304, 22, 3),
(2747, 'ตองปิด   ', 304, 22, 3),
(2748, 'เขิน   ', 304, 22, 3),
(2749, 'รุ่งระวี   ', 304, 22, 3),
(2750, 'คูบ   ', 304, 22, 3),
(2751, 'บุสูง   ', 305, 22, 3),
(2752, 'ธาตุ   ', 305, 22, 3),
(2753, 'ดวนใหญ่   ', 305, 22, 3),
(2754, 'บ่อแก้ว   ', 305, 22, 3),
(2755, 'ศรีสำราญ   ', 305, 22, 3),
(2756, 'ทุ่งสว่าง   ', 305, 22, 3),
(2757, 'วังหิน   ', 305, 22, 3),
(2758, 'โพนยาง   ', 305, 22, 3),
(2759, 'โคกตาล   ', 306, 22, 3),
(2760, 'ห้วยตามอญ   ', 306, 22, 3),
(2761, 'ห้วยตึ๊กชู   ', 306, 22, 3),
(2762, 'ละลม   ', 306, 22, 3),
(2763, 'ตะเคียนราม   ', 306, 22, 3),
(2764, 'ดงรัก   ', 306, 22, 3),
(2765, 'ไพรพัฒนา   ', 306, 22, 3),
(2766, 'เมืองจันทร์   ', 307, 22, 3),
(2767, 'ตาโกน   ', 307, 22, 3),
(2768, 'หนองใหญ่   ', 307, 22, 3),
(2769, 'เสียว   ', 308, 22, 3),
(2770, 'หนองหว้า   ', 308, 22, 3),
(2771, 'หนองงูเหลือม   ', 308, 22, 3),
(2772, 'หนองฮาง   ', 308, 22, 3),
(2773, 'ท่าคล้อ   ', 308, 22, 3),
(2774, 'พยุห์   ', 309, 22, 3),
(2775, 'พรหมสวัสดิ์   ', 309, 22, 3),
(2776, 'ตำแย   ', 309, 22, 3),
(2777, 'โนนเพ็ก   ', 309, 22, 3),
(2778, 'หนองค้า   ', 309, 22, 3),
(2779, 'โดด   ', 310, 22, 3),
(2780, 'เสียว   ', 310, 22, 3),
(2781, 'หนองม้า   ', 310, 22, 3),
(2782, 'ผือใหญ่   ', 310, 22, 3),
(2783, 'อีเซ   ', 310, 22, 3),
(2784, 'กุง   ', 311, 22, 3),
(2785, 'คลีกลิ้ง   ', 311, 22, 3),
(2786, 'หนองบัวดง   ', 311, 22, 3),
(2787, 'โจดม่วง   ', 311, 22, 3),
(2788, 'ในเมือง   ', 312, 23, 3),
(2789, '*โพนเมือง   ', 312, 23, 3),
(2790, '*ท่าเมือง   ', 312, 23, 3),
(2791, 'หัวเรือ   ', 312, 23, 3),
(2792, 'หนองขอน   ', 312, 23, 3),
(2793, '*ดอนมดแดง   ', 312, 23, 3),
(2794, 'ปทุม   ', 312, 23, 3),
(2795, 'ขามใหญ่   ', 312, 23, 3),
(2796, 'แจระแม   ', 312, 23, 3),
(2797, '*คำไฮใหญ่   ', 312, 23, 3),
(2798, 'หนองบ่อ   ', 312, 23, 3),
(2799, 'ไร่น้อย   ', 312, 23, 3),
(2800, 'กระโสบ   ', 312, 23, 3),
(2801, '*เหล่าแดง   ', 312, 23, 3),
(2802, '*เหล่าเสือโก้ก   ', 312, 23, 3),
(2803, 'กุดลาด   ', 312, 23, 3),
(2804, '*หนองบก   ', 312, 23, 3),
(2805, '*แพงใหญ่   ', 312, 23, 3),
(2806, 'ขี้เหล็ก   ', 312, 23, 3),
(2807, 'ปะอาว   ', 312, 23, 3),
(2808, 'นาคำ   ', 313, 23, 3),
(2809, 'แก้งกอก   ', 313, 23, 3),
(2810, 'เอือดใหญ่   ', 313, 23, 3),
(2811, 'วาริน   ', 313, 23, 3),
(2812, 'ลาดควาย   ', 313, 23, 3),
(2813, 'สงยาง   ', 313, 23, 3),
(2814, 'ตะบ่าย   ', 313, 23, 3),
(2815, 'คำไหล   ', 313, 23, 3),
(2816, 'หนามแท่ง   ', 313, 23, 3),
(2817, 'นาเลิน   ', 313, 23, 3),
(2818, 'ดอนใหญ่   ', 313, 23, 3),
(2819, 'โขงเจียม   ', 314, 23, 3),
(2820, 'ห้วยยาง   ', 314, 23, 3),
(2821, 'นาโพธิ์กลาง   ', 314, 23, 3),
(2822, 'หนองแสงใหญ่   ', 314, 23, 3),
(2823, 'ห้วยไผ่   ', 314, 23, 3),
(2824, 'คำเขื่อนแก้ว   ', 314, 23, 3),
(2825, 'เขื่องใน   ', 315, 23, 3),
(2826, 'สร้างถ่อ   ', 315, 23, 3),
(2827, 'ค้อทอง   ', 315, 23, 3),
(2828, 'ก่อเอ้   ', 315, 23, 3),
(2829, 'หัวดอน   ', 315, 23, 3),
(2830, 'ชีทวน   ', 315, 23, 3),
(2831, 'ท่าไห   ', 315, 23, 3),
(2832, 'นาคำใหญ่   ', 315, 23, 3),
(2833, 'แดงหม้อ   ', 315, 23, 3),
(2834, 'ธาตุน้อย   ', 315, 23, 3),
(2835, 'บ้านไทย   ', 315, 23, 3),
(2836, 'บ้านกอก   ', 315, 23, 3),
(2837, 'กลางใหญ่   ', 315, 23, 3),
(2838, 'โนนรัง   ', 315, 23, 3),
(2839, 'ยางขี้นก   ', 315, 23, 3),
(2840, 'ศรีสุข   ', 315, 23, 3),
(2841, 'สหธาตุ   ', 315, 23, 3),
(2842, 'หนองเหล่า   ', 315, 23, 3),
(2843, 'เขมราฐ   ', 316, 23, 3),
(2844, '*กองโพน   ', 316, 23, 3),
(2845, 'ขามป้อม   ', 316, 23, 3),
(2846, 'เจียด   ', 316, 23, 3),
(2847, '*พังเคน   ', 316, 23, 3),
(2848, '*นาตาล   ', 316, 23, 3),
(2849, 'หนองผือ   ', 316, 23, 3),
(2850, 'นาแวง   ', 316, 23, 3),
(2851, '*พะลาน   ', 316, 23, 3),
(2852, 'แก้งเหนือ   ', 316, 23, 3),
(2853, 'หนองนกทา   ', 316, 23, 3),
(2854, 'หนองสิม   ', 316, 23, 3),
(2855, 'หัวนา   ', 316, 23, 3),
(2856, '*ชานุมาน   ', 317, 23, 3),
(2857, '*โคกสาร   ', 317, 23, 3),
(2858, '*คำเขื่อนแก้ว   ', 317, 23, 3),
(2859, '*หนองข่า   ', 317, 23, 3),
(2860, '*คำโพน   ', 317, 23, 3),
(2861, '*โคกก่ง   ', 317, 23, 3),
(2862, '*ป่าก่อ   ', 317, 23, 3),
(2863, 'เมืองเดช   ', 318, 23, 3),
(2864, 'นาส่วง   ', 318, 23, 3),
(2865, '*นาเยีย   ', 318, 23, 3),
(2866, 'นาเจริญ   ', 318, 23, 3),
(2867, '*นาเรือง   ', 318, 23, 3),
(2868, 'ทุ่งเทิง   ', 318, 23, 3),
(2869, '*หนองอ้ม   ', 318, 23, 3),
(2870, 'สมสะอาด   ', 318, 23, 3),
(2871, 'กุดประทาย   ', 318, 23, 3),
(2872, 'ตบหู   ', 318, 23, 3),
(2873, 'กลาง   ', 318, 23, 3),
(2874, 'แก้ง   ', 318, 23, 3),
(2875, 'ท่าโพธิ์ศรี   ', 318, 23, 3),
(2876, '*นาเกษม   ', 318, 23, 3),
(2877, 'บัวงาม   ', 318, 23, 3),
(2878, 'คำครั่ง   ', 318, 23, 3),
(2879, 'นากระแซง   ', 318, 23, 3),
(2880, '*กุดเรือ   ', 318, 23, 3),
(2881, '*นาดี   ', 318, 23, 3),
(2882, 'โพนงาม   ', 318, 23, 3),
(2883, 'ป่าโมง   ', 318, 23, 3),
(2884, '*โคกชำแระ   ', 318, 23, 3),
(2885, 'โนนสมบูรณ์   ', 318, 23, 3),
(2886, 'นาจะหลวย   ', 319, 23, 3),
(2887, 'โนนสมบูรณ์   ', 319, 23, 3),
(2888, 'พรสวรรค์   ', 319, 23, 3),
(2889, 'บ้านตูม   ', 319, 23, 3),
(2890, 'โสกแสง   ', 319, 23, 3),
(2891, 'โนนสวรรค์   ', 319, 23, 3),
(2892, 'โซง   ', 320, 23, 3),
(2893, 'ตาเกา*   ', 320, 23, 3),
(2894, 'ยาง   ', 320, 23, 3),
(2895, 'โดมประดิษฐ์   ', 320, 23, 3),
(2896, 'ขี้เหล็ก*   ', 320, 23, 3),
(2897, 'บุเปือย   ', 320, 23, 3),
(2898, 'สีวิเชียร   ', 320, 23, 3),
(2899, 'ไพบูลย์*   ', 320, 23, 3),
(2900, 'ยางใหญ่   ', 320, 23, 3),
(2901, 'โคกสะอาด*   ', 320, 23, 3),
(2902, 'เก่าขาม   ', 320, 23, 3),
(2903, 'โพนงาม   ', 321, 23, 3),
(2904, 'ห้วยข่า   ', 321, 23, 3),
(2905, 'คอแลน   ', 321, 23, 3),
(2906, 'นาโพธิ์   ', 321, 23, 3),
(2907, 'หนองสะโน   ', 321, 23, 3),
(2908, 'โนนค้อ   ', 321, 23, 3),
(2909, 'บัวงาม   ', 321, 23, 3),
(2910, 'บ้านแมด   ', 321, 23, 3),
(2911, 'ขุหลุ   ', 322, 23, 3),
(2912, 'กระเดียน   ', 322, 23, 3),
(2913, 'เกษม   ', 322, 23, 3),
(2914, 'กุศกร   ', 322, 23, 3),
(2915, 'ขามเปี้ย   ', 322, 23, 3),
(2916, 'คอนสาย   ', 322, 23, 3),
(2917, 'โคกจาน   ', 322, 23, 3),
(2918, 'นาพิน   ', 322, 23, 3),
(2919, 'นาสะไม   ', 322, 23, 3),
(2920, 'โนนกุง   ', 322, 23, 3),
(2921, 'ตระการ   ', 322, 23, 3),
(2922, 'ตากแดด   ', 322, 23, 3),
(2923, 'ไหล่ทุ่ง   ', 322, 23, 3),
(2924, 'เป้า   ', 322, 23, 3),
(2925, 'เซเป็ด   ', 322, 23, 3),
(2926, 'สะพือ   ', 322, 23, 3),
(2927, 'หนองเต่า   ', 322, 23, 3),
(2928, 'ถ้ำแข้   ', 322, 23, 3),
(2929, 'ท่าหลวง   ', 322, 23, 3),
(2930, 'ห้วยฝ้ายพัฒนา   ', 322, 23, 3),
(2931, 'กุดยาลวน   ', 322, 23, 3),
(2932, 'บ้านแดง   ', 322, 23, 3),
(2933, 'คำเจริญ   ', 322, 23, 3),
(2934, 'ข้าวปุ้น   ', 323, 23, 3),
(2935, 'โนนสวาง   ', 323, 23, 3),
(2936, 'แก่งเค็ง   ', 323, 23, 3),
(2937, 'กาบิน   ', 323, 23, 3),
(2938, 'หนองทันน้ำ   ', 323, 23, 3),
(2939, '*พนา   ', 324, 23, 3),
(2940, '*จานลาน   ', 324, 23, 3),
(2941, '*ไม้กลอน   ', 324, 23, 3),
(2942, '*ลือ   ', 324, 23, 3),
(2943, '*ห้วย   ', 324, 23, 3),
(2944, '*นาหว้า   ', 324, 23, 3),
(2945, '*พระเหลา   ', 324, 23, 3),
(2946, '*นาป่าแซง   ', 324, 23, 3),
(2947, 'ม่วงสามสิบ   ', 325, 23, 3),
(2948, 'เหล่าบก   ', 325, 23, 3),
(2949, 'ดุมใหญ่   ', 325, 23, 3),
(2950, 'หนองช้างใหญ่   ', 325, 23, 3),
(2951, 'หนองเมือง   ', 325, 23, 3),
(2952, 'เตย   ', 325, 23, 3),
(2953, 'ยางสักกระโพหลุ่ม   ', 325, 23, 3),
(2954, 'หนองไข่นก   ', 325, 23, 3),
(2955, 'หนองเหล่า   ', 325, 23, 3),
(2956, 'หนองฮาง   ', 325, 23, 3),
(2957, 'ยางโยภาพ   ', 325, 23, 3),
(2958, 'ไผ่ใหญ่   ', 325, 23, 3),
(2959, 'นาเลิง   ', 325, 23, 3),
(2960, 'โพนแพง   ', 325, 23, 3),
(2961, 'วารินชำราบ   ', 326, 23, 3),
(2962, 'ธาตุ   ', 326, 23, 3),
(2963, '*ท่าช้าง   ', 326, 23, 3),
(2964, 'ท่าลาด   ', 326, 23, 3),
(2965, 'โนนโหนน   ', 326, 23, 3),
(2966, '*โนนกาเล็น   ', 326, 23, 3),
(2967, 'คูเมือง   ', 326, 23, 3),
(2968, 'สระสมิง   ', 326, 23, 3),
(2969, '*ค้อน้อย   ', 326, 23, 3),
(2970, 'คำน้ำแซบ   ', 326, 23, 3),
(2971, 'บุ่งหวาย   ', 326, 23, 3),
(2972, '*หนองไฮ   ', 326, 23, 3),
(2973, '*สำโรง   ', 326, 23, 3),
(2974, '*สว่าง   ', 326, 23, 3),
(2975, 'คำขวาง   ', 326, 23, 3),
(2976, 'โพธิ์ใหญ่   ', 326, 23, 3),
(2977, '*โคกก่อง   ', 326, 23, 3),
(2978, 'แสนสุข   ', 326, 23, 3),
(2979, '*โคกสว่าง   ', 326, 23, 3),
(2980, 'หนองกินเพล   ', 326, 23, 3),
(2981, 'โนนผึ้ง   ', 326, 23, 3),
(2982, 'เมืองศรีไค   ', 326, 23, 3),
(2983, '*บุ่งมะแลง   ', 326, 23, 3),
(2984, 'ห้วยขะยูง   ', 326, 23, 3),
(2985, '*แก่งโดม   ', 326, 23, 3),
(2986, 'บุ่งไหม   ', 326, 23, 3),
(2987, '*บุ่ง   ', 327, 23, 3),
(2988, '*ไก่คำ   ', 327, 23, 3),
(2989, '*นาจิก   ', 327, 23, 3),
(2990, '*ดงมะยาง   ', 327, 23, 3),
(2991, '*อำนาจ   ', 327, 23, 3),
(2992, '*เปือย   ', 327, 23, 3),
(2993, '*ดงบัง   ', 327, 23, 3),
(2994, '*ไร่ขี   ', 327, 23, 3),
(2995, '*ปลาค้าว   ', 327, 23, 3),
(2996, '*เหล่าพรวน   ', 327, 23, 3),
(2997, '*สร้างนกทา   ', 327, 23, 3),
(2998, '*คิ่มใหญ่   ', 327, 23, 3),
(2999, '*นาผือ   ', 327, 23, 3),
(3000, '*น้ำปลีก   ', 327, 23, 3),
(3001, '*นาวัง   ', 327, 23, 3),
(3002, '*นาหมอม้า   ', 327, 23, 3),
(3003, '*โนนโพธิ์   ', 327, 23, 3),
(3004, '*โนนหนามแท่ง   ', 327, 23, 3),
(3005, '*ห้วยไร่   ', 327, 23, 3),
(3006, '*หนองมะแซว   ', 327, 23, 3),
(3007, '*แมด   ', 327, 23, 3),
(3008, '*กุดปลาดุก   ', 327, 23, 3),
(3009, '*โนนงาม   ', 327, 23, 3),
(3010, '*เสนางคนิคม   ', 328, 23, 3),
(3011, '*โพนทอง   ', 328, 23, 3),
(3012, '*ไร่สีสุก   ', 328, 23, 3),
(3013, '*นาเวียง   ', 328, 23, 3),
(3014, '*หนองไฮ   ', 328, 23, 3),
(3015, '*หนองสามสี   ', 328, 23, 3),
(3016, '*หัวตะพาน   ', 329, 23, 3),
(3017, '*คำพระ   ', 329, 23, 3),
(3018, '*เค็งใหญ่   ', 329, 23, 3),
(3019, '*หนองแก้ว   ', 329, 23, 3),
(3020, '*โพนเมืองน้อย   ', 329, 23, 3),
(3021, '*สร้างถ่อน้อย   ', 329, 23, 3),
(3022, '*จิกดู่   ', 329, 23, 3),
(3023, '*รัตนวารี   ', 329, 23, 3),
(3024, 'พิบูล   ', 330, 23, 3),
(3025, 'กุดชมภู   ', 330, 23, 3),
(3026, '*คันไร่   ', 330, 23, 3),
(3027, 'ดอนจิก   ', 330, 23, 3),
(3028, 'ทรายมูล   ', 330, 23, 3),
(3029, 'นาโพธิ์   ', 330, 23, 3),
(3030, 'โนนกลาง   ', 330, 23, 3),
(3031, '*ฝางคำ   ', 330, 23, 3),
(3032, 'โพธิ์ไทร   ', 330, 23, 3),
(3033, 'โพธิ์ศรี   ', 330, 23, 3),
(3034, 'ระเว   ', 330, 23, 3),
(3035, 'ไร่ใต้   ', 330, 23, 3),
(3036, 'หนองบัวฮี   ', 330, 23, 3),
(3037, 'อ่างศิลา   ', 330, 23, 3),
(3038, '*นิคมสร้างตนเองฯ   ', 330, 23, 3),
(3039, '*ช่องเม็ก   ', 330, 23, 3),
(3040, '*โนนก่อ   ', 330, 23, 3),
(3041, 'โนนกาหลง   ', 330, 23, 3),
(3042, 'บ้านแขม   ', 330, 23, 3),
(3043, 'ตาลสุม   ', 331, 23, 3),
(3044, 'สำโรง   ', 331, 23, 3),
(3045, 'จิกเทิง   ', 331, 23, 3),
(3046, 'หนองกุง   ', 331, 23, 3),
(3047, 'นาคาย   ', 331, 23, 3),
(3048, 'คำหว้า   ', 331, 23, 3),
(3049, 'โพธิ์ไทร   ', 332, 23, 3),
(3050, 'ม่วงใหญ่   ', 332, 23, 3),
(3051, 'สำโรง   ', 332, 23, 3),
(3052, 'สองคอน   ', 332, 23, 3),
(3053, 'สารภี   ', 332, 23, 3),
(3054, 'เหล่างาม   ', 332, 23, 3),
(3055, 'สำโรง   ', 333, 23, 3),
(3056, 'โคกก่อง   ', 333, 23, 3),
(3057, 'หนองไฮ   ', 333, 23, 3),
(3058, 'ค้อน้อย   ', 333, 23, 3),
(3059, 'โนนกาเล็น   ', 333, 23, 3),
(3060, 'โคกสว่าง   ', 333, 23, 3),
(3061, 'โนนกลาง   ', 333, 23, 3),
(3062, 'บอน   ', 333, 23, 3),
(3063, 'ขามป้อม   ', 333, 23, 3),
(3064, '*อำนาจ   ', 334, 23, 3),
(3065, '*ดงมะยาง   ', 334, 23, 3),
(3066, '*เปือย   ', 334, 23, 3),
(3067, '*ดงบัง   ', 334, 23, 3),
(3068, '*ไร่ขี   ', 334, 23, 3),
(3069, '*แมด   ', 334, 23, 3),
(3070, 'ดอนมดแดง   ', 335, 23, 3),
(3071, 'เหล่าแดง   ', 335, 23, 3),
(3072, 'ท่าเมือง   ', 335, 23, 3),
(3073, 'คำไฮใหญ่   ', 335, 23, 3),
(3074, 'คันไร่   ', 336, 23, 3),
(3075, 'ช่องเม็ก   ', 336, 23, 3),
(3076, 'โนนก่อ   ', 336, 23, 3),
(3077, 'นิคมสร้างตนเองลำโดมน้อย   ', 336, 23, 3),
(3078, 'ฝางคำ   ', 336, 23, 3),
(3079, 'คำเขื่อนแก้ว   ', 336, 23, 3),
(3080, '*ทุ่งเทิง   ', 337, 23, 3),
(3081, 'หนองอ้ม   ', 337, 23, 3),
(3082, 'นาเกษม   ', 337, 23, 3),
(3083, 'กุดเรือ   ', 337, 23, 3),
(3084, 'โคกชำแระ   ', 337, 23, 3),
(3085, 'นาห่อม   ', 337, 23, 3),
(3086, '*หนองข่า   ', 338, 23, 3),
(3087, '*คำโพน   ', 338, 23, 3),
(3088, '*นาหว้า   ', 338, 23, 3),
(3089, '*ลือ   ', 338, 23, 3),
(3090, '*ห้วย   ', 338, 23, 3),
(3091, '*โนนงาม   ', 338, 23, 3),
(3092, '*นาป่าแซง   ', 338, 23, 3),
(3093, 'นาเยีย   ', 340, 23, 3),
(3094, 'นาดี   ', 340, 23, 3),
(3095, 'นาเรือง   ', 340, 23, 3),
(3096, 'นาตาล   ', 341, 23, 3),
(3097, 'พะลาน   ', 341, 23, 3),
(3098, 'กองโพน   ', 341, 23, 3),
(3099, 'พังเคน   ', 341, 23, 3),
(3100, 'เหล่าเสือโก้ก   ', 342, 23, 3),
(3101, 'โพนเมือง   ', 342, 23, 3),
(3102, 'แพงใหญ่   ', 342, 23, 3),
(3103, 'หนองบก   ', 342, 23, 3),
(3104, 'แก่งโดม   ', 343, 23, 3),
(3105, 'ท่าช้าง   ', 343, 23, 3),
(3106, 'บุ่งมะแลง   ', 343, 23, 3),
(3107, 'สว่าง   ', 343, 23, 3),
(3108, 'ตาเกา   ', 344, 23, 3),
(3109, 'ไพบูลย์   ', 344, 23, 3),
(3110, 'ขี้เหล็ก   ', 344, 23, 3),
(3111, 'โคกสะอาด   ', 344, 23, 3),
(3112, 'ในเมือง   ', 346, 24, 3),
(3113, 'น้ำคำใหญ่   ', 346, 24, 3),
(3114, 'ตาดทอง   ', 346, 24, 3),
(3115, 'สำราญ   ', 346, 24, 3),
(3116, 'ค้อเหนือ   ', 346, 24, 3),
(3117, 'ดู่ทุ่ง   ', 346, 24, 3),
(3118, 'เดิด   ', 346, 24, 3),
(3119, 'ขั้นไดใหญ่   ', 346, 24, 3),
(3120, 'ทุ่งแต้   ', 346, 24, 3),
(3121, 'สิงห์   ', 346, 24, 3),
(3122, 'นาสะไมย์   ', 346, 24, 3),
(3123, 'เขื่องคำ   ', 346, 24, 3),
(3124, 'หนองหิน   ', 346, 24, 3),
(3125, 'หนองคู   ', 346, 24, 3),
(3126, 'ขุมเงิน   ', 346, 24, 3),
(3127, 'ทุ่งนางโอก   ', 346, 24, 3),
(3128, 'หนองเรือ   ', 346, 24, 3),
(3129, 'หนองเป็ด   ', 346, 24, 3),
(3130, '*นาเวียง   ', 346, 24, 3),
(3131, '*ดงมะไฟ   ', 346, 24, 3),
(3132, '*ดู่ลาย   ', 346, 24, 3),
(3133, '*ทรายมูล   ', 346, 24, 3),
(3134, 'ทรายมูล   ', 347, 24, 3),
(3135, 'ดู่ลาด   ', 347, 24, 3),
(3136, 'ดงมะไฟ   ', 347, 24, 3),
(3137, 'นาเวียง   ', 347, 24, 3),
(3138, 'ไผ่   ', 347, 24, 3),
(3139, 'กุดชุม   ', 348, 24, 3),
(3140, 'โนนเปือย   ', 348, 24, 3),
(3141, 'กำแมด   ', 348, 24, 3),
(3142, 'นาโส่   ', 348, 24, 3),
(3143, 'ห้วยแก้ง   ', 348, 24, 3),
(3144, 'หนองหมี   ', 348, 24, 3),
(3145, 'โพนงาม   ', 348, 24, 3),
(3146, 'คำน้ำสร้าง   ', 348, 24, 3);
INSERT INTO `district` (`dis_code`, `DISTRICT_NAME`, `am_code`, `prov_code`, `GEO_ID`) VALUES
(3147, 'หนองแหน   ', 348, 24, 3),
(3148, 'ลุมพุก   ', 349, 24, 3),
(3149, 'ย่อ   ', 349, 24, 3),
(3150, 'สงเปือย   ', 349, 24, 3),
(3151, 'โพนทัน   ', 349, 24, 3),
(3152, 'ทุ่งมน   ', 349, 24, 3),
(3153, 'นาคำ   ', 349, 24, 3),
(3154, 'ดงแคนใหญ่   ', 349, 24, 3),
(3155, 'กู่จาน   ', 349, 24, 3),
(3156, 'นาแก   ', 349, 24, 3),
(3157, 'กุดกุง   ', 349, 24, 3),
(3158, 'เหล่าไฮ   ', 349, 24, 3),
(3159, 'แคนน้อย   ', 349, 24, 3),
(3160, 'ดงเจริญ   ', 349, 24, 3),
(3161, 'โพธิ์ไทร   ', 350, 24, 3),
(3162, 'กระจาย   ', 350, 24, 3),
(3163, 'โคกนาโก   ', 350, 24, 3),
(3164, 'เชียงเพ็ง   ', 350, 24, 3),
(3165, 'ศรีฐาน   ', 350, 24, 3),
(3166, 'ฟ้าหยาด   ', 351, 24, 3),
(3167, 'หัวเมือง   ', 351, 24, 3),
(3168, 'คูเมือง   ', 351, 24, 3),
(3169, 'ผือฮี   ', 351, 24, 3),
(3170, 'บากเรือ   ', 351, 24, 3),
(3171, 'ม่วง   ', 351, 24, 3),
(3172, 'โนนทราย   ', 351, 24, 3),
(3173, 'บึงแก   ', 351, 24, 3),
(3174, 'พระเสาร์   ', 351, 24, 3),
(3175, 'สงยาง   ', 351, 24, 3),
(3176, '*ค้อวัง   ', 351, 24, 3),
(3177, '*น้ำอ้อม   ', 351, 24, 3),
(3178, '*กุดน้ำใส   ', 351, 24, 3),
(3179, '*ฟ้าห่วน   ', 351, 24, 3),
(3180, 'ฟ้าห่วน   ', 352, 24, 3),
(3181, 'กุดน้ำใส   ', 352, 24, 3),
(3182, 'น้ำอ้อม   ', 352, 24, 3),
(3183, 'ค้อวัง   ', 352, 24, 3),
(3184, '*น้ำคำ   ', 353, 24, 3),
(3185, 'บุ่งค้า   ', 353, 24, 3),
(3186, 'สวาท   ', 353, 24, 3),
(3187, '*ส้มผ่อ   ', 353, 24, 3),
(3188, 'ห้องแซง   ', 353, 24, 3),
(3189, 'สามัคคี   ', 353, 24, 3),
(3190, 'กุดเชียงหมี   ', 353, 24, 3),
(3191, '*คำเตย   ', 353, 24, 3),
(3192, '*คำไผ่   ', 353, 24, 3),
(3193, 'สามแยก   ', 353, 24, 3),
(3194, 'กุดแห่   ', 353, 24, 3),
(3195, 'โคกสำราญ   ', 353, 24, 3),
(3196, 'สร้างมิ่ง   ', 353, 24, 3),
(3197, 'ศรีแก้ว   ', 353, 24, 3),
(3198, '*ไทยเจริญ   ', 353, 24, 3),
(3199, '*ไทยเจริญ   ', 353, 24, 3),
(3200, '*คำไผ่   ', 353, 24, 3),
(3201, '*คำเตย   ', 353, 24, 3),
(3202, '*ส้มผ่อ   ', 353, 24, 3),
(3203, '*น้ำคำ   ', 353, 24, 3),
(3204, 'ไทยเจริญ   ', 354, 24, 3),
(3205, 'น้ำคำ   ', 354, 24, 3),
(3206, 'ส้มผ่อ   ', 354, 24, 3),
(3207, 'คำเตย   ', 354, 24, 3),
(3208, 'คำไผ่   ', 354, 24, 3),
(3209, 'ในเมือง   ', 355, 25, 3),
(3210, 'รอบเมือง   ', 355, 25, 3),
(3211, 'โพนทอง   ', 355, 25, 3),
(3212, 'นาฝาย   ', 355, 25, 3),
(3213, 'บ้านค่าย   ', 355, 25, 3),
(3214, 'กุดตุ้ม   ', 355, 25, 3),
(3215, 'ชีลอง   ', 355, 25, 3),
(3216, 'บ้านเล่า   ', 355, 25, 3),
(3217, 'นาเสียว   ', 355, 25, 3),
(3218, 'หนองนาแซง   ', 355, 25, 3),
(3219, 'ลาดใหญ่   ', 355, 25, 3),
(3220, 'หนองไผ่   ', 355, 25, 3),
(3221, 'ท่าหินโงม   ', 355, 25, 3),
(3222, 'ห้วยต้อน   ', 355, 25, 3),
(3223, 'ห้วยบง   ', 355, 25, 3),
(3224, 'โนนสำราญ   ', 355, 25, 3),
(3225, 'โคกสูง   ', 355, 25, 3),
(3226, 'บุ่งคล้า   ', 355, 25, 3),
(3227, 'ซับสีทอง   ', 355, 25, 3),
(3228, '*เจาทอง   ', 355, 25, 3),
(3229, '*บ้านเจียง   ', 355, 25, 3),
(3230, 'บ้านเขว้า   ', 356, 25, 3),
(3231, 'ตลาดแร้ง   ', 356, 25, 3),
(3232, 'ลุ่มลำชี   ', 356, 25, 3),
(3233, 'ชีบน   ', 356, 25, 3),
(3234, 'ภูแลนคา   ', 356, 25, 3),
(3235, 'โนนแดง   ', 356, 25, 3),
(3236, 'คอนสวรรค์   ', 357, 25, 3),
(3237, 'ยางหวาย   ', 357, 25, 3),
(3238, 'ช่องสามหมอ   ', 357, 25, 3),
(3239, 'โนนสะอาด   ', 357, 25, 3),
(3240, 'ห้วยไร่   ', 357, 25, 3),
(3241, 'บ้านโสก   ', 357, 25, 3),
(3242, 'โคกมั่งงอย   ', 357, 25, 3),
(3243, 'หนองขาม   ', 357, 25, 3),
(3244, 'ศรีสำราญ   ', 357, 25, 3),
(3245, 'บ้านยาง   ', 358, 25, 3),
(3246, 'บ้านหัน   ', 358, 25, 3),
(3247, 'บ้านเดื่อ   ', 358, 25, 3),
(3248, 'บ้านเป้า   ', 358, 25, 3),
(3249, 'กุดเลาะ   ', 358, 25, 3),
(3250, 'โนนกอก   ', 358, 25, 3),
(3251, 'สระโพนทอง   ', 358, 25, 3),
(3252, 'หนองข่า   ', 358, 25, 3),
(3253, 'หนองโพนงาม   ', 358, 25, 3),
(3254, 'บ้านบัว   ', 358, 25, 3),
(3255, 'ซับสีทอง*   ', 358, 25, 3),
(3256, 'โนนทอง   ', 358, 25, 3),
(3257, 'หนองบัวแดง   ', 359, 25, 3),
(3258, 'กุดชุมแสง   ', 359, 25, 3),
(3259, 'ถ้ำวัวแดง   ', 359, 25, 3),
(3260, 'นางแดด   ', 359, 25, 3),
(3261, '*บ้านเจียง   ', 359, 25, 3),
(3262, '*เจาทอง   ', 359, 25, 3),
(3263, 'หนองแวง   ', 359, 25, 3),
(3264, 'คูเมือง   ', 359, 25, 3),
(3265, 'ท่าใหญ่   ', 359, 25, 3),
(3266, '*วังทอง   ', 359, 25, 3),
(3267, 'วังชมภู   ', 359, 25, 3),
(3268, '*เจาทอง   ', 359, 25, 3),
(3269, '*บ้านเจียง   ', 359, 25, 3),
(3270, 'บ้านกอก   ', 360, 25, 3),
(3271, 'หนองบัวบาน   ', 360, 25, 3),
(3272, 'บ้านขาม   ', 360, 25, 3),
(3273, '*หนองฉิม   ', 360, 25, 3),
(3274, 'กุดน้ำใส   ', 360, 25, 3),
(3275, 'หนองโดน   ', 360, 25, 3),
(3276, 'ละหาน   ', 360, 25, 3),
(3277, '*ตาเนิน   ', 360, 25, 3),
(3278, '*กะฮาด   ', 360, 25, 3),
(3279, 'หนองบัวใหญ่   ', 360, 25, 3),
(3280, 'หนองบัวโคก   ', 360, 25, 3),
(3281, 'ท่ากูบ*   ', 360, 25, 3),
(3282, 'ส้มป่อย   ', 360, 25, 3),
(3283, 'ซับใหญ่*   ', 360, 25, 3),
(3284, '*รังงาม   ', 360, 25, 3),
(3285, 'ตะโกทอง*   ', 360, 25, 3),
(3286, 'บ้านชวน   ', 361, 25, 3),
(3287, 'บ้านเพชร   ', 361, 25, 3),
(3288, 'บ้านตาล   ', 361, 25, 3),
(3289, 'หัวทะเล   ', 361, 25, 3),
(3290, 'โคกเริงรมย์   ', 361, 25, 3),
(3291, 'เกาะมะนาว   ', 361, 25, 3),
(3292, 'โคกเพชรพัฒนา   ', 361, 25, 3),
(3293, '*บ้านไร่   ', 361, 25, 3),
(3294, '*นายางกลัก   ', 361, 25, 3),
(3295, '*ห้วยยายจิ๋ว   ', 361, 25, 3),
(3296, '*วะตะแบก   ', 361, 25, 3),
(3297, 'หนองบัวระเหว   ', 362, 25, 3),
(3298, 'วังตะเฆ่   ', 362, 25, 3),
(3299, 'ห้วยแย้   ', 362, 25, 3),
(3300, 'โคกสะอาด   ', 362, 25, 3),
(3301, 'โสกปลาดุก   ', 362, 25, 3),
(3302, 'วะตะแบก   ', 363, 25, 3),
(3303, 'ห้วยยายจิ๋ว   ', 363, 25, 3),
(3304, 'นายางกลัก   ', 363, 25, 3),
(3305, 'บ้านไร่   ', 363, 25, 3),
(3306, 'โป่งนก   ', 363, 25, 3),
(3307, 'ผักปัง   ', 364, 25, 3),
(3308, 'กวางโจน   ', 364, 25, 3),
(3309, 'หนองคอนไทย   ', 364, 25, 3),
(3310, 'บ้านแก้ง   ', 364, 25, 3),
(3311, 'กุดยม   ', 364, 25, 3),
(3312, 'บ้านเพชร   ', 364, 25, 3),
(3313, 'โคกสะอาด   ', 364, 25, 3),
(3314, 'หนองตูม   ', 364, 25, 3),
(3315, 'โอโล   ', 364, 25, 3),
(3316, 'ธาตุทอง   ', 364, 25, 3),
(3317, 'บ้านดอน   ', 364, 25, 3),
(3318, 'บ้านแท่น   ', 365, 25, 3),
(3319, 'สามสวน   ', 365, 25, 3),
(3320, 'สระพัง   ', 365, 25, 3),
(3321, 'บ้านเต่า   ', 365, 25, 3),
(3322, 'หนองคู   ', 365, 25, 3),
(3323, 'ช่องสามหมอ   ', 366, 25, 3),
(3324, 'หนองขาม   ', 366, 25, 3),
(3325, 'นาหนองทุ่ม   ', 366, 25, 3),
(3326, 'บ้านแก้ง   ', 366, 25, 3),
(3327, 'หนองสังข์   ', 366, 25, 3),
(3328, 'หลุบคา   ', 366, 25, 3),
(3329, 'โคกกุง   ', 366, 25, 3),
(3330, 'เก่าย่าดี   ', 366, 25, 3),
(3331, 'ท่ามะไฟหวาน   ', 366, 25, 3),
(3332, 'หนองไผ่   ', 366, 25, 3),
(3333, 'คอนสาร   ', 367, 25, 3),
(3334, 'ทุ่งพระ   ', 367, 25, 3),
(3335, 'โนนคูณ   ', 367, 25, 3),
(3336, 'ห้วยยาง   ', 367, 25, 3),
(3337, 'ทุ่งลุยลาย   ', 367, 25, 3),
(3338, 'ดงบัง   ', 367, 25, 3),
(3339, 'ทุ่งนาเลา   ', 367, 25, 3),
(3340, 'ดงกลาง   ', 367, 25, 3),
(3341, 'บ้านเจียง   ', 368, 25, 3),
(3342, 'เจาทอง   ', 368, 25, 3),
(3343, 'วังทอง   ', 368, 25, 3),
(3344, 'แหลมทอง   ', 368, 25, 3),
(3345, 'หนองฉิม   ', 369, 25, 3),
(3346, 'ตาเนิน   ', 369, 25, 3),
(3347, 'กะฮาด   ', 369, 25, 3),
(3348, 'รังงาม   ', 369, 25, 3),
(3349, 'ซับใหญ่   ', 370, 25, 3),
(3350, 'ท่ากูบ   ', 370, 25, 3),
(3351, 'ตะโกทอง   ', 370, 25, 3),
(3352, 'บุ่ง   ', 380, 26, 3),
(3353, 'ไก่คำ   ', 380, 26, 3),
(3354, 'นาจิก   ', 380, 26, 3),
(3355, 'ปลาค้าว   ', 380, 26, 3),
(3356, 'เหล่าพรวน   ', 380, 26, 3),
(3357, 'สร้างนกทา   ', 380, 26, 3),
(3358, 'คึมใหญ่   ', 380, 26, 3),
(3359, 'นาผือ   ', 380, 26, 3),
(3360, 'น้ำปลีก   ', 380, 26, 3),
(3361, 'นาวัง   ', 380, 26, 3),
(3362, 'นาหมอม้า   ', 380, 26, 3),
(3363, 'โนนโพธิ์   ', 380, 26, 3),
(3364, 'โนนหนามแท่ง   ', 380, 26, 3),
(3365, 'ห้วยไร่   ', 380, 26, 3),
(3366, 'หนองมะแซว   ', 380, 26, 3),
(3367, 'กุดปลาดุก   ', 380, 26, 3),
(3368, 'ดอนเมย   ', 380, 26, 3),
(3369, 'นายม   ', 380, 26, 3),
(3370, 'นาแต้   ', 380, 26, 3),
(3371, '*โพนทอง   ', 380, 26, 3),
(3372, '*ดงมะยาง   ', 380, 26, 3),
(3373, '*เปือย   ', 380, 26, 3),
(3374, '*หนองไฮ   ', 380, 26, 3),
(3375, '*นาเวียง   ', 380, 26, 3),
(3376, '*ไร่ขี   ', 380, 26, 3),
(3377, '*ไร่สีสุก   ', 380, 26, 3),
(3378, '*เสนางคนิคม   ', 380, 26, 3),
(3379, '*อำนาจ   ', 380, 26, 3),
(3380, '*ดงบัง   ', 380, 26, 3),
(3381, 'ชานุมาน   ', 381, 26, 3),
(3382, 'โคกสาร   ', 381, 26, 3),
(3383, 'คำเขื่อนแก้ว   ', 381, 26, 3),
(3384, 'โคกก่ง   ', 381, 26, 3),
(3385, 'ป่าก่อ   ', 381, 26, 3),
(3386, '*หนองข่า   ', 381, 26, 3),
(3387, 'หนองข่า   ', 382, 26, 3),
(3388, 'คำโพน   ', 382, 26, 3),
(3389, 'นาหว้า   ', 382, 26, 3),
(3390, 'ลือ   ', 382, 26, 3),
(3391, 'ห้วย   ', 382, 26, 3),
(3392, 'โนนงาม   ', 382, 26, 3),
(3393, 'นาป่าแซง   ', 382, 26, 3),
(3394, 'พนา   ', 383, 26, 3),
(3395, 'จานลาน   ', 383, 26, 3),
(3396, 'ไม้กลอน   ', 383, 26, 3),
(3397, 'พระเหลา   ', 383, 26, 3),
(3398, '*นาหว้า   ', 383, 26, 3),
(3399, '*ลือ   ', 383, 26, 3),
(3400, '*ห้วย   ', 383, 26, 3),
(3401, 'เสนางคนิคม   ', 384, 26, 3),
(3402, 'โพนทอง   ', 384, 26, 3),
(3403, 'ไร่สีสุก   ', 384, 26, 3),
(3404, 'นาเวียง   ', 384, 26, 3),
(3405, 'หนองไฮ   ', 384, 26, 3),
(3406, 'หนองสามสี   ', 384, 26, 3),
(3407, 'หัวตะพาน   ', 385, 26, 3),
(3408, 'คำพระ   ', 385, 26, 3),
(3409, 'เค็งใหญ่   ', 385, 26, 3),
(3410, 'หนองแก้ว   ', 385, 26, 3),
(3411, 'โพนเมืองน้อย   ', 385, 26, 3),
(3412, 'สร้างถ่อน้อย   ', 385, 26, 3),
(3413, 'จิกดู่   ', 385, 26, 3),
(3414, 'รัตนวารี   ', 385, 26, 3),
(3415, 'อำนาจ   ', 386, 26, 3),
(3416, 'ดงมะยาง   ', 386, 26, 3),
(3417, 'เปือย   ', 386, 26, 3),
(3418, 'ดงบัง   ', 386, 26, 3),
(3419, 'ไร่ขี   ', 386, 26, 3),
(3420, 'แมด   ', 386, 26, 3),
(3421, 'โคกกลาง   ', 386, 26, 3),
(3422, 'หนองบัว   ', 387, 27, 3),
(3423, 'หนองภัยศูนย์   ', 387, 27, 3),
(3424, 'โพธิ์ชัย   ', 387, 27, 3),
(3425, 'หนองสวรรค์   ', 387, 27, 3),
(3426, 'หัวนา   ', 387, 27, 3),
(3427, 'บ้านขาม   ', 387, 27, 3),
(3428, 'นามะเฟือง   ', 387, 27, 3),
(3429, 'บ้านพร้าว   ', 387, 27, 3),
(3430, 'โนนขมิ้น   ', 387, 27, 3),
(3431, 'ลำภู   ', 387, 27, 3),
(3432, 'กุดจิก   ', 387, 27, 3),
(3433, 'โนนทัน   ', 387, 27, 3),
(3434, 'นาคำไฮ   ', 387, 27, 3),
(3435, 'ป่าไม้งาม   ', 387, 27, 3),
(3436, 'หนองหว้า   ', 387, 27, 3),
(3437, 'นากลาง   ', 388, 27, 3),
(3438, 'ด่านช้าง   ', 388, 27, 3),
(3439, '*นาเหล่า   ', 388, 27, 3),
(3440, '*นาแก   ', 388, 27, 3),
(3441, 'กุดดินจี่   ', 388, 27, 3),
(3442, 'ฝั่งแดง   ', 388, 27, 3),
(3443, 'เก่ากลอย   ', 388, 27, 3),
(3444, '*วังทอง   ', 388, 27, 3),
(3445, 'โนนเมือง   ', 388, 27, 3),
(3446, 'อุทัยสวรรค์   ', 388, 27, 3),
(3447, 'ดงสวรรค์   ', 388, 27, 3),
(3448, '*วังปลาป้อม   ', 388, 27, 3),
(3449, 'กุดแห่   ', 388, 27, 3),
(3450, '*เทพคีรี   ', 388, 27, 3),
(3451, 'โนนภูทอง*   ', 388, 27, 3),
(3452, '*นาดี   ', 388, 27, 3),
(3453, '*นาสี   ', 388, 27, 3),
(3454, '*บ้านโคก   ', 388, 27, 3),
(3455, '*โคกนาเหล่า   ', 388, 27, 3),
(3456, 'โนนสัง   ', 389, 27, 3),
(3457, 'บ้านถิ่น   ', 389, 27, 3),
(3458, 'หนองเรือ   ', 389, 27, 3),
(3459, 'กุดดู่   ', 389, 27, 3),
(3460, 'บ้านค้อ   ', 389, 27, 3),
(3461, 'โนนเมือง   ', 389, 27, 3),
(3462, 'โคกใหญ่   ', 389, 27, 3),
(3463, 'โคกม่วง   ', 389, 27, 3),
(3464, 'นิคมพัฒนา   ', 389, 27, 3),
(3465, 'ปางกู่   ', 389, 27, 3),
(3466, 'เมืองใหม่   ', 390, 27, 3),
(3467, 'ศรีบุญเรือง   ', 390, 27, 3),
(3468, 'หนองบัวใต้   ', 390, 27, 3),
(3469, 'กุดสะเทียน   ', 390, 27, 3),
(3470, 'นากอก   ', 390, 27, 3),
(3471, 'โนนสะอาด   ', 390, 27, 3),
(3472, 'ยางหล่อ   ', 390, 27, 3),
(3473, 'โนนม่วง   ', 390, 27, 3),
(3474, 'หนองกุงแก้ว   ', 390, 27, 3),
(3475, 'หนองแก   ', 390, 27, 3),
(3476, 'ทรายทอง   ', 390, 27, 3),
(3477, 'หันนางาม   ', 390, 27, 3),
(3478, 'นาสี   ', 391, 27, 3),
(3479, 'บ้านโคก   ', 391, 27, 3),
(3480, 'นาดี   ', 391, 27, 3),
(3481, 'นาด่าน   ', 391, 27, 3),
(3482, 'ดงมะไฟ   ', 391, 27, 3),
(3483, 'สุวรรณคูหา   ', 391, 27, 3),
(3484, 'บุญทัน   ', 391, 27, 3),
(3485, 'กุดผึ้ง   ', 391, 27, 3),
(3486, 'นาเหล่า   ', 392, 27, 3),
(3487, 'นาแก   ', 392, 27, 3),
(3488, 'วังทอง   ', 392, 27, 3),
(3489, 'วังปลาป้อม   ', 392, 27, 3),
(3490, 'เทพคีรี   ', 392, 27, 3),
(3491, 'ในเมือง   ', 393, 28, 3),
(3492, 'สำราญ   ', 393, 28, 3),
(3493, 'โคกสี   ', 393, 28, 3),
(3494, 'ท่าพระ   ', 393, 28, 3),
(3495, 'บ้านทุ่ม   ', 393, 28, 3),
(3496, 'เมืองเก่า   ', 393, 28, 3),
(3497, 'พระลับ   ', 393, 28, 3),
(3498, 'สาวะถี   ', 393, 28, 3),
(3499, 'บ้านหว้า   ', 393, 28, 3),
(3500, 'บ้านค้อ   ', 393, 28, 3),
(3501, 'แดงใหญ่   ', 393, 28, 3),
(3502, 'ดอนช้าง   ', 393, 28, 3),
(3503, 'ดอนหัน   ', 393, 28, 3),
(3504, 'ศิลา   ', 393, 28, 3),
(3505, 'บ้านเป็ด   ', 393, 28, 3),
(3506, 'หนองตูม   ', 393, 28, 3),
(3507, 'บึงเนียม   ', 393, 28, 3),
(3508, 'โนนท่อน   ', 393, 28, 3),
(3509, '*บ้านโต้น   ', 393, 28, 3),
(3510, '*หนองบัว   ', 393, 28, 3),
(3511, 'หนองบัว   ', 394, 28, 3),
(3512, 'ป่าหวายนั่ง   ', 394, 28, 3),
(3513, 'โนนฆ้อง   ', 394, 28, 3),
(3514, 'บ้านเหล่า   ', 394, 28, 3),
(3515, 'ป่ามะนาว   ', 394, 28, 3),
(3516, 'บ้านฝาง   ', 394, 28, 3),
(3517, 'โคกงาม   ', 394, 28, 3),
(3518, 'พระยืน   ', 395, 28, 3),
(3519, 'พระบุ   ', 395, 28, 3),
(3520, 'บ้านโต้น   ', 395, 28, 3),
(3521, 'หนองแวง   ', 395, 28, 3),
(3522, 'ขามป้อม   ', 395, 28, 3),
(3523, 'หนองเรือ   ', 396, 28, 3),
(3524, 'บ้านเม็ง   ', 396, 28, 3),
(3525, 'บ้านกง   ', 396, 28, 3),
(3526, 'ยางคำ   ', 396, 28, 3),
(3527, 'จระเข้   ', 396, 28, 3),
(3528, 'โนนทอง   ', 396, 28, 3),
(3529, 'กุดกว้าง   ', 396, 28, 3),
(3530, 'โนนทัน   ', 396, 28, 3),
(3531, 'โนนสะอาด   ', 396, 28, 3),
(3532, 'บ้านผือ   ', 396, 28, 3),
(3533, 'ชุมแพ   ', 397, 28, 3),
(3534, 'โนนหัน   ', 397, 28, 3),
(3535, 'นาหนองทุ่ม   ', 397, 28, 3),
(3536, 'โนนอุดม   ', 397, 28, 3),
(3537, 'ขัวเรียง   ', 397, 28, 3),
(3538, 'หนองไผ่   ', 397, 28, 3),
(3539, 'ไชยสอ   ', 397, 28, 3),
(3540, 'วังหินลาด   ', 397, 28, 3),
(3541, 'นาเพียง   ', 397, 28, 3),
(3542, 'หนองเขียด   ', 397, 28, 3),
(3543, 'หนองเสาเล้า   ', 397, 28, 3),
(3544, 'โนนสะอาด   ', 397, 28, 3),
(3545, 'สีชมพู   ', 398, 28, 3),
(3546, 'ศรีสุข   ', 398, 28, 3),
(3547, 'นาจาน   ', 398, 28, 3),
(3548, 'วังเพิ่ม   ', 398, 28, 3),
(3549, 'ซำยาง   ', 398, 28, 3),
(3550, 'หนองแดง   ', 398, 28, 3),
(3551, 'ดงลาน   ', 398, 28, 3),
(3552, 'บริบูรณ์   ', 398, 28, 3),
(3553, 'บ้านใหม่   ', 398, 28, 3),
(3554, 'ภูห่าน   ', 398, 28, 3),
(3555, 'น้ำพอง   ', 399, 28, 3),
(3556, 'วังชัย   ', 399, 28, 3),
(3557, 'หนองกุง   ', 399, 28, 3),
(3558, 'บัวใหญ่   ', 399, 28, 3),
(3559, 'สะอาด   ', 399, 28, 3),
(3560, 'ม่วงหวาน   ', 399, 28, 3),
(3561, 'บ้านขาม   ', 399, 28, 3),
(3562, 'บัวเงิน   ', 399, 28, 3),
(3563, 'ทรายมูล   ', 399, 28, 3),
(3564, 'ท่ากระเสริม   ', 399, 28, 3),
(3565, 'พังทุย   ', 399, 28, 3),
(3566, 'กุดน้ำใส   ', 399, 28, 3),
(3567, 'โคกสูง   ', 400, 28, 3),
(3568, 'บ้านดง   ', 400, 28, 3),
(3569, 'เขื่อนอุบลรัตน์   ', 400, 28, 3),
(3570, 'นาคำ   ', 400, 28, 3),
(3571, 'ศรีสุขสำราญ   ', 400, 28, 3),
(3572, 'ทุ่งโป่ง   ', 400, 28, 3),
(3573, 'หนองโก   ', 401, 28, 3),
(3574, 'หนองกุงใหญ่   ', 401, 28, 3),
(3575, '*กระนวน   ', 401, 28, 3),
(3576, '*บ้านโนน   ', 401, 28, 3),
(3577, 'ห้วยโจด   ', 401, 28, 3),
(3578, 'ห้วยยาง   ', 401, 28, 3),
(3579, 'บ้านฝาง   ', 401, 28, 3),
(3580, '*คำแมด   ', 401, 28, 3),
(3581, 'ดูนสาด   ', 401, 28, 3),
(3582, 'หนองโน   ', 401, 28, 3),
(3583, 'น้ำอ้อม   ', 401, 28, 3),
(3584, 'หัวนาคำ   ', 401, 28, 3),
(3585, '*คูคำ   ', 401, 28, 3),
(3586, '*ห้วยเตย   ', 401, 28, 3),
(3587, 'บ้านไผ่   ', 402, 28, 3),
(3588, 'ในเมือง   ', 402, 28, 3),
(3589, '*บ้านแฮด   ', 402, 28, 3),
(3590, '*โคกสำราญ   ', 402, 28, 3),
(3591, 'เมืองเพีย   ', 402, 28, 3),
(3592, 'เปือยใหญ่*   ', 402, 28, 3),
(3593, 'โนนศิลา*   ', 402, 28, 3),
(3594, 'บ้านหัน*   ', 402, 28, 3),
(3595, 'บ้านลาน   ', 402, 28, 3),
(3596, 'แคนเหนือ   ', 402, 28, 3),
(3597, 'ภูเหล็ก   ', 402, 28, 3),
(3598, '*หนองแซง   ', 402, 28, 3),
(3599, 'ป่าปอ   ', 402, 28, 3),
(3600, 'หินตั้ง   ', 402, 28, 3),
(3601, '*โนนสมบูรณ์   ', 402, 28, 3),
(3602, 'หนองน้ำใส   ', 402, 28, 3),
(3603, 'หัวหนอง   ', 402, 28, 3),
(3604, '*บ้านแฮด   ', 402, 28, 3),
(3605, 'โนนแดง*   ', 402, 28, 3),
(3606, 'หนองปลาหมอ*   ', 402, 28, 3),
(3607, '*สระแก้ว   ', 402, 28, 3),
(3608, '*ขามป้อม   ', 402, 28, 3),
(3609, '*วังม่วง   ', 402, 28, 3),
(3610, '*เปือยน้อย   ', 402, 28, 3),
(3611, 'เปือยน้อย   ', 403, 28, 3),
(3612, 'วังม่วง   ', 403, 28, 3),
(3613, 'ขามป้อม   ', 403, 28, 3),
(3614, 'สระแก้ว   ', 403, 28, 3),
(3615, 'เมืองพล   ', 404, 28, 3),
(3616, 'โจดหนองแก   ', 404, 28, 3),
(3617, 'เก่างิ้ว   ', 404, 28, 3),
(3618, 'หนองมะเขือ   ', 404, 28, 3),
(3619, 'หนองแวงโสกพระ   ', 404, 28, 3),
(3620, 'เพ็กใหญ่   ', 404, 28, 3),
(3621, 'โคกสง่า   ', 404, 28, 3),
(3622, 'หนองแวงนางเบ้า   ', 404, 28, 3),
(3623, 'ลอมคอม   ', 404, 28, 3),
(3624, 'โนนข่า   ', 404, 28, 3),
(3625, 'โสกนกเต็น   ', 404, 28, 3),
(3626, 'หัวทุ่ง   ', 404, 28, 3),
(3627, '*ทางขวาง   ', 404, 28, 3),
(3628, '*ท่าวัด   ', 404, 28, 3),
(3629, '*ท่านางแมว   ', 404, 28, 3),
(3630, '*แวงน้อย   ', 404, 28, 3),
(3631, '*ก้านเหลือง   ', 404, 28, 3),
(3632, '*ละหารนา   ', 404, 28, 3),
(3633, '*แวงใหญ่   ', 404, 28, 3),
(3634, '*โนนทอง   ', 404, 28, 3),
(3635, '*ใหม่นาเพียง   ', 404, 28, 3),
(3636, '*คอนฉิม   ', 404, 28, 3),
(3637, 'คอนฉิม   ', 405, 28, 3),
(3638, 'ใหม่นาเพียง   ', 405, 28, 3),
(3639, 'โนนทอง   ', 405, 28, 3),
(3640, 'แวงใหญ่   ', 405, 28, 3),
(3641, 'โนนสะอาด   ', 405, 28, 3),
(3642, 'แวงน้อย   ', 406, 28, 3),
(3643, 'ก้านเหลือง   ', 406, 28, 3),
(3644, 'ท่านางแนว   ', 406, 28, 3),
(3645, 'ละหานนา   ', 406, 28, 3),
(3646, 'ท่าวัด   ', 406, 28, 3),
(3647, 'ทางขวาง   ', 406, 28, 3),
(3648, 'หนองสองห้อง   ', 407, 28, 3),
(3649, 'คึมชาด   ', 407, 28, 3),
(3650, 'โนนธาตุ   ', 407, 28, 3),
(3651, 'ตะกั่วป่า   ', 407, 28, 3),
(3652, 'สำโรง   ', 407, 28, 3),
(3653, 'หนองเม็ก   ', 407, 28, 3),
(3654, 'ดอนดู่   ', 407, 28, 3),
(3655, 'ดงเค็ง   ', 407, 28, 3),
(3656, 'หันโจด   ', 407, 28, 3),
(3657, 'ดอนดั่ง   ', 407, 28, 3),
(3658, 'วังหิน   ', 407, 28, 3),
(3659, 'หนองไผ่ล้อม   ', 407, 28, 3),
(3660, 'บ้านเรือ   ', 408, 28, 3),
(3661, 'ในเมือง*   ', 408, 28, 3),
(3662, '*บ้านโคก   ', 408, 28, 3),
(3663, 'หว้าทอง   ', 408, 28, 3),
(3664, 'กุดขอนแก่น   ', 408, 28, 3),
(3665, 'นาชุมแสง   ', 408, 28, 3),
(3666, 'นาหว้า   ', 408, 28, 3),
(3667, 'เขาน้อย*   ', 408, 28, 3),
(3668, '*กุดธาตุ   ', 408, 28, 3),
(3669, 'หนองกุงธนสาร   ', 408, 28, 3),
(3670, '*ขนวน   ', 408, 28, 3),
(3671, 'หนองกุงเซิน   ', 408, 28, 3),
(3672, 'สงเปือย   ', 408, 28, 3),
(3673, 'ทุ่งชมพู   ', 408, 28, 3),
(3674, 'เมืองเก่าพัฒนา*   ', 408, 28, 3),
(3675, 'ดินดำ   ', 408, 28, 3),
(3676, 'ภูเวียง   ', 408, 28, 3),
(3677, 'กุดเค้า   ', 409, 28, 3),
(3678, 'สวนหม่อน   ', 409, 28, 3),
(3679, 'หนองแปน   ', 409, 28, 3),
(3680, 'โพนเพ็ก   ', 409, 28, 3),
(3681, 'คำแคน   ', 409, 28, 3),
(3682, 'นาข่า   ', 409, 28, 3),
(3683, 'นางาม   ', 409, 28, 3),
(3684, '*บ้านโคก   ', 409, 28, 3),
(3685, '*โพธิ์ไชย   ', 409, 28, 3),
(3686, 'ท่าศาลา   ', 409, 28, 3),
(3687, '*ซับสมบูรณ์   ', 409, 28, 3),
(3688, '*นาแพง   ', 409, 28, 3),
(3689, 'ชนบท   ', 410, 28, 3),
(3690, 'กุดเพียขอม   ', 410, 28, 3),
(3691, 'วังแสง   ', 410, 28, 3),
(3692, 'ห้วยแก   ', 410, 28, 3),
(3693, 'บ้านแท่น   ', 410, 28, 3),
(3694, 'ศรีบุญเรือง   ', 410, 28, 3),
(3695, 'โนนพะยอม   ', 410, 28, 3),
(3696, 'ปอแดง   ', 410, 28, 3),
(3697, 'เขาสวนกวาง   ', 411, 28, 3),
(3698, 'ดงเมืองแอม   ', 411, 28, 3),
(3699, 'นางิ้ว   ', 411, 28, 3),
(3700, 'โนนสมบูรณ์   ', 411, 28, 3),
(3701, 'คำม่วง   ', 411, 28, 3),
(3702, 'โนนคอม   ', 412, 28, 3),
(3703, 'นาฝาย   ', 412, 28, 3),
(3704, 'ภูผาม่าน   ', 412, 28, 3),
(3705, 'วังสวาบ   ', 412, 28, 3),
(3706, 'ห้วยม่วง   ', 412, 28, 3),
(3707, 'กระนวน   ', 413, 28, 3),
(3708, 'คำแมด   ', 413, 28, 3),
(3709, 'บ้านโนน   ', 413, 28, 3),
(3710, 'คูคำ   ', 413, 28, 3),
(3711, 'ห้วยเตย   ', 413, 28, 3),
(3712, 'บ้านโคก   ', 414, 28, 3),
(3713, 'โพธิ์ไชย   ', 414, 28, 3),
(3714, 'ซับสมบูรณ์   ', 414, 28, 3),
(3715, 'นาแพง   ', 414, 28, 3),
(3716, 'กุดธาตุ   ', 415, 28, 3),
(3717, 'บ้านโคก   ', 415, 28, 3),
(3718, 'ขนวน   ', 415, 28, 3),
(3719, 'บ้านแฮด   ', 416, 28, 3),
(3720, 'โคกสำราญ   ', 416, 28, 3),
(3721, 'โนนสมบูรณ์   ', 416, 28, 3),
(3722, 'หนองแซง   ', 416, 28, 3),
(3723, 'โนนศิลา   ', 417, 28, 3),
(3724, 'หนองปลาหมอ   ', 417, 28, 3),
(3725, 'บ้านหัน   ', 417, 28, 3),
(3726, 'เปือยใหญ่   ', 417, 28, 3),
(3727, 'โนนแดง   ', 417, 28, 3),
(3728, 'ในเมือง   ', 418, 28, 3),
(3729, 'เมืองเก่าพัฒนา   ', 418, 28, 3),
(3730, 'เขาน้อย   ', 418, 28, 3),
(3731, 'บ้านเป็ด*   ', 419, 28, 3),
(3732, 'หมากแข้ง   ', 421, 29, 3),
(3733, 'นิคมสงเคราะห์   ', 421, 29, 3),
(3734, 'บ้านขาว   ', 421, 29, 3),
(3735, 'หนองบัว   ', 421, 29, 3),
(3736, 'บ้านตาด   ', 421, 29, 3),
(3737, 'โนนสูง   ', 421, 29, 3),
(3738, 'หมูม่น   ', 421, 29, 3),
(3739, 'เชียงยืน   ', 421, 29, 3),
(3740, 'หนองนาคำ   ', 421, 29, 3),
(3741, 'กุดสระ   ', 421, 29, 3),
(3742, 'นาดี   ', 421, 29, 3),
(3743, 'บ้านเลื่อม   ', 421, 29, 3),
(3744, 'เชียงพิณ   ', 421, 29, 3),
(3745, 'สามพร้าว   ', 421, 29, 3),
(3746, 'หนองไฮ   ', 421, 29, 3),
(3747, 'นาข่า   ', 421, 29, 3),
(3748, 'บ้านจั่น   ', 421, 29, 3),
(3749, 'หนองขอนกว้าง   ', 421, 29, 3),
(3750, 'โคกสะอาด   ', 421, 29, 3),
(3751, 'นากว้าง   ', 421, 29, 3),
(3752, 'หนองไผ่   ', 421, 29, 3),
(3753, '*ขอนยูง   ', 421, 29, 3),
(3754, '*ปะโค   ', 421, 29, 3),
(3755, '*หนองหว้า   ', 421, 29, 3),
(3756, '*ขอนยูง   ', 421, 29, 3),
(3757, '*ปะโค   ', 421, 29, 3),
(3758, '*เชียงเพ็ง   ', 421, 29, 3),
(3759, '*กุดจับ   ', 421, 29, 3),
(3760, '*หนองปุ   ', 421, 29, 3),
(3761, 'กุดจับ   ', 422, 29, 3),
(3762, 'ปะโค   ', 422, 29, 3),
(3763, 'ขอนยูง   ', 422, 29, 3),
(3764, 'เชียงเพ็ง   ', 422, 29, 3),
(3765, 'สร้างก่อ   ', 422, 29, 3),
(3766, 'เมืองเพีย   ', 422, 29, 3),
(3767, 'ตาลเลียน   ', 422, 29, 3),
(3768, 'หมากหญ้า   ', 423, 29, 3),
(3769, 'หนองอ้อ   ', 423, 29, 3),
(3770, 'อูบมุง   ', 423, 29, 3),
(3771, 'กุดหมากไฟ   ', 423, 29, 3),
(3772, 'น้ำพ่น   ', 423, 29, 3),
(3773, 'หนองบัวบาน   ', 423, 29, 3),
(3774, 'โนนหวาย   ', 423, 29, 3),
(3775, 'หนองวัวซอ   ', 423, 29, 3),
(3776, 'ตูมใต้   ', 424, 29, 3),
(3777, 'พันดอน   ', 424, 29, 3),
(3778, 'เวียงคำ   ', 424, 29, 3),
(3779, 'แชแล   ', 424, 29, 3),
(3780, 'อุ่มจาน*   ', 424, 29, 3),
(3781, 'เชียงแหว   ', 424, 29, 3),
(3782, 'ห้วยเกิ้ง   ', 424, 29, 3),
(3783, 'ห้วยสามพาด*   ', 424, 29, 3),
(3784, 'เสอเพลอ   ', 424, 29, 3),
(3785, 'สีออ   ', 424, 29, 3),
(3786, 'ปะโค   ', 424, 29, 3),
(3787, 'นาม่วง*   ', 424, 29, 3),
(3788, 'ผาสุก   ', 424, 29, 3),
(3789, 'ท่าลี่   ', 424, 29, 3),
(3790, 'กุมภวาปี   ', 424, 29, 3),
(3791, 'หนองหว้า   ', 424, 29, 3),
(3792, '*โนนสะอาด   ', 424, 29, 3),
(3793, '*โพธิ์ศรีสำราญ   ', 424, 29, 3),
(3794, '*บุ่งแก้ว   ', 424, 29, 3),
(3795, '*หนองแสง   ', 424, 29, 3),
(3796, '*แสงสว่าง   ', 424, 29, 3),
(3797, 'โนนสะอาด   ', 425, 29, 3),
(3798, 'บุ่งแก้ว   ', 425, 29, 3),
(3799, 'โพธิ์ศรีสำราญ   ', 425, 29, 3),
(3800, 'ทมนางาม   ', 425, 29, 3),
(3801, 'หนองกุงศรี   ', 425, 29, 3),
(3802, 'โคกกลาง   ', 425, 29, 3),
(3803, 'หนองหาน   ', 426, 29, 3),
(3804, 'หนองเม็ก   ', 426, 29, 3),
(3805, '*คอนสาย   ', 426, 29, 3),
(3806, '*บ้านจีต   ', 426, 29, 3),
(3807, 'พังงู   ', 426, 29, 3),
(3808, 'สะแบง   ', 426, 29, 3),
(3809, 'สร้อยพร้าว   ', 426, 29, 3),
(3810, '*บ้านแดง   ', 426, 29, 3),
(3811, 'บ้านเชียง   ', 426, 29, 3),
(3812, 'บ้านยา   ', 426, 29, 3),
(3813, 'โพนงาม   ', 426, 29, 3),
(3814, 'ผักตบ   ', 426, 29, 3),
(3815, '*ดอนกลอย   ', 426, 29, 3),
(3816, 'หนองไผ่   ', 426, 29, 3),
(3817, '*นาทราย   ', 426, 29, 3),
(3818, '*ค้อใหญ่   ', 426, 29, 3),
(3819, 'ดอนหายโศก   ', 426, 29, 3),
(3820, 'หนองสระปลา   ', 426, 29, 3),
(3821, '*โนนทองอินทร์   ', 426, 29, 3),
(3822, '*หนองหลัก   ', 426, 29, 3),
(3823, '*บ้านแดง   ', 426, 29, 3),
(3824, '*ทุ่งใหญ่   ', 426, 29, 3),
(3825, '*ทุ่งฝน   ', 426, 29, 3),
(3826, '*โพนสูง   ', 426, 29, 3),
(3827, '*ไชยวาน   ', 426, 29, 3),
(3828, 'ทุ่งฝน   ', 427, 29, 3),
(3829, 'ทุ่งใหญ่   ', 427, 29, 3),
(3830, 'นาชุมแสง   ', 427, 29, 3),
(3831, 'นาทม   ', 427, 29, 3),
(3832, 'ไชยวาน   ', 428, 29, 3),
(3833, 'หนองหลัก   ', 428, 29, 3),
(3834, 'คำเลาะ   ', 428, 29, 3),
(3835, 'โพนสูง   ', 428, 29, 3),
(3836, 'ศรีธาตุ   ', 429, 29, 3),
(3837, 'จำปี   ', 429, 29, 3),
(3838, 'บ้านโปร่ง   ', 429, 29, 3),
(3839, 'หัวนาคำ   ', 429, 29, 3),
(3840, 'หนองนกเขียน   ', 429, 29, 3),
(3841, 'นายูง   ', 429, 29, 3),
(3842, 'ตาดทอง   ', 429, 29, 3),
(3843, 'หนองกุงทับม้า   ', 430, 29, 3),
(3844, 'หนองหญ้าไซ   ', 430, 29, 3),
(3845, 'บะยาว   ', 430, 29, 3),
(3846, 'ผาสุก   ', 430, 29, 3),
(3847, 'คำโคกสูง   ', 430, 29, 3),
(3848, 'วังสามหมอ   ', 430, 29, 3),
(3849, 'ศรีสุทโธ   ', 431, 29, 3),
(3850, 'บ้านดุง   ', 431, 29, 3),
(3851, 'ดงเย็น   ', 431, 29, 3),
(3852, 'โพนสูง   ', 431, 29, 3),
(3853, 'อ้อมกอ   ', 431, 29, 3),
(3854, 'บ้านจันทน์   ', 431, 29, 3),
(3855, 'บ้านชัย   ', 431, 29, 3),
(3856, 'นาไหม   ', 431, 29, 3),
(3857, 'ถ่อนนาลับ   ', 431, 29, 3),
(3858, 'วังทอง   ', 431, 29, 3),
(3859, 'บ้านม่วง   ', 431, 29, 3),
(3860, 'บ้านตาด   ', 431, 29, 3),
(3861, 'นาคำ   ', 431, 29, 3),
(3862, '*หนองบัว   ', 432, 29, 3),
(3863, '*หนองภัยศูนย์   ', 432, 29, 3),
(3864, '*โพธิ์ชัย   ', 432, 29, 3),
(3865, '*หนองสวรรค์   ', 432, 29, 3),
(3866, '*หัวนา   ', 432, 29, 3),
(3867, '*บ้านขาม   ', 432, 29, 3),
(3868, '*นามะเฟือง   ', 432, 29, 3),
(3869, '*บ้านพร้าว   ', 432, 29, 3),
(3870, '*โนนขมิ้น   ', 432, 29, 3),
(3871, '*ลำภู   ', 432, 29, 3),
(3872, '*กุดจิก   ', 432, 29, 3),
(3873, '*โนนทัน   ', 432, 29, 3),
(3874, '*นาคำไฮ   ', 432, 29, 3),
(3875, '*ป่าไม้งาม   ', 432, 29, 3),
(3876, '*หนองหว้า   ', 432, 29, 3),
(3877, '*เมืองใหม่   ', 433, 29, 3),
(3878, '*ศรีบุญเรือง   ', 433, 29, 3),
(3879, '*หนองบัวใต้   ', 433, 29, 3),
(3880, '*กุดสะเทียน   ', 433, 29, 3),
(3881, '*นากอก   ', 433, 29, 3),
(3882, '*โนนสะอาด   ', 433, 29, 3),
(3883, '*ยางหล่อ   ', 433, 29, 3),
(3884, '*โนนม่วง   ', 433, 29, 3),
(3885, '*หนองกุงแก้ว   ', 433, 29, 3),
(3886, '*หนองแก   ', 433, 29, 3),
(3887, '*ทรายทอง   ', 433, 29, 3),
(3888, '*หันนางาม   ', 433, 29, 3),
(3889, '*นากลาง   ', 434, 29, 3),
(3890, '*ด่านช้าง   ', 434, 29, 3),
(3891, '*นาเหล่า   ', 434, 29, 3),
(3892, '*นาแก   ', 434, 29, 3),
(3893, '*กุดดินจี่   ', 434, 29, 3),
(3894, '*ฝั่งแดง   ', 434, 29, 3),
(3895, '*เก่ากลอย   ', 434, 29, 3),
(3896, '*วังทอง   ', 434, 29, 3),
(3897, '*โนนเมือง   ', 434, 29, 3),
(3898, '*อุทัยสวรรค์   ', 434, 29, 3),
(3899, '*ดงสวรรค์   ', 434, 29, 3),
(3900, '*วังปลาป้อม   ', 434, 29, 3),
(3901, '*กุดแห่   ', 434, 29, 3),
(3902, '*เทพคีรี   ', 434, 29, 3),
(3903, '*โนนภูทอง   ', 434, 29, 3),
(3904, '*บุญทัน   ', 434, 29, 3),
(3905, '*สุวรรณคูหา   ', 434, 29, 3),
(3906, '*ดงมะไฟ   ', 434, 29, 3),
(3907, '*นาด่าน   ', 434, 29, 3),
(3908, '*นาดี   ', 434, 29, 3),
(3909, '*บ้านโคก   ', 434, 29, 3),
(3910, '*นาสี   ', 434, 29, 3),
(3911, '*นาสี   ', 435, 29, 3),
(3912, '*บ้านโคก   ', 435, 29, 3),
(3913, '*นาดี   ', 435, 29, 3),
(3914, '*นาด่าน   ', 435, 29, 3),
(3915, '*ดงมะไฟ   ', 435, 29, 3),
(3916, '*สุวรรณคูหา   ', 435, 29, 3),
(3917, '*บุญทัน   ', 435, 29, 3),
(3918, '*โนนสัง   ', 436, 29, 3),
(3919, '*บ้านถิ่น   ', 436, 29, 3),
(3920, '*หนองเรือ   ', 436, 29, 3),
(3921, '*กุดดู่   ', 436, 29, 3),
(3922, '*บ้านค้อ   ', 436, 29, 3),
(3923, '*โนนเมือง   ', 436, 29, 3),
(3924, '*โคกใหญ่   ', 436, 29, 3),
(3925, '*โคกม่วง   ', 436, 29, 3),
(3926, '*นิคมพัฒนา   ', 436, 29, 3),
(3927, '*ปางกู่   ', 436, 29, 3),
(3928, 'บ้านผือ   ', 437, 29, 3),
(3929, 'หายโศก   ', 437, 29, 3),
(3930, 'เขือน้ำ   ', 437, 29, 3),
(3931, 'คำบง   ', 437, 29, 3),
(3932, 'โนนทอง   ', 437, 29, 3),
(3933, 'ข้าวสาร   ', 437, 29, 3),
(3934, 'จำปาโมง   ', 437, 29, 3),
(3935, 'กลางใหญ่   ', 437, 29, 3),
(3936, 'เมืองพาน   ', 437, 29, 3),
(3937, 'คำด้วง   ', 437, 29, 3),
(3938, 'หนองหัวคู   ', 437, 29, 3),
(3939, 'บ้านค้อ   ', 437, 29, 3),
(3940, 'หนองแวง   ', 437, 29, 3),
(3941, '*บ้านเม็ก   ', 437, 29, 3),
(3942, 'นางัว   ', 438, 29, 3),
(3943, 'น้ำโสม   ', 438, 29, 3),
(3944, '*นายูง   ', 438, 29, 3),
(3945, '*นาแค   ', 438, 29, 3),
(3946, 'หนองแวง   ', 438, 29, 3),
(3947, 'บ้านหยวก   ', 438, 29, 3),
(3948, 'โสมเยี่ยม   ', 438, 29, 3),
(3949, '*โนนทอง   ', 438, 29, 3),
(3950, '*บ้านก้อง   ', 438, 29, 3),
(3951, 'ศรีสำราญ   ', 438, 29, 3),
(3952, '*ทุบกุง   ', 438, 29, 3),
(3953, 'สามัคคี   ', 438, 29, 3),
(3954, '*นาแค   ', 438, 29, 3),
(3955, '*นายูง   ', 438, 29, 3),
(3956, 'เพ็ญ   ', 439, 29, 3),
(3957, 'บ้านธาตุ   ', 439, 29, 3),
(3958, 'นาพู่   ', 439, 29, 3),
(3959, 'เชียงหวาง   ', 439, 29, 3),
(3960, 'สุมเส้า   ', 439, 29, 3),
(3961, 'นาบัว   ', 439, 29, 3),
(3962, 'บ้านเหล่า   ', 439, 29, 3),
(3963, 'จอมศรี   ', 439, 29, 3),
(3964, 'เตาไห   ', 439, 29, 3),
(3965, 'โคกกลาง   ', 439, 29, 3),
(3966, 'สร้างแป้น   ', 439, 29, 3),
(3967, '*เชียงดา   ', 439, 29, 3),
(3968, '*บ้านยวด   ', 439, 29, 3),
(3969, '*สร้างคอม   ', 439, 29, 3),
(3970, 'สร้างคอม   ', 440, 29, 3),
(3971, 'เชียงดา   ', 440, 29, 3),
(3972, 'บ้านยวด   ', 440, 29, 3),
(3973, 'บ้านโคก   ', 440, 29, 3),
(3974, 'นาสะอาด   ', 440, 29, 3),
(3975, 'บ้านหินโงม   ', 440, 29, 3),
(3976, 'หนองแสง   ', 441, 29, 3),
(3977, 'แสงสว่าง   ', 441, 29, 3),
(3978, 'นาดี   ', 441, 29, 3),
(3979, 'ทับกุง   ', 441, 29, 3),
(3980, 'นายูง   ', 442, 29, 3),
(3981, 'บ้านก้อง   ', 442, 29, 3),
(3982, 'นาแค   ', 442, 29, 3),
(3983, 'โนนทอง   ', 442, 29, 3),
(3984, 'บ้านแดง   ', 443, 29, 3),
(3985, 'นาทราย   ', 443, 29, 3),
(3986, 'ดอนกลอย   ', 443, 29, 3),
(3987, 'บ้านจีต   ', 444, 29, 3),
(3988, 'โนนทองอินทร์   ', 444, 29, 3),
(3989, 'ค้อใหญ่   ', 444, 29, 3),
(3990, 'คอนสาย   ', 444, 29, 3),
(3991, 'นาม่วง   ', 445, 29, 3),
(3992, 'ห้วยสามพาด   ', 445, 29, 3),
(3993, 'อุ่มจาน   ', 445, 29, 3),
(3994, 'กุดป่อง   ', 446, 30, 3),
(3995, 'เมือง   ', 446, 30, 3),
(3996, 'นาอ้อ   ', 446, 30, 3),
(3997, 'กกดู่   ', 446, 30, 3),
(3998, 'น้ำหมาน   ', 446, 30, 3),
(3999, 'เสี้ยว   ', 446, 30, 3),
(4000, 'นาอาน   ', 446, 30, 3),
(4001, 'นาโป่ง   ', 446, 30, 3),
(4002, 'นาดินดำ   ', 446, 30, 3),
(4003, 'น้ำสวย   ', 446, 30, 3),
(4004, 'ชัยพฤกษ์   ', 446, 30, 3),
(4005, 'นาแขม   ', 446, 30, 3),
(4006, 'ศรีสองรัก   ', 446, 30, 3),
(4007, 'กกทอง   ', 446, 30, 3),
(4008, 'นาด้วง   ', 447, 30, 3),
(4009, 'นาดอกคำ   ', 447, 30, 3),
(4010, 'ท่าสะอาด   ', 447, 30, 3),
(4011, 'ท่าสวรรค์   ', 447, 30, 3),
(4012, 'เชียงคาน   ', 448, 30, 3),
(4013, 'ธาตุ   ', 448, 30, 3),
(4014, 'นาซ่าว   ', 448, 30, 3),
(4015, 'เขาแก้ว   ', 448, 30, 3),
(4016, 'ปากตม   ', 448, 30, 3),
(4017, 'บุฮม   ', 448, 30, 3),
(4018, 'จอมศรี   ', 448, 30, 3),
(4019, 'หาดทรายขาว   ', 448, 30, 3),
(4020, 'ปากชม   ', 449, 30, 3),
(4021, 'เชียงกลม   ', 449, 30, 3),
(4022, 'หาดคัมภีร์   ', 449, 30, 3),
(4023, 'ห้วยบ่อซืน   ', 449, 30, 3),
(4024, 'ห้วยพิชัย   ', 449, 30, 3),
(4025, 'ชมเจริญ   ', 449, 30, 3),
(4026, 'ด่านซ้าย   ', 450, 30, 3),
(4027, 'ปากหมัน   ', 450, 30, 3),
(4028, 'นาดี   ', 450, 30, 3),
(4029, 'โคกงาม   ', 450, 30, 3),
(4030, 'โพนสูง   ', 450, 30, 3),
(4031, 'อิปุ่ม   ', 450, 30, 3),
(4032, 'กกสะทอน   ', 450, 30, 3),
(4033, 'โป่ง   ', 450, 30, 3),
(4034, 'วังยาว   ', 450, 30, 3),
(4035, 'นาหอ   ', 450, 30, 3),
(4036, '*ร่องจิก   ', 450, 30, 3),
(4037, '*แสงภา   ', 450, 30, 3),
(4038, '*ปลาบ่า   ', 450, 30, 3),
(4039, '*นาพึ่ง   ', 450, 30, 3),
(4040, '*ท่าศาลา   ', 450, 30, 3),
(4041, '*หนองบัว   ', 450, 30, 3),
(4042, '*นาแห้ว   ', 450, 30, 3),
(4043, 'นาแห้ว   ', 451, 30, 3),
(4044, 'แสงภา   ', 451, 30, 3),
(4045, 'นาพึง   ', 451, 30, 3),
(4046, 'นามาลา   ', 451, 30, 3),
(4047, 'เหล่ากอหก   ', 451, 30, 3),
(4048, 'หนองบัว   ', 452, 30, 3),
(4049, 'ท่าศาลา   ', 452, 30, 3),
(4050, 'ร่องจิก   ', 452, 30, 3),
(4051, 'ปลาบ่า   ', 452, 30, 3),
(4052, 'ลาดค่าง   ', 452, 30, 3),
(4053, 'สานตม   ', 452, 30, 3),
(4054, 'ท่าลี่   ', 453, 30, 3),
(4055, 'หนองผือ   ', 453, 30, 3),
(4056, 'อาฮี   ', 453, 30, 3),
(4057, 'น้ำแคม   ', 453, 30, 3),
(4058, 'โคกใหญ่   ', 453, 30, 3),
(4059, 'น้ำทูน   ', 453, 30, 3),
(4060, 'วังสะพุง   ', 454, 30, 3),
(4061, 'ทรายขาว   ', 454, 30, 3),
(4062, 'หนองหญ้าปล้อง   ', 454, 30, 3),
(4063, 'หนองงิ้ว   ', 454, 30, 3),
(4064, 'ปากปวน   ', 454, 30, 3),
(4065, 'ผาน้อย   ', 454, 30, 3),
(4066, '*เอราวัณ   ', 454, 30, 3),
(4067, '*ผาอินทร์แปลง   ', 454, 30, 3),
(4068, '*ผาสามยอด   ', 454, 30, 3),
(4069, 'ผาบิ้ง   ', 454, 30, 3),
(4070, 'เขาหลวง   ', 454, 30, 3),
(4071, 'โคกขมิ้น   ', 454, 30, 3),
(4072, 'ศรีสงคราม   ', 454, 30, 3),
(4073, '*ทรัพย์ไพวัลย์   ', 454, 30, 3),
(4074, '*หนองคัน   ', 454, 30, 3),
(4075, '*ภูหอ   ', 454, 30, 3),
(4076, 'ศรีฐาน   ', 455, 30, 3),
(4077, 'ปวนพุ*   ', 455, 30, 3),
(4078, '*ท่าช้างคล้อง   ', 455, 30, 3),
(4079, '*ผาขาว   ', 455, 30, 3),
(4080, 'ผานกเค้า   ', 455, 30, 3),
(4081, '*โนนป่าซาง   ', 455, 30, 3),
(4082, 'ภูกระดึง   ', 455, 30, 3),
(4083, 'หนองหิน*   ', 455, 30, 3),
(4084, '*โนนปอแดง   ', 455, 30, 3),
(4085, 'ห้วยส้ม   ', 455, 30, 3),
(4086, 'ตาดข่า*   ', 455, 30, 3),
(4087, 'ภูหอ   ', 456, 30, 3),
(4088, 'หนองคัน   ', 456, 30, 3),
(4089, 'วังน้ำใส*   ', 456, 30, 3),
(4090, 'ห้วยสีเสียด   ', 456, 30, 3),
(4091, 'เลยวังไสย์   ', 456, 30, 3),
(4092, 'แก่งศรีภูมิ   ', 456, 30, 3),
(4093, 'ผาขาว   ', 457, 30, 3),
(4094, 'ท่าช้างคล้อง   ', 457, 30, 3),
(4095, 'โนนปอแดง   ', 457, 30, 3),
(4096, 'โนนป่าซาง   ', 457, 30, 3),
(4097, 'บ้านเพิ่ม   ', 457, 30, 3),
(4098, 'เอราวัณ   ', 458, 30, 3),
(4099, 'ผาอินทร์แปลง   ', 458, 30, 3),
(4100, 'ผาสามยอด   ', 458, 30, 3),
(4101, 'ทรัพย์ไพวัลย์   ', 458, 30, 3),
(4102, 'หนองหิน   ', 459, 30, 3),
(4103, 'ตาดข่า   ', 459, 30, 3),
(4104, 'ปวนพุ   ', 459, 30, 3),
(4105, 'ในเมือง   ', 460, 31, 3),
(4106, 'มีชัย   ', 460, 31, 3),
(4107, 'โพธิ์ชัย   ', 460, 31, 3),
(4108, 'กวนวัน   ', 460, 31, 3),
(4109, 'เวียงคุก   ', 460, 31, 3),
(4110, 'วัดธาตุ   ', 460, 31, 3),
(4111, 'หาดคำ   ', 460, 31, 3),
(4112, 'หินโงม   ', 460, 31, 3),
(4113, 'บ้านเดื่อ   ', 460, 31, 3),
(4114, 'ค่ายบกหวาน   ', 460, 31, 3),
(4115, 'สองห้อง   ', 460, 31, 3),
(4116, '*สระใคร   ', 460, 31, 3),
(4117, 'พระธาตุบังพวน   ', 460, 31, 3),
(4118, '*บ้านฝาง   ', 460, 31, 3),
(4119, '*คอกช้าง   ', 460, 31, 3),
(4120, 'หนองกอมเกาะ   ', 460, 31, 3),
(4121, 'ปะโค   ', 460, 31, 3),
(4122, 'เมืองหมี   ', 460, 31, 3),
(4123, 'สีกาย   ', 460, 31, 3),
(4124, 'ท่าบ่อ   ', 461, 31, 3),
(4125, 'น้ำโมง   ', 461, 31, 3),
(4126, 'กองนาง   ', 461, 31, 3),
(4127, 'โคกคอน   ', 461, 31, 3),
(4128, 'บ้านเดื่อ   ', 461, 31, 3),
(4129, 'บ้านถ่อน   ', 461, 31, 3),
(4130, 'บ้านว่าน   ', 461, 31, 3),
(4131, 'นาข่า   ', 461, 31, 3),
(4132, 'โพนสา   ', 461, 31, 3),
(4133, 'หนองนาง   ', 461, 31, 3),
(4134, 'บึงกาฬ   ', 462, 97, 3),
(4135, '*ชุมภูพร   ', 462, 97, 3),
(4136, 'โนนสมบูรณ์   ', 462, 97, 3),
(4137, 'หนองเข็ง   ', 462, 97, 3),
(4138, 'หอคำ   ', 462, 97, 3),
(4139, 'หนองเลิง   ', 462, 97, 3),
(4140, 'โคกก่อง   ', 462, 97, 3),
(4141, '*หนองเดิ่น   ', 462, 97, 3),
(4142, '*นาสะแบง   ', 462, 97, 3),
(4143, 'นาสวรรค์   ', 462, 97, 3),
(4144, 'ไคสี   ', 462, 97, 3),
(4145, 'โคกกว้าง*   ', 462, 97, 3),
(4146, '*ศรีวิไล   ', 462, 97, 3),
(4147, 'ชัยพร   ', 462, 97, 3),
(4148, '*นาแสง   ', 462, 97, 3),
(4149, 'วิศิษฐ์   ', 462, 97, 3),
(4150, '*บุ่งคล้า   ', 462, 97, 3),
(4151, 'คำนาดี   ', 462, 97, 3),
(4152, 'โป่งเปือย   ', 462, 97, 3),
(4153, 'ศรีชมภู   ', 463, 97, 3),
(4154, 'ดอนหญ้านาง   ', 463, 97, 3),
(4155, 'พรเจริญ   ', 463, 97, 3),
(4156, 'หนองหัวช้าง   ', 463, 97, 3),
(4157, 'วังชมภู   ', 463, 97, 3),
(4158, 'ป่าแฝก   ', 463, 97, 3),
(4159, 'ศรีสำราญ   ', 463, 97, 3),
(4160, 'จุมพล   ', 464, 31, 3),
(4161, 'วัดหลวง   ', 464, 31, 3),
(4162, 'กุดบง   ', 464, 31, 3),
(4163, 'ชุมช้าง   ', 464, 31, 3),
(4164, '*รัตนวาปี   ', 464, 31, 3),
(4165, 'ทุ่งหลวง   ', 464, 31, 3),
(4166, 'เหล่าต่างคำ   ', 464, 31, 3),
(4167, 'นาหนัง   ', 464, 31, 3),
(4168, 'เซิม   ', 464, 31, 3),
(4169, '*หนองหลวง   ', 464, 31, 3),
(4170, '*โพนแพง   ', 464, 31, 3),
(4171, '*เฝ้าไร่   ', 464, 31, 3),
(4172, 'บ้านโพธิ์   ', 464, 31, 3),
(4173, '*นาทับไฮ   ', 464, 31, 3),
(4174, '*วังหลวง   ', 464, 31, 3),
(4175, '*พระบาทนาสิงห์   ', 464, 31, 3),
(4176, '*อุดมพร   ', 464, 31, 3),
(4177, '*นาดี   ', 464, 31, 3),
(4178, '*บ้านต้อน   ', 464, 31, 3),
(4179, 'บ้านผือ   ', 464, 31, 3),
(4180, 'สร้างนางขาว   ', 464, 31, 3),
(4181, 'โซ่   ', 465, 97, 3),
(4182, 'หนองพันทา   ', 465, 97, 3),
(4183, 'ศรีชมภู   ', 465, 97, 3),
(4184, 'คำแก้ว   ', 465, 97, 3),
(4185, 'บัวตูม   ', 465, 97, 3),
(4186, 'ถ้ำเจริญ   ', 465, 97, 3),
(4187, 'เหล่าทอง   ', 465, 97, 3),
(4188, 'พานพร้าว   ', 466, 31, 3),
(4189, 'โพธิ์ตาก*   ', 466, 31, 3),
(4190, 'บ้านหม้อ   ', 466, 31, 3),
(4191, 'พระพุทธบาท   ', 466, 31, 3),
(4192, 'หนองปลาปาก   ', 466, 31, 3),
(4193, 'โพนทอง*   ', 466, 31, 3),
(4194, 'ด่านศรีสุข*   ', 466, 31, 3),
(4195, 'แก้งไก่   ', 467, 31, 3),
(4196, 'ผาตั้ง   ', 467, 31, 3),
(4197, 'บ้านม่วง   ', 467, 31, 3),
(4198, 'นางิ้ว   ', 467, 31, 3),
(4199, 'สังคม   ', 467, 31, 3),
(4200, 'เซกา   ', 468, 97, 3),
(4201, 'ซาง   ', 468, 97, 3),
(4202, 'ท่ากกแดง   ', 468, 97, 3),
(4203, '*โพธิ์หมากแข้ง   ', 468, 97, 3),
(4204, '*ดงบัง   ', 468, 97, 3),
(4205, 'บ้านต้อง   ', 468, 97, 3),
(4206, 'ป่งไฮ   ', 468, 97, 3),
(4207, 'น้ำจั้น   ', 468, 97, 3),
(4208, 'ท่าสะอาด   ', 468, 97, 3),
(4209, '*บึงโขงหลง   ', 468, 97, 3),
(4210, '*ท่าดอกคำ   ', 468, 97, 3),
(4211, 'หนองทุ่ม   ', 468, 97, 3),
(4212, 'โสกก่าม   ', 468, 97, 3),
(4213, 'ปากคาด   ', 469, 97, 3),
(4214, 'หนองยอง   ', 469, 97, 3),
(4215, 'นากั้ง   ', 469, 97, 3),
(4216, 'โนนศิลา   ', 469, 97, 3),
(4217, 'สมสนุก   ', 469, 97, 3),
(4218, 'นาดง   ', 469, 97, 3),
(4219, 'บึงโขงหลง   ', 470, 97, 3),
(4220, 'โพธิ์หมากแข้ง   ', 470, 97, 3),
(4221, 'ดงบัง   ', 470, 97, 3),
(4222, 'ท่าดอกคำ   ', 470, 97, 3),
(4223, 'ศรีวิไล   ', 471, 97, 3),
(4224, 'ชุมภูพร   ', 471, 97, 3),
(4225, 'นาแสง   ', 471, 97, 3),
(4226, 'นาสะแบง   ', 471, 97, 3),
(4227, 'นาสิงห์   ', 471, 97, 3),
(4228, 'บุ่งคล้า   ', 472, 97, 3),
(4229, 'หนองเดิ่น   ', 472, 97, 3),
(4230, 'โคกกว้าง   ', 472, 97, 3),
(4231, 'สระใคร   ', 473, 31, 3),
(4232, 'คอกช้าง   ', 473, 31, 3),
(4233, 'บ้านฝาง   ', 473, 31, 3),
(4234, 'เฝ้าไร่   ', 474, 31, 3),
(4235, 'นาดี   ', 474, 31, 3),
(4236, 'หนองหลวง   ', 474, 31, 3),
(4237, 'วังหลวง   ', 474, 31, 3),
(4238, 'อุดมพร   ', 474, 31, 3),
(4239, 'รัตนวาปี   ', 475, 31, 3),
(4240, 'นาทับไฮ   ', 475, 31, 3),
(4241, 'บ้านต้อน   ', 475, 31, 3),
(4242, 'พระบาทนาสิงห์   ', 475, 31, 3),
(4243, 'โพนแพง   ', 475, 31, 3),
(4244, 'โพธิ์ตาก   ', 476, 31, 3),
(4245, 'โพนทอง   ', 476, 31, 3),
(4246, 'ด่านศรีสุข   ', 476, 31, 3),
(4247, 'ตลาด   ', 477, 32, 3),
(4248, 'เขวา   ', 477, 32, 3),
(4249, 'ท่าตูม   ', 477, 32, 3),
(4250, 'แวงน่าง   ', 477, 32, 3),
(4251, 'โคกก่อ   ', 477, 32, 3),
(4252, 'ดอนหว่าน   ', 477, 32, 3),
(4253, 'เกิ้ง   ', 477, 32, 3),
(4254, 'แก่งเลิงจาน   ', 477, 32, 3),
(4255, 'ท่าสองคอน   ', 477, 32, 3),
(4256, 'ลาดพัฒนา   ', 477, 32, 3),
(4257, 'หนองปลิง   ', 477, 32, 3),
(4258, 'ห้วยแอ่ง   ', 477, 32, 3),
(4259, 'หนองโน   ', 477, 32, 3),
(4260, 'บัวค้อ   ', 477, 32, 3),
(4261, 'แกดำ   ', 478, 32, 3),
(4262, 'วังแสง   ', 478, 32, 3),
(4263, 'มิตรภาพ   ', 478, 32, 3),
(4264, 'หนองกุง   ', 478, 32, 3),
(4265, 'โนนภิบาล   ', 478, 32, 3),
(4266, 'หัวขวาง   ', 479, 32, 3),
(4267, 'ยางน้อย   ', 479, 32, 3),
(4268, 'วังยาว   ', 479, 32, 3),
(4269, 'เขวาไร่   ', 479, 32, 3),
(4270, 'แพง   ', 479, 32, 3),
(4271, 'แก้งแก   ', 479, 32, 3),
(4272, 'หนองเหล็ก   ', 479, 32, 3),
(4273, 'หนองบัว   ', 479, 32, 3),
(4274, 'เหล่า   ', 479, 32, 3),
(4275, 'เขื่อน   ', 479, 32, 3),
(4276, 'หนองบอน   ', 479, 32, 3),
(4277, 'โพนงาม   ', 479, 32, 3),
(4278, 'ยางท่าแจ้ง   ', 479, 32, 3),
(4279, 'แห่ใต้   ', 479, 32, 3),
(4280, 'หนองกุงสวรรค์   ', 479, 32, 3),
(4281, 'เลิงใต้   ', 479, 32, 3),
(4282, 'ดอนกลาง   ', 479, 32, 3),
(4283, 'โคกพระ   ', 480, 32, 3),
(4284, 'คันธารราษฎร์   ', 480, 32, 3),
(4285, 'มะค่า   ', 480, 32, 3),
(4286, 'ท่าขอนยาง   ', 480, 32, 3),
(4287, 'นาสีนวน   ', 480, 32, 3),
(4288, 'ขามเรียง   ', 480, 32, 3),
(4289, 'เขวาใหญ่   ', 480, 32, 3),
(4290, 'ศรีสุข   ', 480, 32, 3),
(4291, 'กุดใส้จ่อ   ', 480, 32, 3),
(4292, 'ขามเฒ่าพัฒนา   ', 480, 32, 3),
(4293, 'เชียงยืน   ', 481, 32, 3),
(4294, 'ชื่นชม*   ', 481, 32, 3),
(4295, 'หนองซอน   ', 481, 32, 3),
(4296, 'เหล่าดอกไม้*   ', 481, 32, 3),
(4297, 'ดอนเงิน   ', 481, 32, 3),
(4298, 'กู่ทอง   ', 481, 32, 3),
(4299, 'นาทอง   ', 481, 32, 3),
(4300, 'เสือเฒ่า   ', 481, 32, 3),
(4301, 'กุดปลาดุก*   ', 481, 32, 3),
(4302, 'หนองกุง*   ', 481, 32, 3),
(4303, 'โพนทอง   ', 481, 32, 3),
(4304, 'เหล่าบัวบาน   ', 481, 32, 3),
(4305, 'บรบือ   ', 482, 32, 3),
(4306, 'บ่อใหญ่   ', 482, 32, 3),
(4307, '*กุดรัง   ', 482, 32, 3),
(4308, 'วังไชย   ', 482, 32, 3),
(4309, 'หนองม่วง   ', 482, 32, 3),
(4310, 'กำพี้   ', 482, 32, 3),
(4311, 'โนนราษี   ', 482, 32, 3),
(4312, 'โนนแดง   ', 482, 32, 3),
(4313, '*เลิงแฝก   ', 482, 32, 3),
(4314, 'หนองจิก   ', 482, 32, 3),
(4315, 'บัวมาศ   ', 482, 32, 3),
(4316, '*นาโพธิ์   ', 482, 32, 3),
(4317, 'หนองคูขาด   ', 482, 32, 3),
(4318, '*หนองแวง   ', 482, 32, 3),
(4319, 'วังใหม่   ', 482, 32, 3),
(4320, 'ยาง   ', 482, 32, 3),
(4321, '*ห้วยเตย   ', 482, 32, 3),
(4322, 'หนองสิม   ', 482, 32, 3),
(4323, 'หนองโก   ', 482, 32, 3),
(4324, 'ดอนงัว   ', 482, 32, 3),
(4325, 'นาเชือก   ', 483, 32, 3),
(4326, 'สำโรง   ', 483, 32, 3),
(4327, 'หนองแดง   ', 483, 32, 3),
(4328, 'เขวาไร่   ', 483, 32, 3),
(4329, 'หนองโพธิ์   ', 483, 32, 3),
(4330, 'ปอพาน   ', 483, 32, 3),
(4331, 'หนองเม็ก   ', 483, 32, 3),
(4332, 'หนองเรือ   ', 483, 32, 3),
(4333, 'หนองกุง   ', 483, 32, 3),
(4334, 'สันป่าตอง   ', 483, 32, 3),
(4335, 'ปะหลาน   ', 484, 32, 3),
(4336, 'ก้ามปู   ', 484, 32, 3),
(4337, 'เวียงสะอาด   ', 484, 32, 3),
(4338, 'เม็กดำ   ', 484, 32, 3),
(4339, 'นาสีนวล   ', 484, 32, 3),
(4340, '*ดงเมือง   ', 484, 32, 3),
(4341, '*แวงดง   ', 484, 32, 3),
(4342, '*ขามเรียน   ', 484, 32, 3),
(4343, 'ราษฎร์เจริญ   ', 484, 32, 3),
(4344, 'หนองบัวแก้ว   ', 484, 32, 3),
(4345, '*นาภู   ', 484, 32, 3),
(4346, 'เมืองเตา   ', 484, 32, 3),
(4347, '*บ้านกู่   ', 484, 32, 3),
(4348, '*ยางสีสุราช   ', 484, 32, 3),
(4349, 'ลานสะแก   ', 484, 32, 3),
(4350, 'เวียงชัย   ', 484, 32, 3),
(4351, 'หนองบัว   ', 484, 32, 3),
(4352, 'ราษฎร์พัฒนา   ', 484, 32, 3),
(4353, 'เมืองเสือ   ', 484, 32, 3),
(4354, 'ภารแอ่น   ', 484, 32, 3),
(4355, 'หนองแสง   ', 485, 32, 3),
(4356, 'ขามป้อม   ', 485, 32, 3),
(4357, 'เสือโก้ก   ', 485, 32, 3),
(4358, 'ดงใหญ่   ', 485, 32, 3),
(4359, 'โพธิ์ชัย   ', 485, 32, 3),
(4360, 'หัวเรือ   ', 485, 32, 3),
(4361, 'แคน   ', 485, 32, 3),
(4362, 'งัวบา   ', 485, 32, 3),
(4363, 'นาข่า   ', 485, 32, 3),
(4364, 'บ้านหวาย   ', 485, 32, 3),
(4365, 'หนองไฮ   ', 485, 32, 3),
(4366, 'ประชาพัฒนา   ', 485, 32, 3),
(4367, 'หนองทุ่ม   ', 485, 32, 3),
(4368, 'หนองแสน   ', 485, 32, 3),
(4369, 'โคกสีทองหลาง   ', 485, 32, 3),
(4370, '*หนองไผ่   ', 485, 32, 3),
(4371, '*นาดูน   ', 485, 32, 3),
(4372, '*หนองคู   ', 485, 32, 3),
(4373, 'นาดูน   ', 486, 32, 3),
(4374, 'หนองไผ่   ', 486, 32, 3),
(4375, 'หนองคู   ', 486, 32, 3),
(4376, 'ดงบัง   ', 486, 32, 3),
(4377, 'ดงดวน   ', 486, 32, 3),
(4378, 'หัวดง   ', 486, 32, 3),
(4379, 'ดงยาง   ', 486, 32, 3),
(4380, 'กู่สันตรัตน์   ', 486, 32, 3),
(4381, 'พระธาตุ   ', 486, 32, 3),
(4382, 'ยางสีสุราช   ', 487, 32, 3),
(4383, 'นาภู   ', 487, 32, 3),
(4384, 'แวงดง   ', 487, 32, 3),
(4385, 'บ้านกู่   ', 487, 32, 3),
(4386, 'ดงเมือง   ', 487, 32, 3),
(4387, 'ขามเรียน   ', 487, 32, 3),
(4388, 'หนองบัวสันตุ   ', 487, 32, 3),
(4389, 'กุดรัง   ', 488, 32, 3),
(4390, 'นาโพธิ์   ', 488, 32, 3),
(4391, 'เลิงแฝก   ', 488, 32, 3),
(4392, 'หนองแวง   ', 488, 32, 3),
(4393, 'ห้วยเตย   ', 488, 32, 3),
(4394, 'ชื่นชม   ', 489, 32, 3),
(4395, 'กุดปลาดุก   ', 489, 32, 3),
(4396, 'เหล่าดอกไม้   ', 489, 32, 3),
(4397, 'หนองกุง   ', 489, 32, 3),
(4398, 'ในเมือง   ', 491, 33, 3),
(4399, 'รอบเมือง   ', 491, 33, 3),
(4400, 'เหนือเมือง   ', 491, 33, 3),
(4401, 'ขอนแก่น   ', 491, 33, 3),
(4402, 'นาโพธิ์   ', 491, 33, 3),
(4403, 'สะอาดสมบูรณ์   ', 491, 33, 3),
(4404, '*ปาฝา   ', 491, 33, 3),
(4405, 'สีแก้ว   ', 491, 33, 3),
(4406, 'ปอภาร  (ปอพาน)   ', 491, 33, 3),
(4407, 'โนนรัง   ', 491, 33, 3),
(4408, '*ดงสิงห์   ', 491, 33, 3),
(4409, '*สวนจิก   ', 491, 33, 3),
(4410, '*ม่วงลาด   ', 491, 33, 3),
(4411, '*โพธิ์ทอง   ', 491, 33, 3),
(4412, '*จังหาร   ', 491, 33, 3),
(4413, '*ดินดำ   ', 491, 33, 3),
(4414, 'หนองแก้ว   ', 491, 33, 3),
(4415, 'หนองแวง   ', 491, 33, 3),
(4416, '*ศรีสมเด็จ   ', 491, 33, 3),
(4417, 'ดงลาน   ', 491, 33, 3),
(4418, '*หนองใหญ่   ', 491, 33, 3),
(4419, '*เมืองเปลือย   ', 491, 33, 3),
(4420, 'แคนใหญ่   ', 491, 33, 3),
(4421, 'โนนตาล   ', 491, 33, 3),
(4422, 'เมืองทอง   ', 491, 33, 3),
(4423, '*ดงสิงห์   ', 491, 33, 3),
(4424, '*จังหาร   ', 491, 33, 3),
(4425, '*ม่วงลาด   ', 491, 33, 3),
(4426, '*ปาฝา   ', 491, 33, 3),
(4427, '*ดินดำ   ', 491, 33, 3),
(4428, '*สวนจิก   ', 491, 33, 3),
(4429, '*เมืองเปลือย   ', 491, 33, 3),
(4430, '*ศรีสมเด็จ   ', 491, 33, 3),
(4431, '*โพธิ์ทอง   ', 491, 33, 3),
(4432, 'เกษตรวิสัย   ', 492, 33, 3),
(4433, 'เมืองบัว   ', 492, 33, 3),
(4434, 'เหล่าหลวง   ', 492, 33, 3),
(4435, 'สิงห์โคก   ', 492, 33, 3),
(4436, 'ดงครั่งใหญ่   ', 492, 33, 3),
(4437, 'บ้านฝาง   ', 492, 33, 3),
(4438, 'หนองแวง   ', 492, 33, 3),
(4439, 'กำแพง   ', 492, 33, 3),
(4440, 'กู่กาสิงห์   ', 492, 33, 3),
(4441, 'น้ำอ้อม   ', 492, 33, 3),
(4442, 'โนนสว่าง   ', 492, 33, 3),
(4443, 'ทุ่งทอง   ', 492, 33, 3),
(4444, 'ดงครั่งน้อย   ', 492, 33, 3),
(4445, 'บัวแดง   ', 493, 33, 3),
(4446, 'ดอกล้ำ   ', 493, 33, 3),
(4447, 'หนองแคน   ', 493, 33, 3),
(4448, 'โพนสูง   ', 493, 33, 3),
(4449, 'โนนสวรรค์   ', 493, 33, 3),
(4450, 'สระบัว   ', 493, 33, 3),
(4451, 'โนนสง่า   ', 493, 33, 3),
(4452, 'ขี้เหล็ก   ', 493, 33, 3),
(4453, 'หัวช้าง   ', 494, 33, 3),
(4454, 'หนองผือ   ', 494, 33, 3),
(4455, 'เมืองหงส์   ', 494, 33, 3),
(4456, 'โคกล่าม   ', 494, 33, 3),
(4457, 'น้ำใส   ', 494, 33, 3),
(4458, 'ดงแดง   ', 494, 33, 3),
(4459, 'ดงกลาง   ', 494, 33, 3),
(4460, 'ป่าสังข์   ', 494, 33, 3),
(4461, 'อีง่อง   ', 494, 33, 3),
(4462, 'ลิ้นฟ้า   ', 494, 33, 3),
(4463, 'ดู่น้อย   ', 494, 33, 3),
(4464, 'ศรีโคตร   ', 494, 33, 3),
(4465, 'นิเวศน์   ', 495, 33, 3),
(4466, 'ธงธานี   ', 495, 33, 3),
(4467, 'หนองไผ่   ', 495, 33, 3),
(4468, 'ธวัชบุรี   ', 495, 33, 3),
(4469, '*หมูม้น   ', 495, 33, 3),
(4470, 'อุ่มเม้า   ', 495, 33, 3),
(4471, 'มะอึ   ', 495, 33, 3),
(4472, 'เหล่า*   ', 495, 33, 3),
(4473, 'มะบ้า*   ', 495, 33, 3),
(4474, 'เขวาทุ่ง   ', 495, 33, 3),
(4475, '*พระธาตุ   ', 495, 33, 3),
(4476, 'บึงงาม*   ', 495, 33, 3),
(4477, '*บ้านเขือง   ', 495, 33, 3),
(4478, '*พระเจ้า   ', 495, 33, 3),
(4479, 'ไพศาล   ', 495, 33, 3),
(4480, 'เทอดไทย*   ', 495, 33, 3),
(4481, 'เมืองน้อย   ', 495, 33, 3),
(4482, 'โนนศิลา*   ', 495, 33, 3),
(4483, '*เชียงขวัญ   ', 495, 33, 3),
(4484, 'บึงนคร   ', 495, 33, 3),
(4485, '*พลับพลา   ', 495, 33, 3),
(4486, 'ราชธานี   ', 495, 33, 3),
(4487, 'ทุ่งเขาหลวง*   ', 495, 33, 3),
(4488, 'หนองพอก   ', 495, 33, 3),
(4489, 'พนมไพร   ', 496, 33, 3),
(4490, 'แสนสุข   ', 496, 33, 3),
(4491, 'กุดน้ำใส   ', 496, 33, 3),
(4492, 'หนองทัพไทย   ', 496, 33, 3),
(4493, 'โพธิ์ใหญ่   ', 496, 33, 3),
(4494, 'วารีสวัสดิ์   ', 496, 33, 3),
(4495, 'โคกสว่าง   ', 496, 33, 3),
(4496, '*หนองฮี   ', 496, 33, 3),
(4497, '*เด่นราษฎร์   ', 496, 33, 3),
(4498, '*ดูกอึ่ง   ', 496, 33, 3),
(4499, 'โพธิ์ชัย   ', 496, 33, 3),
(4500, 'นานวล   ', 496, 33, 3),
(4501, 'คำไฮ   ', 496, 33, 3),
(4502, 'สระแก้ว   ', 496, 33, 3),
(4503, 'ค้อใหญ่   ', 496, 33, 3),
(4504, '*สาวแห   ', 496, 33, 3),
(4505, 'ชานุวรรณ   ', 496, 33, 3),
(4506, 'แวง   ', 497, 33, 3),
(4507, 'โคกกกม่วง   ', 497, 33, 3),
(4508, 'นาอุดม   ', 497, 33, 3),
(4509, 'สว่าง   ', 497, 33, 3),
(4510, 'หนองใหญ่   ', 497, 33, 3),
(4511, 'โพธิ์ทอง   ', 497, 33, 3),
(4512, 'โนนชัยศรี   ', 497, 33, 3),
(4513, 'โพธิ์ศรีสว่าง   ', 497, 33, 3),
(4514, 'อุ่มเม่า   ', 497, 33, 3),
(4515, 'คำนาดี   ', 497, 33, 3),
(4516, 'พรมสวรรค์   ', 497, 33, 3),
(4517, 'สระนกแก้ว   ', 497, 33, 3),
(4518, 'วังสามัคคี   ', 497, 33, 3),
(4519, 'โคกสูง   ', 497, 33, 3),
(4520, '*ชุมพร   ', 497, 33, 3),
(4521, '*เมยวดี   ', 497, 33, 3),
(4522, '*คำพอง   ', 497, 33, 3),
(4523, '*อัคคะคำ   ', 497, 33, 3),
(4524, '*เชียงใหม่   ', 497, 33, 3),
(4525, '*ขามเบี้ย   ', 497, 33, 3),
(4526, 'ขามเปี้ย   ', 498, 33, 3),
(4527, 'เชียงใหม่   ', 498, 33, 3),
(4528, 'บัวคำ   ', 498, 33, 3),
(4529, 'อัคคะคำ   ', 498, 33, 3),
(4530, 'สะอาด   ', 498, 33, 3),
(4531, 'คำพอุง   ', 498, 33, 3),
(4532, 'หนองตาไก้   ', 498, 33, 3),
(4533, 'ดอนโอง   ', 498, 33, 3),
(4534, 'โพธิ์ศรี   ', 498, 33, 3),
(4535, 'หนองพอก   ', 499, 33, 3),
(4536, 'บึงงาม   ', 499, 33, 3),
(4537, 'ภูเขาทอง   ', 499, 33, 3),
(4538, 'กกโพธิ์   ', 499, 33, 3),
(4539, 'โคกสว่าง   ', 499, 33, 3),
(4540, 'หนองขุ่นใหญ่   ', 499, 33, 3),
(4541, 'รอบเมือง   ', 499, 33, 3),
(4542, 'ผาน้ำย้อย   ', 499, 33, 3),
(4543, 'ท่าสีดา   ', 499, 33, 3),
(4544, 'กลาง   ', 500, 33, 3),
(4545, 'นางาม   ', 500, 33, 3),
(4546, 'เมืองไพร   ', 500, 33, 3),
(4547, 'นาแซง   ', 500, 33, 3),
(4548, 'นาเมือง   ', 500, 33, 3),
(4549, 'วังหลวง   ', 500, 33, 3),
(4550, 'ท่าม่วง   ', 500, 33, 3),
(4551, 'ขวาว   ', 500, 33, 3),
(4552, 'โพธิ์ทอง   ', 500, 33, 3),
(4553, 'ภูเงิน   ', 500, 33, 3),
(4554, 'เกาะแก้ว   ', 500, 33, 3),
(4555, 'นาเลิง   ', 500, 33, 3),
(4556, 'เหล่าน้อย   ', 500, 33, 3),
(4557, 'ศรีวิลัย   ', 500, 33, 3),
(4558, 'หนองหลวง   ', 500, 33, 3),
(4559, 'พรสวรรค์   ', 500, 33, 3),
(4560, 'ขวัญเมือง   ', 500, 33, 3),
(4561, 'บึงเกลือ   ', 500, 33, 3),
(4562, 'สระคู   ', 501, 33, 3),
(4563, 'ดอกไม้   ', 501, 33, 3),
(4564, 'นาใหญ่   ', 501, 33, 3),
(4565, 'หินกอง   ', 501, 33, 3),
(4566, 'เมืองทุ่ง   ', 501, 33, 3),
(4567, 'หัวโทน   ', 501, 33, 3),
(4568, 'บ่อพันขัน   ', 501, 33, 3),
(4569, 'ทุ่งหลวง   ', 501, 33, 3),
(4570, 'หัวช้าง   ', 501, 33, 3),
(4571, 'น้ำคำ   ', 501, 33, 3),
(4572, 'ห้วยหินลาด   ', 501, 33, 3),
(4573, 'ช้างเผือก   ', 501, 33, 3),
(4574, 'ทุ่งกุลา   ', 501, 33, 3),
(4575, 'ทุ่งศรีเมือง   ', 501, 33, 3),
(4576, 'จำปาขัน   ', 501, 33, 3),
(4577, 'หนองผือ   ', 502, 33, 3),
(4578, 'หนองหิน   ', 502, 33, 3),
(4579, 'คูเมือง   ', 502, 33, 3),
(4580, 'กกกุง   ', 502, 33, 3),
(4581, 'เมืองสรวง   ', 502, 33, 3),
(4582, 'โพนทราย   ', 503, 33, 3),
(4583, 'สามขา   ', 503, 33, 3),
(4584, 'ศรีสว่าง   ', 503, 33, 3),
(4585, 'ยางคำ   ', 503, 33, 3),
(4586, 'ท่าหาดยาว   ', 503, 33, 3),
(4587, 'อาจสามารถ   ', 504, 33, 3),
(4588, 'โพนเมือง   ', 504, 33, 3),
(4589, 'บ้านแจ้ง   ', 504, 33, 3),
(4590, 'หน่อม   ', 504, 33, 3),
(4591, 'หนองหมื่นถ่าน   ', 504, 33, 3),
(4592, 'หนองขาม   ', 504, 33, 3),
(4593, 'โหรา   ', 504, 33, 3),
(4594, 'หนองบัว   ', 504, 33, 3),
(4595, 'ขี้เหล็ก   ', 504, 33, 3),
(4596, 'บ้านดู่   ', 504, 33, 3),
(4597, 'เมยวดี   ', 505, 33, 3),
(4598, 'ชุมพร   ', 505, 33, 3),
(4599, 'บุ่งเลิศ   ', 505, 33, 3),
(4600, 'ชมสะอาด   ', 505, 33, 3),
(4601, 'โพธิ์ทอง   ', 506, 33, 3),
(4602, 'ศรีสมเด็จ   ', 506, 33, 3),
(4603, 'เมืองเปลือย   ', 506, 33, 3),
(4604, 'หนองใหญ่   ', 506, 33, 3),
(4605, 'สวนจิก   ', 506, 33, 3),
(4606, 'โพธิ์สัย   ', 506, 33, 3),
(4607, 'หนองแวงควง   ', 506, 33, 3),
(4608, 'บ้านบาก   ', 506, 33, 3),
(4609, 'ดินดำ   ', 507, 33, 3),
(4610, 'ปาฝา   ', 507, 33, 3),
(4611, 'ม่วงลาด   ', 507, 33, 3),
(4612, 'จังหาร   ', 507, 33, 3),
(4613, 'ดงสิงห์   ', 507, 33, 3),
(4614, 'ยางใหญ่   ', 507, 33, 3),
(4615, 'ผักแว่น   ', 507, 33, 3),
(4616, 'แสนชาติ   ', 507, 33, 3),
(4617, 'เชียงขวัญ   ', 508, 33, 3),
(4618, 'พลับพลา   ', 508, 33, 3),
(4619, 'พระธาตุ   ', 508, 33, 3),
(4620, 'พระเจ้า   ', 508, 33, 3),
(4621, 'หมูม้น   ', 508, 33, 3),
(4622, 'บ้านเขือง   ', 508, 33, 3),
(4623, 'หนองฮี   ', 509, 33, 3),
(4624, 'สาวแห   ', 509, 33, 3),
(4625, 'ดูกอึ่ง   ', 509, 33, 3),
(4626, 'เด่นราษฎร์   ', 509, 33, 3),
(4627, 'ทุ่งเขาหลวง   ', 510, 33, 3),
(4628, 'เทอดไทย   ', 510, 33, 3),
(4629, 'บึงงาม   ', 510, 33, 3),
(4630, 'มะบ้า   ', 510, 33, 3),
(4631, 'เหล่า   ', 510, 33, 3),
(4632, 'กาฬสินธุ์   ', 511, 34, 3),
(4633, 'เหนือ   ', 511, 34, 3),
(4634, 'หลุบ   ', 511, 34, 3),
(4635, 'ไผ่   ', 511, 34, 3),
(4636, 'ลำปาว   ', 511, 34, 3),
(4637, 'ลำพาน   ', 511, 34, 3),
(4638, 'เชียงเครือ   ', 511, 34, 3),
(4639, 'บึงวิชัย   ', 511, 34, 3),
(4640, 'ห้วยโพธิ์   ', 511, 34, 3),
(4641, 'ม่วงนา*   ', 511, 34, 3),
(4642, 'ภูปอ   ', 511, 34, 3),
(4643, 'ดงพยุง*   ', 511, 34, 3),
(4644, 'ภูดิน   ', 511, 34, 3),
(4645, 'ดอนจาน*   ', 511, 34, 3),
(4646, 'หนองกุง   ', 511, 34, 3),
(4647, 'กลางหมื่น   ', 511, 34, 3),
(4648, 'ขมิ้น   ', 511, 34, 3),
(4649, 'นาจำปา*   ', 511, 34, 3),
(4650, 'โพนทอง   ', 511, 34, 3),
(4651, 'นาจารย์   ', 511, 34, 3),
(4652, 'ลำคลอง   ', 511, 34, 3),
(4653, 'สะอาดไชยศรี*   ', 511, 34, 3),
(4654, 'นามน*   ', 511, 34, 3),
(4655, 'ยอดแกง*   ', 511, 34, 3),
(4656, 'นามน   ', 512, 34, 3),
(4657, 'ยอดแกง   ', 512, 34, 3),
(4658, 'สงเปลือย   ', 512, 34, 3),
(4659, 'หลักเหลี่ยม   ', 512, 34, 3),
(4660, 'หนองบัว   ', 512, 34, 3),
(4661, 'กมลาไสย   ', 513, 34, 3),
(4662, 'หลักเมือง   ', 513, 34, 3),
(4663, 'โพนงาม   ', 513, 34, 3),
(4664, 'ดงลิง   ', 513, 34, 3),
(4665, 'ธัญญา   ', 513, 34, 3),
(4666, 'กุดฆ้องชัย*   ', 513, 34, 3),
(4667, 'ลำชี*   ', 513, 34, 3),
(4668, 'หนองแปน   ', 513, 34, 3),
(4669, 'โคกสะอาด*   ', 513, 34, 3),
(4670, 'เจ้าท่า   ', 513, 34, 3),
(4671, 'โคกสมบูรณ์   ', 513, 34, 3),
(4672, 'โนนศิลา*   ', 513, 34, 3),
(4673, 'ฆ้องชัยพัฒนา*   ', 513, 34, 3),
(4674, 'ร่องคำ   ', 514, 34, 3),
(4675, 'สามัคคี   ', 514, 34, 3),
(4676, 'เหล่าอ้อย   ', 514, 34, 3),
(4677, 'บัวขาว   ', 515, 34, 3),
(4678, 'แจนแลน   ', 515, 34, 3),
(4679, 'เหล่าใหญ่   ', 515, 34, 3),
(4680, 'จุมจัง   ', 515, 34, 3),
(4681, 'เหล่าไฮงาม   ', 515, 34, 3),
(4682, 'กุดหว้า   ', 515, 34, 3),
(4683, 'สามขา   ', 515, 34, 3),
(4684, 'นาขาม   ', 515, 34, 3),
(4685, 'หนองห้าง   ', 515, 34, 3),
(4686, 'นาโก   ', 515, 34, 3);
INSERT INTO `district` (`dis_code`, `DISTRICT_NAME`, `am_code`, `prov_code`, `GEO_ID`) VALUES
(4687, 'สมสะอาด   ', 515, 34, 3),
(4688, 'กุดค้าว   ', 515, 34, 3),
(4689, 'คุ้มเก่า   ', 516, 34, 3),
(4690, 'สงเปลือย   ', 516, 34, 3),
(4691, 'หนองผือ   ', 516, 34, 3),
(4692, '*ภูแล่นช้าง   ', 516, 34, 3),
(4693, '*นาคู   ', 516, 34, 3),
(4694, 'กุดสิมคุ้มใหม่   ', 516, 34, 3),
(4695, '*บ่อแก้ว   ', 516, 34, 3),
(4696, 'สระพังทอง   ', 516, 34, 3),
(4697, '*สายนาวัง   ', 516, 34, 3),
(4698, '*โนนนาจาน   ', 516, 34, 3),
(4699, 'กุดปลาค้าว   ', 516, 34, 3),
(4700, 'ยางตลาด   ', 517, 34, 3),
(4701, 'หัวงัว   ', 517, 34, 3),
(4702, 'อุ่มเม่า   ', 517, 34, 3),
(4703, 'บัวบาน   ', 517, 34, 3),
(4704, 'เว่อ   ', 517, 34, 3),
(4705, 'อิตื้อ   ', 517, 34, 3),
(4706, 'หัวนาคำ   ', 517, 34, 3),
(4707, 'หนองอิเฒ่า   ', 517, 34, 3),
(4708, 'ดอนสมบูรณ์   ', 517, 34, 3),
(4709, 'นาเชือก   ', 517, 34, 3),
(4710, 'คลองขาม   ', 517, 34, 3),
(4711, 'เขาพระนอน   ', 517, 34, 3),
(4712, 'นาดี   ', 517, 34, 3),
(4713, 'โนนสูง   ', 517, 34, 3),
(4714, 'หนองตอกแป้น   ', 517, 34, 3),
(4715, 'ห้วยเม็ก   ', 518, 34, 3),
(4716, 'คำใหญ่   ', 518, 34, 3),
(4717, 'กุดโดน   ', 518, 34, 3),
(4718, 'บึงนาเรียง   ', 518, 34, 3),
(4719, 'หัวหิน   ', 518, 34, 3),
(4720, 'พิมูล   ', 518, 34, 3),
(4721, 'คำเหมือดแก้ว   ', 518, 34, 3),
(4722, 'โนนสะอาด   ', 518, 34, 3),
(4723, 'ทรายทอง   ', 518, 34, 3),
(4724, 'ภูสิงห์   ', 519, 34, 3),
(4725, 'สหัสขันธ์   ', 519, 34, 3),
(4726, 'นามะเขือ   ', 519, 34, 3),
(4727, 'โนนศิลา   ', 519, 34, 3),
(4728, 'นิคม   ', 519, 34, 3),
(4729, 'โนนแหลมทอง   ', 519, 34, 3),
(4730, 'โนนบุรี   ', 519, 34, 3),
(4731, 'โนนน้ำเกลี้ยง   ', 519, 34, 3),
(4732, '*หนองบัว   ', 519, 34, 3),
(4733, '*ทุ่งคลอง   ', 519, 34, 3),
(4734, '*สำราญ   ', 519, 34, 3),
(4735, '*โพน   ', 519, 34, 3),
(4736, 'ทุ่งคลอง   ', 520, 34, 3),
(4737, 'โพน   ', 520, 34, 3),
(4738, '*สำราญ   ', 520, 34, 3),
(4739, '*สำราญใต้   ', 520, 34, 3),
(4740, 'ดินจี่   ', 520, 34, 3),
(4741, 'นาบอน   ', 520, 34, 3),
(4742, 'นาทัน   ', 520, 34, 3),
(4743, '*คำสร้างเที่ยง   ', 520, 34, 3),
(4744, 'เนินยาง   ', 520, 34, 3),
(4745, '*หนองช้าง   ', 520, 34, 3),
(4746, 'ท่าคันโท   ', 521, 34, 3),
(4747, 'กุงเก่า   ', 521, 34, 3),
(4748, 'ยางอู้ม   ', 521, 34, 3),
(4749, 'กุดจิก   ', 521, 34, 3),
(4750, 'นาตาล   ', 521, 34, 3),
(4751, 'ดงสมบูรณ์   ', 521, 34, 3),
(4752, '*โคกเครือ   ', 521, 34, 3),
(4753, '*สหัสขันธ์   ', 521, 34, 3),
(4754, 'หนองกุงศรี   ', 522, 34, 3),
(4755, 'หนองบัว   ', 522, 34, 3),
(4756, 'โคกเครือ   ', 522, 34, 3),
(4757, 'หนองสรวง   ', 522, 34, 3),
(4758, 'เสาเล้า   ', 522, 34, 3),
(4759, 'หนองใหญ่   ', 522, 34, 3),
(4760, 'ดงมูล   ', 522, 34, 3),
(4761, 'ลำหนองแสน   ', 522, 34, 3),
(4762, 'หนองหิน   ', 522, 34, 3),
(4763, 'สมเด็จ   ', 523, 34, 3),
(4764, 'หนองแวง   ', 523, 34, 3),
(4765, 'แซงบาดาล   ', 523, 34, 3),
(4766, 'มหาไชย   ', 523, 34, 3),
(4767, 'หมูม่น   ', 523, 34, 3),
(4768, 'ผาเสวย   ', 523, 34, 3),
(4769, 'ศรีสมเด็จ   ', 523, 34, 3),
(4770, 'ลำห้วยหลัว   ', 523, 34, 3),
(4771, 'คำบง   ', 524, 34, 3),
(4772, 'ไค้นุ่น   ', 524, 34, 3),
(4773, 'นิคมห้วยผึ้ง   ', 524, 34, 3),
(4774, 'หนองอีบุตร   ', 524, 34, 3),
(4775, 'สำราญ   ', 525, 34, 3),
(4776, 'สำราญใต้   ', 525, 34, 3),
(4777, 'คำสร้างเที่ยง   ', 525, 34, 3),
(4778, 'หนองช้าง   ', 525, 34, 3),
(4779, 'นาคู   ', 526, 34, 3),
(4780, 'สายนาวัง   ', 526, 34, 3),
(4781, 'โนนนาจาน   ', 526, 34, 3),
(4782, 'บ่อแก้ว   ', 526, 34, 3),
(4783, 'ภูแล่นช้าง   ', 526, 34, 3),
(4784, 'ดอนจาน   ', 527, 34, 3),
(4785, 'สะอาดไชยศรี   ', 527, 34, 3),
(4786, 'ดงพยุง   ', 527, 34, 3),
(4787, 'ม่วงนา   ', 527, 34, 3),
(4788, 'นาจำปา   ', 527, 34, 3),
(4789, 'ฆ้องชัยพัฒนา   ', 528, 34, 3),
(4790, 'เหล่ากลาง   ', 528, 34, 3),
(4791, 'โคกสะอาด   ', 528, 34, 3),
(4792, 'โนนศิลาเลิง   ', 528, 34, 3),
(4793, 'ลำชี   ', 528, 34, 3),
(4794, 'ธาตุเชิงชุม   ', 529, 35, 3),
(4795, 'ขมิ้น   ', 529, 35, 3),
(4796, 'งิ้วด่อน   ', 529, 35, 3),
(4797, 'โนนหอม   ', 529, 35, 3),
(4798, '*นาตงวัฒนา   ', 529, 35, 3),
(4799, 'เชียงเครือ   ', 529, 35, 3),
(4800, 'ท่าแร่   ', 529, 35, 3),
(4801, '*บ้านโพน   ', 529, 35, 3),
(4802, 'ม่วงลาย   ', 529, 35, 3),
(4803, 'กกปลาซิว*   ', 529, 35, 3),
(4804, 'ดงชน   ', 529, 35, 3),
(4805, 'ห้วยยาง   ', 529, 35, 3),
(4806, 'พังขว้าง   ', 529, 35, 3),
(4807, '*นาแก้ว   ', 529, 35, 3),
(4808, 'ดงมะไฟ   ', 529, 35, 3),
(4809, 'ธาตุนาเวง   ', 529, 35, 3),
(4810, 'เหล่าปอแดง   ', 529, 35, 3),
(4811, 'หนองลาด   ', 529, 35, 3),
(4812, '*บ้านแป้น   ', 529, 35, 3),
(4813, 'ฮางโฮง   ', 529, 35, 3),
(4814, 'โคกก่อง   ', 529, 35, 3),
(4815, '*นาตงวัฒนา   ', 529, 35, 3),
(4816, '*นาแก้ว   ', 529, 35, 3),
(4817, '*บ้านโพน   ', 529, 35, 3),
(4818, '*เหล่าโพนค้อ   ', 529, 35, 3),
(4819, '*ตองโขบ   ', 529, 35, 3),
(4820, '*เต่างอย   ', 529, 35, 3),
(4821, 'กุสุมาลย์   ', 530, 35, 3),
(4822, 'นาโพธิ์   ', 530, 35, 3),
(4823, 'นาเพียง   ', 530, 35, 3),
(4824, 'โพธิไพศาล   ', 530, 35, 3),
(4825, 'อุ่มจาน   ', 530, 35, 3),
(4826, 'กุดบาก   ', 531, 35, 3),
(4827, '*โคกภู   ', 531, 35, 3),
(4828, 'นาม่อง   ', 531, 35, 3),
(4829, '*สร้างค้อ   ', 531, 35, 3),
(4830, 'กุดไห   ', 531, 35, 3),
(4831, '*หลุบเลา   ', 531, 35, 3),
(4832, 'พรรณา   ', 532, 35, 3),
(4833, 'วังยาง   ', 532, 35, 3),
(4834, 'พอกน้อย   ', 532, 35, 3),
(4835, 'นาหัวบ่อ   ', 532, 35, 3),
(4836, 'ไร่   ', 532, 35, 3),
(4837, 'ช้างมิ่ง   ', 532, 35, 3),
(4838, 'นาใน   ', 532, 35, 3),
(4839, 'สว่าง   ', 532, 35, 3),
(4840, 'บะฮี   ', 532, 35, 3),
(4841, 'เชิงชุม   ', 532, 35, 3),
(4842, 'พังโคน   ', 533, 35, 3),
(4843, 'ม่วงไข่   ', 533, 35, 3),
(4844, 'แร่   ', 533, 35, 3),
(4845, 'ไฮหย่อง   ', 533, 35, 3),
(4846, 'ต้นผึ้ง   ', 533, 35, 3),
(4847, '*คลองกระจัง   ', 533, 35, 3),
(4848, '*สระกรวด   ', 533, 35, 3),
(4849, 'วาริชภูมิ   ', 534, 35, 3),
(4850, 'ปลาโหล   ', 534, 35, 3),
(4851, 'หนองลาด   ', 534, 35, 3),
(4852, 'คำบ่อ   ', 534, 35, 3),
(4853, 'ค้อเขียว   ', 534, 35, 3),
(4854, 'นิคมน้ำอูน   ', 535, 35, 3),
(4855, 'หนองปลิง   ', 535, 35, 3),
(4856, 'หนองบัว   ', 535, 35, 3),
(4857, 'สุวรรณคาม   ', 535, 35, 3),
(4858, 'วานรนิวาส   ', 536, 35, 3),
(4859, 'เดื่อศรีคันไชย   ', 536, 35, 3),
(4860, 'ขัวก่าย   ', 536, 35, 3),
(4861, 'หนองสนม   ', 536, 35, 3),
(4862, 'คูสะคาม   ', 536, 35, 3),
(4863, 'ธาตุ   ', 536, 35, 3),
(4864, 'หนองแวง   ', 536, 35, 3),
(4865, 'ศรีวิชัย   ', 536, 35, 3),
(4866, 'นาซอ   ', 536, 35, 3),
(4867, 'อินทร์แปลง   ', 536, 35, 3),
(4868, 'นาคำ   ', 536, 35, 3),
(4869, 'คอนสวรรค์   ', 536, 35, 3),
(4870, 'กุดเรือคำ   ', 536, 35, 3),
(4871, 'หนองแวงใต้   ', 536, 35, 3),
(4872, 'คำตากล้า   ', 537, 35, 3),
(4873, 'หนองบัวสิม   ', 537, 35, 3),
(4874, 'นาแต้   ', 537, 35, 3),
(4875, 'แพด   ', 537, 35, 3),
(4876, 'ม่วง   ', 538, 35, 3),
(4877, 'มาย   ', 538, 35, 3),
(4878, 'ดงหม้อทอง   ', 538, 35, 3),
(4879, 'ดงเหนือ   ', 538, 35, 3),
(4880, 'ดงหม้อทองใต้   ', 538, 35, 3),
(4881, 'ห้วยหลัว   ', 538, 35, 3),
(4882, 'โนนสะอาด   ', 538, 35, 3),
(4883, 'หนองกวั่ง   ', 538, 35, 3),
(4884, 'บ่อแก้ว   ', 538, 35, 3),
(4885, 'อากาศ   ', 539, 35, 3),
(4886, 'โพนแพง   ', 539, 35, 3),
(4887, 'วาใหญ่   ', 539, 35, 3),
(4888, 'โพนงาม   ', 539, 35, 3),
(4889, 'ท่าก้อน   ', 539, 35, 3),
(4890, 'นาฮี   ', 539, 35, 3),
(4891, 'บะหว้า   ', 539, 35, 3),
(4892, 'สามัคคีพัฒนา   ', 539, 35, 3),
(4893, 'สว่างแดนดิน   ', 540, 35, 3),
(4894, '*บ้านเหล่า   ', 540, 35, 3),
(4895, 'คำสะอาด   ', 540, 35, 3),
(4896, 'บ้านต้าย   ', 540, 35, 3),
(4897, '*เจริญศิลป์   ', 540, 35, 3),
(4898, 'บงเหนือ   ', 540, 35, 3),
(4899, 'โพนสูง   ', 540, 35, 3),
(4900, 'โคกสี   ', 540, 35, 3),
(4901, '*ทุ่งแก   ', 540, 35, 3),
(4902, 'หนองหลวง   ', 540, 35, 3),
(4903, 'บงใต้   ', 540, 35, 3),
(4904, 'ค้อใต้   ', 540, 35, 3),
(4905, 'พันนา   ', 540, 35, 3),
(4906, 'แวง   ', 540, 35, 3),
(4907, 'ทรายมูล   ', 540, 35, 3),
(4908, 'ตาลโกน   ', 540, 35, 3),
(4909, 'ตาลเนิ้ง   ', 540, 35, 3),
(4910, '*โคกศิลา   ', 540, 35, 3),
(4911, '*หนองแปน   ', 540, 35, 3),
(4912, 'ธาตุทอง   ', 540, 35, 3),
(4913, 'บ้านถ่อน   ', 540, 35, 3),
(4914, 'ส่องดาว   ', 541, 35, 3),
(4915, 'ท่าศิลา   ', 541, 35, 3),
(4916, 'วัฒนา   ', 541, 35, 3),
(4917, 'ปทุมวาปี   ', 541, 35, 3),
(4918, 'เต่างอย   ', 542, 35, 3),
(4919, 'บึงทวาย   ', 542, 35, 3),
(4920, 'นาตาล   ', 542, 35, 3),
(4921, 'จันทร์เพ็ญ   ', 542, 35, 3),
(4922, 'ตองโขบ   ', 543, 35, 3),
(4923, 'เหล่าโพนค้อ   ', 543, 35, 3),
(4924, 'ด่านม่วงคำ   ', 543, 35, 3),
(4925, 'แมดนาท่ม   ', 543, 35, 3),
(4926, 'บ้านเหล่า   ', 544, 35, 3),
(4927, 'เจริญศิลป์   ', 544, 35, 3),
(4928, 'ทุ่งแก   ', 544, 35, 3),
(4929, 'โคกศิลา   ', 544, 35, 3),
(4930, 'หนองแปน   ', 544, 35, 3),
(4931, 'บ้านโพน   ', 545, 35, 3),
(4932, 'นาแก้ว   ', 545, 35, 3),
(4933, 'นาตงวัฒนา   ', 545, 35, 3),
(4934, 'บ้านแป้น   ', 545, 35, 3),
(4935, 'เชียงสือ   ', 545, 35, 3),
(4936, 'สร้างค้อ   ', 546, 35, 3),
(4937, 'หลุบเลา   ', 546, 35, 3),
(4938, 'โคกภู   ', 546, 35, 3),
(4939, 'กกปลาซิว   ', 546, 35, 3),
(4940, 'ในเมือง   ', 549, 36, 3),
(4941, 'หนองแสง   ', 549, 36, 3),
(4942, 'นาทราย   ', 549, 36, 3),
(4943, 'นาราชควาย   ', 549, 36, 3),
(4944, 'กุรุคุ   ', 549, 36, 3),
(4945, 'บ้านผึ้ง   ', 549, 36, 3),
(4946, 'อาจสามารถ   ', 549, 36, 3),
(4947, 'ขามเฒ่า   ', 549, 36, 3),
(4948, 'บ้านกลาง   ', 549, 36, 3),
(4949, 'ท่าค้อ   ', 549, 36, 3),
(4950, 'คำเตย   ', 549, 36, 3),
(4951, 'หนองญาติ   ', 549, 36, 3),
(4952, 'ดงขวาง   ', 549, 36, 3),
(4953, 'วังตามัว   ', 549, 36, 3),
(4954, 'โพธิ์ตาก   ', 549, 36, 3),
(4955, 'ปลาปาก   ', 550, 36, 3),
(4956, 'หนองฮี   ', 550, 36, 3),
(4957, 'กุตาไก้   ', 550, 36, 3),
(4958, 'โคกสว่าง   ', 550, 36, 3),
(4959, 'โคกสูง   ', 550, 36, 3),
(4960, 'มหาชัย   ', 550, 36, 3),
(4961, 'นามะเขือ   ', 550, 36, 3),
(4962, 'หนองเทาใหญ่   ', 550, 36, 3),
(4963, 'ท่าอุเทน   ', 551, 36, 3),
(4964, 'โนนตาล   ', 551, 36, 3),
(4965, 'ท่าจำปา   ', 551, 36, 3),
(4966, 'ไชยบุรี   ', 551, 36, 3),
(4967, 'พนอม   ', 551, 36, 3),
(4968, 'พะทาย   ', 551, 36, 3),
(4969, '*นาขมิ้น   ', 551, 36, 3),
(4970, '*โพนบก   ', 551, 36, 3),
(4971, '*โพนสวรรค์   ', 551, 36, 3),
(4972, '*บ้านค้อ   ', 551, 36, 3),
(4973, 'เวินพระบาท   ', 551, 36, 3),
(4974, 'รามราช   ', 551, 36, 3),
(4975, '*นาหัวบ่อ   ', 551, 36, 3),
(4976, 'หนองเทา   ', 551, 36, 3),
(4977, 'บ้านแพง   ', 552, 36, 3),
(4978, 'ไผ่ล้อม   ', 552, 36, 3),
(4979, 'โพนทอง   ', 552, 36, 3),
(4980, 'หนองแวง   ', 552, 36, 3),
(4981, '*นาทม   ', 552, 36, 3),
(4982, '*หนองซน   ', 552, 36, 3),
(4983, '*ดอนเตย   ', 552, 36, 3),
(4984, 'นางัว   ', 552, 36, 3),
(4985, 'นาเข   ', 552, 36, 3),
(4986, 'ธาตุพนม   ', 553, 36, 3),
(4987, 'ฝั่งแดง   ', 553, 36, 3),
(4988, 'โพนแพง   ', 553, 36, 3),
(4989, 'พระกลางทุ่ง   ', 553, 36, 3),
(4990, 'นาถ่อน   ', 553, 36, 3),
(4991, 'แสนพัน   ', 553, 36, 3),
(4992, 'ดอนนางหงส์   ', 553, 36, 3),
(4993, 'น้ำก่ำ   ', 553, 36, 3),
(4994, 'อุ่มเหม้า   ', 553, 36, 3),
(4995, 'นาหนาด   ', 553, 36, 3),
(4996, 'กุดฉิม   ', 553, 36, 3),
(4997, 'ธาตุพนมเหนือ   ', 553, 36, 3),
(4998, 'เรณู   ', 554, 36, 3),
(4999, 'โพนทอง   ', 554, 36, 3),
(5000, 'ท่าลาด   ', 554, 36, 3),
(5001, 'นางาม   ', 554, 36, 3),
(5002, 'โคกหินแฮ่   ', 554, 36, 3),
(5003, '*เรณูนคร   ', 554, 36, 3),
(5004, 'หนองย่างชิ้น   ', 554, 36, 3),
(5005, 'เรณูใต้   ', 554, 36, 3),
(5006, 'นาขาม   ', 554, 36, 3),
(5007, 'นาแก   ', 555, 36, 3),
(5008, 'พระซอง   ', 555, 36, 3),
(5009, 'หนองสังข์   ', 555, 36, 3),
(5010, 'นาคู่   ', 555, 36, 3),
(5011, 'พิมาน   ', 555, 36, 3),
(5012, 'พุ่มแก   ', 555, 36, 3),
(5013, 'ก้านเหลือง   ', 555, 36, 3),
(5014, 'หนองบ่อ   ', 555, 36, 3),
(5015, 'นาเลียง   ', 555, 36, 3),
(5016, 'โคกสี*   ', 555, 36, 3),
(5017, 'วังยาง*   ', 555, 36, 3),
(5018, 'บ้านแก้ง   ', 555, 36, 3),
(5019, 'คำพี้   ', 555, 36, 3),
(5020, 'ยอดชาด*   ', 555, 36, 3),
(5021, 'สีชมพู   ', 555, 36, 3),
(5022, 'หนองโพธิ์*   ', 555, 36, 3),
(5023, 'ศรีสงคราม   ', 556, 36, 3),
(5024, 'นาเดื่อ   ', 556, 36, 3),
(5025, 'บ้านเอื้อง   ', 556, 36, 3),
(5026, 'สามผง   ', 556, 36, 3),
(5027, 'ท่าบ่อสงคราม   ', 556, 36, 3),
(5028, 'บ้านข่า   ', 556, 36, 3),
(5029, 'นาคำ   ', 556, 36, 3),
(5030, 'โพนสว่าง   ', 556, 36, 3),
(5031, 'หาดแพง   ', 556, 36, 3),
(5032, 'นาหว้า   ', 557, 36, 3),
(5033, 'นางัว   ', 557, 36, 3),
(5034, 'บ้านเสียว   ', 557, 36, 3),
(5035, 'นาคูณใหญ่   ', 557, 36, 3),
(5036, 'เหล่าพัฒนา   ', 557, 36, 3),
(5037, 'ท่าเรือ   ', 557, 36, 3),
(5038, 'โพนสวรรค์   ', 558, 36, 3),
(5039, 'นาหัวบ่อ   ', 558, 36, 3),
(5040, 'นาขมิ้น   ', 558, 36, 3),
(5041, 'โพนบก   ', 558, 36, 3),
(5042, 'บ้านค้อ   ', 558, 36, 3),
(5043, 'โพนจาน   ', 558, 36, 3),
(5044, 'นาใน   ', 558, 36, 3),
(5045, 'นาทม   ', 559, 36, 3),
(5046, 'หนองซน   ', 559, 36, 3),
(5047, 'ดอนเตย   ', 559, 36, 3),
(5048, 'วังยาง   ', 560, 36, 3),
(5049, 'โคกสี   ', 560, 36, 3),
(5050, 'ยอดชาด   ', 560, 36, 3),
(5051, 'หนองโพธิ์   ', 560, 36, 3),
(5052, 'มุกดาหาร   ', 561, 37, 3),
(5053, 'ศรีบุญเรือง   ', 561, 37, 3),
(5054, 'บ้านโคก   ', 561, 37, 3),
(5055, 'บางทรายใหญ่   ', 561, 37, 3),
(5056, 'โพนทราย   ', 561, 37, 3),
(5057, 'ผึ่งแดด   ', 561, 37, 3),
(5058, 'นาโสก   ', 561, 37, 3),
(5059, 'นาสีนวน   ', 561, 37, 3),
(5060, 'คำป่าหลาย   ', 561, 37, 3),
(5061, 'คำอาฮวน   ', 561, 37, 3),
(5062, 'ดงเย็น   ', 561, 37, 3),
(5063, 'ดงมอน   ', 561, 37, 3),
(5064, 'กุดแข้   ', 561, 37, 3),
(5065, '*หนองแวง   ', 561, 37, 3),
(5066, '*กกแดง   ', 561, 37, 3),
(5067, '*นากอก   ', 561, 37, 3),
(5068, '*นำคมคำสร้อย   ', 561, 37, 3),
(5069, '*บางทรายน้อย   ', 561, 37, 3),
(5070, '*หว้านใหญ่   ', 561, 37, 3),
(5071, 'นิคมคำสร้อย   ', 562, 37, 3),
(5072, 'นากอก   ', 562, 37, 3),
(5073, 'หนองแวง   ', 562, 37, 3),
(5074, 'กกแดง   ', 562, 37, 3),
(5075, 'นาอุดม   ', 562, 37, 3),
(5076, 'โชคชัย   ', 562, 37, 3),
(5077, 'ร่มเกล้า   ', 562, 37, 3),
(5078, 'ดอนตาล   ', 563, 37, 3),
(5079, 'โพธิ์ไทร   ', 563, 37, 3),
(5080, 'ป่าไร่   ', 563, 37, 3),
(5081, 'เหล่าหมี   ', 563, 37, 3),
(5082, 'บ้านบาก   ', 563, 37, 3),
(5083, 'นาสะเม็ง   ', 563, 37, 3),
(5084, 'บ้านแก้ง   ', 563, 37, 3),
(5085, 'ดงหลวง   ', 564, 37, 3),
(5086, 'หนองบัว   ', 564, 37, 3),
(5087, 'กกตูม   ', 564, 37, 3),
(5088, 'หนองแคน   ', 564, 37, 3),
(5089, 'ชะโนดน้อย   ', 564, 37, 3),
(5090, 'พังแดง   ', 564, 37, 3),
(5091, '*หนองสูงใต้   ', 565, 37, 3),
(5092, '*หนองสูง   ', 565, 37, 3),
(5093, 'บ้านซ่ง   ', 565, 37, 3),
(5094, 'คำชะอี   ', 565, 37, 3),
(5095, 'หนองเอี่ยน   ', 565, 37, 3),
(5096, 'บ้านค้อ   ', 565, 37, 3),
(5097, 'บ้านเหล่า   ', 565, 37, 3),
(5098, 'โพนงาม   ', 565, 37, 3),
(5099, '*โนนยาง   ', 565, 37, 3),
(5100, '*บ้านเป้า   ', 565, 37, 3),
(5101, 'เหล่าสร้างถ่อ   ', 565, 37, 3),
(5102, 'คำบก   ', 565, 37, 3),
(5103, '*ภูวง   ', 565, 37, 3),
(5104, 'น้ำเที่ยง   ', 565, 37, 3),
(5105, '*หนองสูงใต้   ', 565, 37, 3),
(5106, '*บ้านเป้า   ', 565, 37, 3),
(5107, '*หนองสูง   ', 565, 37, 3),
(5108, 'หว้านใหญ่   ', 566, 37, 3),
(5109, 'ป่งขาม   ', 566, 37, 3),
(5110, 'บางทรายน้อย   ', 566, 37, 3),
(5111, 'ชะโนด   ', 566, 37, 3),
(5112, 'ดงหมู   ', 566, 37, 3),
(5113, 'หนองสูง   ', 567, 37, 3),
(5114, 'โนนยาง   ', 567, 37, 3),
(5115, 'ภูวง   ', 567, 37, 3),
(5116, 'บ้านเป้า   ', 567, 37, 3),
(5117, 'หนองสูงใต้   ', 567, 37, 3),
(5118, 'หนองสูงเหนือ   ', 567, 37, 3),
(5119, 'ศรีภูมิ   ', 568, 38, 1),
(5120, 'พระสิงห์   ', 568, 38, 1),
(5121, 'หายยา   ', 568, 38, 1),
(5122, 'ช้างม่อย   ', 568, 38, 1),
(5123, 'ช้างคลาน   ', 568, 38, 1),
(5124, 'วัดเกต   ', 568, 38, 1),
(5125, 'ช้างเผือก   ', 568, 38, 1),
(5126, 'สุเทพ   ', 568, 38, 1),
(5127, 'แม่เหียะ   ', 568, 38, 1),
(5128, 'ป่าแดด   ', 568, 38, 1),
(5129, 'หนองหอย   ', 568, 38, 1),
(5130, 'ท่าศาลา   ', 568, 38, 1),
(5131, 'หนองป่าครั่ง   ', 568, 38, 1),
(5132, 'ฟ้าฮ่าม   ', 568, 38, 1),
(5133, 'ป่าตัน   ', 568, 38, 1),
(5134, 'สันผีเสื้อ   ', 568, 38, 1),
(5135, '*ยางคราม   ', 569, 38, 1),
(5136, '*สองแคว   ', 569, 38, 1),
(5137, 'บ้านหลวง   ', 569, 38, 1),
(5138, 'ข่วงเปา   ', 569, 38, 1),
(5139, 'สบเตี๊ยะ   ', 569, 38, 1),
(5140, 'บ้านแปะ   ', 569, 38, 1),
(5141, 'ดอยแก้ว   ', 569, 38, 1),
(5142, '*ดอยหล่อ   ', 569, 38, 1),
(5143, 'แม่สอย   ', 569, 38, 1),
(5144, '*สันติสุข   ', 569, 38, 1),
(5145, 'ช่างเคิ่ง   ', 570, 38, 1),
(5146, 'ท่าผา   ', 570, 38, 1),
(5147, 'บ้านทับ   ', 570, 38, 1),
(5148, 'แม่ศึก   ', 570, 38, 1),
(5149, 'แม่นาจร   ', 570, 38, 1),
(5150, 'บ้านจันทร์   ', 570, 38, 1),
(5151, 'ปางหินฝน   ', 570, 38, 1),
(5152, 'กองแขก   ', 570, 38, 1),
(5153, 'แม่แดด   ', 570, 38, 1),
(5154, 'แจ่มหลวง   ', 570, 38, 1),
(5155, 'เชียงดาว   ', 571, 38, 1),
(5156, 'เมืองนะ   ', 571, 38, 1),
(5157, 'เมืองงาย   ', 571, 38, 1),
(5158, 'แม่นะ   ', 571, 38, 1),
(5159, 'เมืองคอง   ', 571, 38, 1),
(5160, 'ปิงโค้ง   ', 571, 38, 1),
(5161, 'ทุ่งข้าวพวง   ', 571, 38, 1),
(5162, 'เชิงดอย   ', 572, 38, 1),
(5163, 'สันปูเลย   ', 572, 38, 1),
(5164, 'ลวงเหนือ   ', 572, 38, 1),
(5165, 'ป่าป้อง   ', 572, 38, 1),
(5166, 'สง่าบ้าน   ', 572, 38, 1),
(5167, 'ป่าลาน   ', 572, 38, 1),
(5168, 'ตลาดขวัญ   ', 572, 38, 1),
(5169, 'สำราญราษฎร์   ', 572, 38, 1),
(5170, 'แม่คือ   ', 572, 38, 1),
(5171, 'ตลาดใหญ่   ', 572, 38, 1),
(5172, 'แม่ฮ้อยเงิน   ', 572, 38, 1),
(5173, 'แม่โป่ง   ', 572, 38, 1),
(5174, 'ป่าเมี่ยง   ', 572, 38, 1),
(5175, 'เทพเสด็จ   ', 572, 38, 1),
(5176, 'สันมหาพน   ', 573, 38, 1),
(5177, 'แม่แตง   ', 573, 38, 1),
(5178, 'ขี้เหล็ก   ', 573, 38, 1),
(5179, 'ช่อแล   ', 573, 38, 1),
(5180, 'แม่หอพระ   ', 573, 38, 1),
(5181, 'สบเปิง   ', 573, 38, 1),
(5182, 'บ้านเป้า   ', 573, 38, 1),
(5183, 'สันป่ายาง   ', 573, 38, 1),
(5184, 'ป่าแป๋   ', 573, 38, 1),
(5185, 'เมืองก๋าย   ', 573, 38, 1),
(5186, 'บ้านช้าง   ', 573, 38, 1),
(5187, 'กื้ดช้าง   ', 573, 38, 1),
(5188, 'อินทขิล   ', 573, 38, 1),
(5189, 'สมก๋าย   ', 573, 38, 1),
(5190, 'ริมใต้   ', 574, 38, 1),
(5191, 'ริมเหนือ   ', 574, 38, 1),
(5192, 'สันโป่ง   ', 574, 38, 1),
(5193, 'ขี้เหล็ก   ', 574, 38, 1),
(5194, 'สะลวง   ', 574, 38, 1),
(5195, 'ห้วยทราย   ', 574, 38, 1),
(5196, 'แม่แรม   ', 574, 38, 1),
(5197, 'โป่งแยง   ', 574, 38, 1),
(5198, 'แม่สา   ', 574, 38, 1),
(5199, 'ดอนแก้ว   ', 574, 38, 1),
(5200, 'เหมืองแก้ว   ', 574, 38, 1),
(5201, 'สะเมิงใต้   ', 575, 38, 1),
(5202, 'สะเมิงเหนือ   ', 575, 38, 1),
(5203, 'แม่สาบ   ', 575, 38, 1),
(5204, 'บ่อแก้ว   ', 575, 38, 1),
(5205, 'ยั้งเมิน   ', 575, 38, 1),
(5206, 'เวียง   ', 576, 38, 1),
(5207, '*ปงตำ   ', 576, 38, 1),
(5208, 'ม่อนปิ่น   ', 576, 38, 1),
(5209, 'แม่งอน   ', 576, 38, 1),
(5210, 'แม่สูน   ', 576, 38, 1),
(5211, 'สันทราย   ', 576, 38, 1),
(5212, '*ศรีดงเย็น   ', 576, 38, 1),
(5213, '*แม่ทะลบ   ', 576, 38, 1),
(5214, '*หนองบัว   ', 576, 38, 1),
(5215, 'แม่คะ   ', 576, 38, 1),
(5216, 'แม่ข่า   ', 576, 38, 1),
(5217, 'โป่งน้ำร้อน   ', 576, 38, 1),
(5218, 'แม่นาวาง*   ', 576, 38, 1),
(5219, 'แม่สาว*   ', 576, 38, 1),
(5220, 'แม่อาย*   ', 576, 38, 1),
(5221, '*ศรีดงเย็น   ', 576, 38, 1),
(5222, '*ปงตำ   ', 576, 38, 1),
(5223, 'แม่อาย   ', 577, 38, 1),
(5224, 'แม่สาว   ', 577, 38, 1),
(5225, 'สันต้นหมื้อ   ', 577, 38, 1),
(5226, 'แม่นาวาง   ', 577, 38, 1),
(5227, 'ท่าตอน   ', 577, 38, 1),
(5228, 'บ้านหลวง   ', 577, 38, 1),
(5229, 'มะลิกา   ', 577, 38, 1),
(5230, 'เวียง   ', 578, 38, 1),
(5231, 'ทุ่งหลวง   ', 578, 38, 1),
(5232, 'ป่าตุ้ม   ', 578, 38, 1),
(5233, 'ป่าไหน่   ', 578, 38, 1),
(5234, 'สันทราย   ', 578, 38, 1),
(5235, 'บ้านโป่ง   ', 578, 38, 1),
(5236, 'น้ำแพร่   ', 578, 38, 1),
(5237, 'เขื่อนผาก   ', 578, 38, 1),
(5238, 'แม่แวน   ', 578, 38, 1),
(5239, 'แม่ปั๋ง   ', 578, 38, 1),
(5240, 'โหล่งขอด   ', 578, 38, 1),
(5241, 'ยุหว่า   ', 579, 38, 1),
(5242, 'สันกลาง   ', 579, 38, 1),
(5243, 'ท่าวังพร้าว   ', 579, 38, 1),
(5244, 'มะขามหลวง   ', 579, 38, 1),
(5245, 'แม่ก๊า   ', 579, 38, 1),
(5246, 'บ้านแม   ', 579, 38, 1),
(5247, 'บ้านกลาง   ', 579, 38, 1),
(5248, 'ทุ่งสะโตก   ', 579, 38, 1),
(5249, '*ทุ่งปี้   ', 579, 38, 1),
(5250, 'ทุ่งต้อม   ', 579, 38, 1),
(5251, '*บ้านกาด   ', 579, 38, 1),
(5252, '*แม่วิน   ', 579, 38, 1),
(5253, '*ทุ่งรวงทอง   ', 579, 38, 1),
(5254, 'น้ำบ่อหลวง   ', 579, 38, 1),
(5255, 'มะขุนหวาน   ', 579, 38, 1),
(5256, 'สันกำแพง   ', 580, 38, 1),
(5257, 'ทรายมูล   ', 580, 38, 1),
(5258, 'ร้องวัวแดง   ', 580, 38, 1),
(5259, 'บวกค้าง   ', 580, 38, 1),
(5260, 'แช่ช้าง   ', 580, 38, 1),
(5261, 'ออนใต้   ', 580, 38, 1),
(5262, '*ออนเหนือ   ', 580, 38, 1),
(5263, '*บ้านสหกรณ์   ', 580, 38, 1),
(5264, '*ห้วยแก้ว   ', 580, 38, 1),
(5265, 'แม่ปูคา   ', 580, 38, 1),
(5266, 'ห้วยทราย   ', 580, 38, 1),
(5267, 'ต้นเปา   ', 580, 38, 1),
(5268, 'สันกลาง   ', 580, 38, 1),
(5269, '*แม่ทา   ', 580, 38, 1),
(5270, '*ทาเหนือ   ', 580, 38, 1),
(5271, '*ออนกลาง   ', 580, 38, 1),
(5272, '*แม่วิน   ', 580, 38, 1),
(5273, '*ทุ่งปี้   ', 580, 38, 1),
(5274, '*บ้านกาด   ', 580, 38, 1),
(5275, 'สันทรายหลวง   ', 581, 38, 1),
(5276, 'สันทรายน้อย   ', 581, 38, 1),
(5277, 'สันพระเนตร   ', 581, 38, 1),
(5278, 'สันนาเม็ง   ', 581, 38, 1),
(5279, 'สันป่าเปา   ', 581, 38, 1),
(5280, 'หนองแหย่ง   ', 581, 38, 1),
(5281, 'หนองจ๊อม   ', 581, 38, 1),
(5282, 'หนองหาร   ', 581, 38, 1),
(5283, 'แม่แฝก   ', 581, 38, 1),
(5284, 'แม่แฝกใหม่   ', 581, 38, 1),
(5285, 'เมืองเล็น   ', 581, 38, 1),
(5286, 'ป่าไผ่   ', 581, 38, 1),
(5287, 'หางดง   ', 582, 38, 1),
(5288, 'หนองแก๋ว   ', 582, 38, 1),
(5289, 'หารแก้ว   ', 582, 38, 1),
(5290, 'หนองตอง   ', 582, 38, 1),
(5291, 'ขุนคง   ', 582, 38, 1),
(5292, 'สบแม่ข่า   ', 582, 38, 1),
(5293, 'บ้านแหวน   ', 582, 38, 1),
(5294, 'สันผักหวาน   ', 582, 38, 1),
(5295, 'หนองควาย   ', 582, 38, 1),
(5296, 'บ้านปง   ', 582, 38, 1),
(5297, 'น้ำแพร่   ', 582, 38, 1),
(5298, 'หางดง   ', 583, 38, 1),
(5299, 'ฮอด   ', 583, 38, 1),
(5300, 'บ้านตาล   ', 583, 38, 1),
(5301, 'บ่อหลวง   ', 583, 38, 1),
(5302, 'บ่อสลี   ', 583, 38, 1),
(5303, 'นาคอเรือ   ', 583, 38, 1),
(5304, 'ดอยเต่า   ', 584, 38, 1),
(5305, 'ท่าเดื่อ   ', 584, 38, 1),
(5306, 'มืดกา   ', 584, 38, 1),
(5307, 'บ้านแอ่น   ', 584, 38, 1),
(5308, 'บงตัน   ', 584, 38, 1),
(5309, 'โปงทุ่ง   ', 584, 38, 1),
(5310, 'อมก๋อย   ', 585, 38, 1),
(5311, 'ยางเปียง   ', 585, 38, 1),
(5312, 'แม่ตื่น   ', 585, 38, 1),
(5313, 'ม่อนจอง   ', 585, 38, 1),
(5314, 'สบโขง   ', 585, 38, 1),
(5315, 'นาเกียน   ', 585, 38, 1),
(5316, 'ยางเนิ้ง   ', 586, 38, 1),
(5317, 'สารภี   ', 586, 38, 1),
(5318, 'ชมภู   ', 586, 38, 1),
(5319, 'ไชยสถาน   ', 586, 38, 1),
(5320, 'ขัวมุง   ', 586, 38, 1),
(5321, 'หนองแฝก   ', 586, 38, 1),
(5322, 'หนองผึ้ง   ', 586, 38, 1),
(5323, 'ท่ากว้าง   ', 586, 38, 1),
(5324, 'ดอนแก้ว   ', 586, 38, 1),
(5325, 'ท่าวังตาล   ', 586, 38, 1),
(5326, 'สันทราย   ', 586, 38, 1),
(5327, 'ป่าบง   ', 586, 38, 1),
(5328, 'เมืองแหง   ', 587, 38, 1),
(5329, 'เปียงหลวง   ', 587, 38, 1),
(5330, 'แสนไห   ', 587, 38, 1),
(5331, 'ปงตำ   ', 588, 38, 1),
(5332, 'ศรีดงเย็น   ', 588, 38, 1),
(5333, 'แม่ทะลบ   ', 588, 38, 1),
(5334, 'หนองบัว   ', 588, 38, 1),
(5335, 'บ้านกาด   ', 589, 38, 1),
(5336, 'ทุ่งปี้   ', 589, 38, 1),
(5337, 'ทุ่งรวงทอง   ', 589, 38, 1),
(5338, 'แม่วิน   ', 589, 38, 1),
(5339, 'ดอนเปา   ', 589, 38, 1),
(5340, 'ออนเหนือ   ', 590, 38, 1),
(5341, 'ออนกลาง   ', 590, 38, 1),
(5342, 'บ้านสหกรณ์   ', 590, 38, 1),
(5343, 'ห้วยแก้ว   ', 590, 38, 1),
(5344, 'แม่ทา   ', 590, 38, 1),
(5345, 'ทาเหนือ   ', 590, 38, 1),
(5346, 'ดอยหล่อ   ', 591, 38, 1),
(5347, 'สองแคว   ', 591, 38, 1),
(5348, 'ยางคราม   ', 591, 38, 1),
(5349, 'สันติสุข   ', 591, 38, 1),
(5350, 'ในเมือง   ', 595, 39, 1),
(5351, 'เหมืองง่า   ', 595, 39, 1),
(5352, 'อุโมงค์   ', 595, 39, 1),
(5353, 'หนองช้างคืน   ', 595, 39, 1),
(5354, 'ประตูป่า   ', 595, 39, 1),
(5355, 'ริมปิง   ', 595, 39, 1),
(5356, 'ต้นธง   ', 595, 39, 1),
(5357, 'บ้านแป้น   ', 595, 39, 1),
(5358, 'เหมืองจี้   ', 595, 39, 1),
(5359, 'ป่าสัก   ', 595, 39, 1),
(5360, 'เวียงยอง   ', 595, 39, 1),
(5361, 'บ้านกลาง   ', 595, 39, 1),
(5362, 'มะเขือแจ้   ', 595, 39, 1),
(5363, '*บ้านธิ   ', 595, 39, 1),
(5364, '*ห้วยยาบ   ', 595, 39, 1),
(5365, 'ศรีบัวบาน   ', 595, 39, 1),
(5366, 'หนองหนาม   ', 595, 39, 1),
(5367, '*ห้วยยาบ   ', 595, 39, 1),
(5368, '*บ้านธิ   ', 595, 39, 1),
(5369, 'ทาปลาดุก   ', 596, 39, 1),
(5370, 'ทาสบเส้า   ', 596, 39, 1),
(5371, 'ทากาศ   ', 596, 39, 1),
(5372, 'ทาขุมเงิน   ', 596, 39, 1),
(5373, 'ทาทุ่งหลวง   ', 596, 39, 1),
(5374, 'ทาแม่ลอบ   ', 596, 39, 1),
(5375, 'บ้านโฮ่ง   ', 597, 39, 1),
(5376, 'ป่าพลู   ', 597, 39, 1),
(5377, 'เหล่ายาว   ', 597, 39, 1),
(5378, 'ศรีเตี้ย   ', 597, 39, 1),
(5379, 'หนองปลาสะวาย   ', 597, 39, 1),
(5380, 'ลี้   ', 598, 39, 1),
(5381, 'แม่ตืน   ', 598, 39, 1),
(5382, 'นาทราย   ', 598, 39, 1),
(5383, 'ดงดำ   ', 598, 39, 1),
(5384, 'ก้อ   ', 598, 39, 1),
(5385, 'แม่ลาน   ', 598, 39, 1),
(5386, 'บ้านไผ่*   ', 598, 39, 1),
(5387, 'ป่าไผ่   ', 598, 39, 1),
(5388, 'ศรีวิชัย   ', 598, 39, 1),
(5389, '*บ้านปวง   ', 598, 39, 1),
(5390, '*ทุ่งหัวช้าง   ', 598, 39, 1),
(5391, 'ทุ่งหัวช้าง   ', 599, 39, 1),
(5392, 'บ้านปวง   ', 599, 39, 1),
(5393, 'ตะเคียนปม   ', 599, 39, 1),
(5394, 'ปากบ่อง   ', 600, 39, 1),
(5395, 'ป่าซาง   ', 600, 39, 1),
(5396, 'แม่แรง   ', 600, 39, 1),
(5397, 'ม่วงน้อย   ', 600, 39, 1),
(5398, 'บ้านเรือน   ', 600, 39, 1),
(5399, 'มะกอก   ', 600, 39, 1),
(5400, 'ท่าตุ้ม   ', 600, 39, 1),
(5401, 'น้ำดิบ   ', 600, 39, 1),
(5402, '*วังผาง   ', 600, 39, 1),
(5403, '*หนองล่อง   ', 600, 39, 1),
(5404, 'นครเจดีย์   ', 600, 39, 1),
(5405, '*หนองยวง   ', 600, 39, 1),
(5406, 'บ้านธิ   ', 601, 39, 1),
(5407, 'ห้วยยาบ   ', 601, 39, 1),
(5408, 'หนองล่อง   ', 602, 39, 1),
(5409, 'หนองยวง   ', 602, 39, 1),
(5410, 'วังผาง   ', 602, 39, 1),
(5411, 'เวียงเหนือ   ', 603, 40, 1),
(5412, 'หัวเวียง   ', 603, 40, 1),
(5413, 'สวนดอก   ', 603, 40, 1),
(5414, 'สบตุ๋ย   ', 603, 40, 1),
(5415, 'พระบาท   ', 603, 40, 1),
(5416, 'ชมพู   ', 603, 40, 1),
(5417, 'กล้วยแพะ   ', 603, 40, 1),
(5418, 'ปงแสนทอง   ', 603, 40, 1),
(5419, 'บ้านแลง   ', 603, 40, 1),
(5420, 'บ้านเสด็จ   ', 603, 40, 1),
(5421, 'พิชัย   ', 603, 40, 1),
(5422, 'ทุ่งฝาย   ', 603, 40, 1),
(5423, 'บ้านเอื้อม   ', 603, 40, 1),
(5424, 'บ้านเป้า   ', 603, 40, 1),
(5425, 'บ้านค่า   ', 603, 40, 1),
(5426, 'บ่อแฮ้ว   ', 603, 40, 1),
(5427, 'ต้นธงชัย   ', 603, 40, 1),
(5428, 'นิคมพัฒนา   ', 603, 40, 1),
(5429, 'บุญนาคพัฒนา   ', 603, 40, 1),
(5430, '*นาสัก   ', 603, 40, 1),
(5431, '*บ้านดง   ', 603, 40, 1),
(5432, 'บ้านดง   ', 604, 40, 1),
(5433, 'นาสัก   ', 604, 40, 1),
(5434, 'จางเหนือ   ', 604, 40, 1),
(5435, 'แม่เมาะ   ', 604, 40, 1),
(5436, 'สบป้าด   ', 604, 40, 1),
(5437, 'ลำปางหลวง   ', 605, 40, 1),
(5438, 'นาแก้ว   ', 605, 40, 1),
(5439, 'ไหล่หิน   ', 605, 40, 1),
(5440, 'วังพร้าว   ', 605, 40, 1),
(5441, 'ศาลา   ', 605, 40, 1),
(5442, 'เกาะคา   ', 605, 40, 1),
(5443, 'นาแส่ง   ', 605, 40, 1),
(5444, 'ท่าผา   ', 605, 40, 1),
(5445, 'ใหม่พัฒนา   ', 605, 40, 1),
(5446, 'ทุ่งงาม   ', 606, 40, 1),
(5447, 'เสริมขวา   ', 606, 40, 1),
(5448, 'เสริมซ้าย   ', 606, 40, 1),
(5449, 'เสริมกลาง   ', 606, 40, 1),
(5450, 'หลวงเหนือ   ', 607, 40, 1),
(5451, 'หลวงใต้   ', 607, 40, 1),
(5452, 'บ้านโป่ง   ', 607, 40, 1),
(5453, 'บ้านร้อง   ', 607, 40, 1),
(5454, 'ปงเตา   ', 607, 40, 1),
(5455, 'นาแก   ', 607, 40, 1),
(5456, 'บ้านอ้อน   ', 607, 40, 1),
(5457, 'บ้านแหง   ', 607, 40, 1),
(5458, 'บ้านหวด   ', 607, 40, 1),
(5459, 'แม่ตีบ   ', 607, 40, 1),
(5460, 'แจ้ห่ม   ', 608, 40, 1),
(5461, 'บ้านสา   ', 608, 40, 1),
(5462, 'ปงดอน   ', 608, 40, 1),
(5463, 'แม่สุก   ', 608, 40, 1),
(5464, 'เมืองมาย   ', 608, 40, 1),
(5465, 'ทุ่งผึ้ง   ', 608, 40, 1),
(5466, 'วิเชตนคร   ', 608, 40, 1),
(5467, '*แจ้ซ้อน   ', 608, 40, 1),
(5468, '*ทุ่งกว๋าว   ', 608, 40, 1),
(5469, '*บ้านขอ   ', 608, 40, 1),
(5470, '*เมืองปาน   ', 608, 40, 1),
(5471, 'ทุ่งฮั้ว   ', 609, 40, 1),
(5472, 'วังเหนือ   ', 609, 40, 1),
(5473, 'วังใต้   ', 609, 40, 1),
(5474, 'ร่องเคาะ   ', 609, 40, 1),
(5475, 'วังทอง   ', 609, 40, 1),
(5476, 'วังซ้าย   ', 609, 40, 1),
(5477, 'วังแก้ว   ', 609, 40, 1),
(5478, 'วังทรายคำ   ', 609, 40, 1),
(5479, 'ล้อมแรด   ', 610, 40, 1),
(5480, 'แม่วะ   ', 610, 40, 1),
(5481, 'แม่ปะ   ', 610, 40, 1),
(5482, 'แม่มอก   ', 610, 40, 1),
(5483, 'เวียงมอก   ', 610, 40, 1),
(5484, 'นาโป่ง   ', 610, 40, 1),
(5485, 'แม่ถอด   ', 610, 40, 1),
(5486, 'เถินบุรี   ', 610, 40, 1),
(5487, 'แม่พริก   ', 611, 40, 1),
(5488, 'ผาปัง   ', 611, 40, 1),
(5489, 'แม่ปุ   ', 611, 40, 1),
(5490, 'พระบาทวังตวง   ', 611, 40, 1),
(5491, 'แม่ทะ   ', 612, 40, 1),
(5492, 'นาครัว   ', 612, 40, 1),
(5493, 'ป่าตัน   ', 612, 40, 1),
(5494, 'บ้านกิ่ว   ', 612, 40, 1),
(5495, 'บ้านบอม   ', 612, 40, 1),
(5496, 'น้ำโจ้   ', 612, 40, 1),
(5497, 'ดอนไฟ   ', 612, 40, 1),
(5498, 'หัวเสือ   ', 612, 40, 1),
(5499, 'สบป้าด*   ', 612, 40, 1),
(5500, 'วังเงิน   ', 612, 40, 1),
(5501, 'สันดอนแก้ว   ', 612, 40, 1),
(5502, 'สบปราบ   ', 613, 40, 1),
(5503, 'สมัย   ', 613, 40, 1),
(5504, 'แม่กัวะ   ', 613, 40, 1),
(5505, 'นายาง   ', 613, 40, 1),
(5506, 'ห้างฉัตร   ', 614, 40, 1),
(5507, 'หนองหล่ม   ', 614, 40, 1),
(5508, 'เมืองยาว   ', 614, 40, 1),
(5509, 'ปงยางคก   ', 614, 40, 1),
(5510, 'เวียงตาล   ', 614, 40, 1),
(5511, 'แม่สัน   ', 614, 40, 1),
(5512, 'วอแก้ว   ', 614, 40, 1),
(5513, 'เมืองปาน   ', 615, 40, 1),
(5514, 'บ้านขอ   ', 615, 40, 1),
(5515, 'ทุ่งกว๋าว   ', 615, 40, 1),
(5516, 'แจ้ซ้อน   ', 615, 40, 1),
(5517, 'หัวเมือง   ', 615, 40, 1),
(5518, 'ท่าอิฐ   ', 616, 41, 1),
(5519, 'ท่าเสา   ', 616, 41, 1),
(5520, 'บ้านเกาะ   ', 616, 41, 1),
(5521, 'ป่าเซ่า   ', 616, 41, 1),
(5522, 'คุ้งตะเภา   ', 616, 41, 1),
(5523, 'วังกะพี้   ', 616, 41, 1),
(5524, 'หาดกรวด   ', 616, 41, 1),
(5525, 'น้ำริด   ', 616, 41, 1),
(5526, 'งิ้วงาม   ', 616, 41, 1),
(5527, 'บ้านด่านนาขาม   ', 616, 41, 1),
(5528, 'บ้านด่าน   ', 616, 41, 1),
(5529, 'ผาจุก   ', 616, 41, 1),
(5530, 'วังดิน   ', 616, 41, 1),
(5531, 'แสนตอ   ', 616, 41, 1),
(5532, 'หาดงิ้ว   ', 616, 41, 1),
(5533, 'ขุนฝาง   ', 616, 41, 1),
(5534, 'ถ้ำฉลอง   ', 616, 41, 1),
(5535, '*ร่วมจิตร   ', 616, 41, 1),
(5536, 'วังแดง   ', 617, 41, 1),
(5537, 'บ้านแก่ง   ', 617, 41, 1),
(5538, 'หาดสองแคว   ', 617, 41, 1),
(5539, 'น้ำอ่าง   ', 617, 41, 1),
(5540, 'ข่อยสูง   ', 617, 41, 1),
(5541, '*น้ำพี้   ', 617, 41, 1),
(5542, '*บ่อทอง   ', 617, 41, 1),
(5543, '*ผักขวง   ', 617, 41, 1),
(5544, '*ป่าคาย   ', 617, 41, 1),
(5545, 'ท่าปลา   ', 618, 41, 1),
(5546, 'หาดล้า   ', 618, 41, 1),
(5547, 'ผาเลือด   ', 618, 41, 1),
(5548, 'จริม   ', 618, 41, 1),
(5549, 'น้ำหมัน   ', 618, 41, 1),
(5550, 'ท่าแฝก   ', 618, 41, 1),
(5551, 'นางพญา   ', 618, 41, 1),
(5552, 'ร่วมจิต   ', 618, 41, 1),
(5553, 'แสนตอ   ', 619, 41, 1),
(5554, 'บ้านฝาย   ', 619, 41, 1),
(5555, 'เด่นเหล็ก   ', 619, 41, 1),
(5556, 'น้ำไคร้   ', 619, 41, 1),
(5557, 'น้ำไผ่   ', 619, 41, 1),
(5558, 'ห้วยมุ่น   ', 619, 41, 1),
(5559, 'ฟากท่า   ', 620, 41, 1),
(5560, 'สองคอน   ', 620, 41, 1),
(5561, 'บ้านเสี้ยว   ', 620, 41, 1),
(5562, 'สองห้อง   ', 620, 41, 1),
(5563, 'ม่วงเจ็ดต้น   ', 621, 41, 1),
(5564, 'บ้านโคก   ', 621, 41, 1),
(5565, 'นาขุม   ', 621, 41, 1),
(5566, 'บ่อเบี้ย   ', 621, 41, 1),
(5567, 'ในเมือง   ', 622, 41, 1),
(5568, 'บ้านดารา   ', 622, 41, 1),
(5569, 'ไร่อ้อย   ', 622, 41, 1),
(5570, 'ท่าสัก   ', 622, 41, 1),
(5571, 'คอรุม   ', 622, 41, 1),
(5572, 'บ้านหม้อ   ', 622, 41, 1),
(5573, 'ท่ามะเฟือง   ', 622, 41, 1),
(5574, 'บ้านโคน   ', 622, 41, 1),
(5575, 'พญาแมน   ', 622, 41, 1),
(5576, 'นาอิน   ', 622, 41, 1),
(5577, 'นายาง   ', 622, 41, 1),
(5578, 'ศรีพนมมาศ   ', 623, 41, 1),
(5579, 'แม่พูล   ', 623, 41, 1),
(5580, 'นานกกก   ', 623, 41, 1),
(5581, 'ฝายหลวง   ', 623, 41, 1),
(5582, 'ชัยจุมพล   ', 623, 41, 1),
(5583, 'ไผ่ล้อม   ', 623, 41, 1),
(5584, 'ทุ่งยั้ง   ', 623, 41, 1),
(5585, 'ด่านแม่คำมัน   ', 623, 41, 1),
(5586, '*ศรีพนมมาศ   ', 623, 41, 1),
(5587, 'ผักขวง   ', 624, 41, 1),
(5588, 'บ่อทอง   ', 624, 41, 1),
(5589, 'ป่าคาย   ', 624, 41, 1),
(5590, 'น้ำพี้   ', 624, 41, 1),
(5591, 'ในเวียง   ', 625, 42, 1),
(5592, 'นาจักร   ', 625, 42, 1),
(5593, 'น้ำชำ   ', 625, 42, 1),
(5594, 'ป่าแดง   ', 625, 42, 1),
(5595, 'ทุ่งโฮ้ง   ', 625, 42, 1),
(5596, 'เหมืองหม้อ   ', 625, 42, 1),
(5597, 'วังธง   ', 625, 42, 1),
(5598, 'แม่หล่าย   ', 625, 42, 1),
(5599, 'ห้วยม้า   ', 625, 42, 1),
(5600, 'ป่าแมต   ', 625, 42, 1),
(5601, 'บ้านถิ่น   ', 625, 42, 1),
(5602, 'สวนเขื่อน   ', 625, 42, 1),
(5603, 'วังหงส์   ', 625, 42, 1),
(5604, 'แม่คำมี   ', 625, 42, 1),
(5605, 'ทุ่งกวาว   ', 625, 42, 1),
(5606, 'ท่าข้าม   ', 625, 42, 1),
(5607, 'แม่ยม   ', 625, 42, 1),
(5608, 'ช่อแฮ   ', 625, 42, 1),
(5609, 'ร่องฟอง   ', 625, 42, 1),
(5610, 'กาญจนา   ', 625, 42, 1),
(5611, 'ร้องกวาง   ', 626, 42, 1),
(5612, '*หนองม่วงไข่   ', 626, 42, 1),
(5613, '*แม่คำมี   ', 626, 42, 1),
(5614, 'ร้องเข็ม   ', 626, 42, 1),
(5615, 'น้ำเลา   ', 626, 42, 1),
(5616, 'บ้านเวียง   ', 626, 42, 1),
(5617, 'ทุ่งศรี   ', 626, 42, 1),
(5618, 'แม่ยางตาล   ', 626, 42, 1),
(5619, 'แม่ยางฮ่อ   ', 626, 42, 1),
(5620, 'ไผ่โทน   ', 626, 42, 1),
(5621, '*น้ำรัด   ', 626, 42, 1),
(5622, '*วังหลวง   ', 626, 42, 1),
(5623, 'ห้วยโรง   ', 626, 42, 1),
(5624, 'แม่ทราย   ', 626, 42, 1),
(5625, 'แม่ยางร้อง   ', 626, 42, 1),
(5626, '*หนองม่วงไข่   ', 626, 42, 1),
(5627, '*แม่คำมี   ', 626, 42, 1),
(5628, 'ห้วยอ้อ   ', 627, 42, 1),
(5629, 'บ้านปิน   ', 627, 42, 1),
(5630, 'ต้าผามอก   ', 627, 42, 1),
(5631, 'เวียงต้า   ', 627, 42, 1),
(5632, 'ปากกาง   ', 627, 42, 1),
(5633, 'หัวทุ่ง   ', 627, 42, 1),
(5634, 'ทุ่งแล้ง   ', 627, 42, 1),
(5635, 'บ่อเหล็กลอง   ', 627, 42, 1),
(5636, 'แม่ปาน   ', 627, 42, 1),
(5637, 'สูงเม่น   ', 628, 42, 1),
(5638, 'น้ำชำ   ', 628, 42, 1),
(5639, 'หัวฝาย   ', 628, 42, 1),
(5640, 'ดอนมูล   ', 628, 42, 1),
(5641, 'บ้านเหล่า   ', 628, 42, 1),
(5642, 'บ้านกวาง   ', 628, 42, 1),
(5643, 'บ้านปง   ', 628, 42, 1),
(5644, 'บ้านกาศ   ', 628, 42, 1),
(5645, 'ร่องกาศ   ', 628, 42, 1),
(5646, 'สบสาย   ', 628, 42, 1),
(5647, 'เวียงทอง   ', 628, 42, 1),
(5648, 'พระหลวง   ', 628, 42, 1),
(5649, 'เด่นชัย   ', 629, 42, 1),
(5650, 'แม่จั๊วะ   ', 629, 42, 1),
(5651, 'ไทรย้อย   ', 629, 42, 1),
(5652, 'ห้วยไร่   ', 629, 42, 1),
(5653, 'ปงป่าหวาย   ', 629, 42, 1),
(5654, 'บ้านหนุน   ', 630, 42, 1),
(5655, 'บ้านกลาง   ', 630, 42, 1),
(5656, 'ห้วยหม้าย   ', 630, 42, 1),
(5657, 'เตาปูน   ', 630, 42, 1),
(5658, 'หัวเมือง   ', 630, 42, 1),
(5659, 'สะเอียบ   ', 630, 42, 1),
(5660, 'แดนชุมพล   ', 630, 42, 1),
(5661, 'ทุ่งน้าว   ', 630, 42, 1),
(5662, 'วังชิ้น   ', 631, 42, 1),
(5663, 'สรอย   ', 631, 42, 1),
(5664, 'แม่ป้าก   ', 631, 42, 1),
(5665, 'นาพูน   ', 631, 42, 1),
(5666, 'แม่พุง   ', 631, 42, 1),
(5667, 'ป่าสัก   ', 631, 42, 1),
(5668, 'แม่เกิ๋ง   ', 631, 42, 1),
(5669, 'แม่คำมี   ', 632, 42, 1),
(5670, 'หนองม่วงไข่   ', 632, 42, 1),
(5671, 'น้ำรัด   ', 632, 42, 1),
(5672, 'วังหลวง   ', 632, 42, 1),
(5673, 'ตำหนักธรรม   ', 632, 42, 1),
(5674, 'ทุ่งแค้ว   ', 632, 42, 1),
(5675, 'ในเวียง   ', 633, 43, 1),
(5676, 'บ่อ   ', 633, 43, 1),
(5677, 'ผาสิงห์   ', 633, 43, 1),
(5678, 'ไชยสถาน   ', 633, 43, 1),
(5679, 'ถืมตอง   ', 633, 43, 1),
(5680, 'เรือง   ', 633, 43, 1),
(5681, 'นาซาว   ', 633, 43, 1),
(5682, 'ดู่ใต้   ', 633, 43, 1),
(5683, 'กองควาย   ', 633, 43, 1),
(5684, 'ฝายแก้ว*   ', 633, 43, 1),
(5685, 'ม่วงตึ๊ด*   ', 633, 43, 1),
(5686, 'ท่าน้าว*   ', 633, 43, 1),
(5687, 'นาปัง*   ', 633, 43, 1),
(5688, 'เมืองจัง*   ', 633, 43, 1),
(5689, 'น้ำแก่น*   ', 633, 43, 1),
(5690, 'สวก   ', 633, 43, 1),
(5691, 'สะเนียน   ', 633, 43, 1),
(5692, 'น้ำเกี๋ยน*   ', 633, 43, 1),
(5693, '*ป่าคาหลวง   ', 633, 43, 1),
(5694, '*หมอเมือง   ', 633, 43, 1),
(5695, '*บ้านฟ้า   ', 633, 43, 1),
(5696, '*ดู่พงษ์   ', 633, 43, 1),
(5697, '*พงษ์   ', 634, 43, 1),
(5698, 'หนองแดง   ', 634, 43, 1),
(5699, 'หมอเมือง   ', 634, 43, 1),
(5700, 'น้ำพาง   ', 634, 43, 1),
(5701, 'น้ำปาย   ', 634, 43, 1),
(5702, 'แม่จริม   ', 634, 43, 1),
(5703, 'บ้านฟ้า   ', 635, 43, 1),
(5704, 'ป่าคาหลวง   ', 635, 43, 1),
(5705, 'สวด   ', 635, 43, 1),
(5706, 'บ้านพี้   ', 635, 43, 1),
(5707, 'นาน้อย   ', 636, 43, 1),
(5708, 'เชียงของ   ', 636, 43, 1),
(5709, 'ศรีษะเกษ   ', 636, 43, 1),
(5710, 'สถาน   ', 636, 43, 1),
(5711, 'สันทะ   ', 636, 43, 1),
(5712, 'บัวใหญ่   ', 636, 43, 1),
(5713, 'น้ำตก   ', 636, 43, 1),
(5714, 'ปัว   ', 637, 43, 1),
(5715, 'แงง   ', 637, 43, 1),
(5716, 'สถาน   ', 637, 43, 1),
(5717, 'ศิลาแลง   ', 637, 43, 1),
(5718, 'ศิลาเพชร   ', 637, 43, 1),
(5719, 'อวน   ', 637, 43, 1),
(5720, '*บ่อเกลือเหนือ   ', 637, 43, 1),
(5721, '*บ่อเกลือใต้   ', 637, 43, 1),
(5722, 'ไชยวัฒนา   ', 637, 43, 1),
(5723, 'เจดีย์ชัย   ', 637, 43, 1),
(5724, 'ภูคา   ', 637, 43, 1),
(5725, 'สกาด   ', 637, 43, 1),
(5726, 'ป่ากลาง   ', 637, 43, 1),
(5727, 'วรนคร   ', 637, 43, 1),
(5728, 'ริม   ', 638, 43, 1),
(5729, 'ป่าคา   ', 638, 43, 1),
(5730, 'ผาตอ   ', 638, 43, 1),
(5731, 'ยม   ', 638, 43, 1),
(5732, 'ตาลชุม   ', 638, 43, 1),
(5733, 'ศรีภูมิ   ', 638, 43, 1),
(5734, 'จอมพระ   ', 638, 43, 1),
(5735, 'แสนทอง   ', 638, 43, 1),
(5736, 'ท่าวังผา   ', 638, 43, 1),
(5737, 'ผาทอง   ', 638, 43, 1),
(5738, 'กลางเวียง   ', 639, 43, 1),
(5739, 'ขึ่ง   ', 639, 43, 1),
(5740, 'ไหล่น่าน   ', 639, 43, 1),
(5741, 'ตาลชุม   ', 639, 43, 1),
(5742, 'นาเหลือง   ', 639, 43, 1),
(5743, 'ส้าน   ', 639, 43, 1),
(5744, 'น้ำมวบ   ', 639, 43, 1),
(5745, 'น้ำปั้ว   ', 639, 43, 1),
(5746, 'ยาบหัวนา   ', 639, 43, 1),
(5747, 'ปงสนุก   ', 639, 43, 1),
(5748, 'อ่ายนาไลย   ', 639, 43, 1),
(5749, 'ส้านนาหนองใหม่   ', 639, 43, 1),
(5750, 'แม่ขะนิง   ', 639, 43, 1),
(5751, 'แม่สาคร   ', 639, 43, 1),
(5752, 'จอมจันทร์   ', 639, 43, 1),
(5753, 'แม่สา   ', 639, 43, 1),
(5754, 'ทุ่งศรีทอง   ', 639, 43, 1),
(5755, 'ปอน   ', 640, 43, 1),
(5756, 'งอบ   ', 640, 43, 1),
(5757, 'และ   ', 640, 43, 1),
(5758, 'ทุ่งช้าง   ', 640, 43, 1),
(5759, 'ห้วยโก๋น*   ', 640, 43, 1),
(5760, '*เปือ   ', 640, 43, 1),
(5761, '*เชียงกลาง   ', 640, 43, 1),
(5762, 'เชียงกลาง   ', 641, 43, 1),
(5763, 'เปือ   ', 641, 43, 1),
(5764, 'เชียงคาน   ', 641, 43, 1),
(5765, 'พระธาตุ   ', 641, 43, 1),
(5766, '*นนาไร่หลวง   ', 641, 43, 1),
(5767, '*ชชนแดน   ', 641, 43, 1),
(5768, '*ยยอด   ', 641, 43, 1),
(5769, 'พญาแก้ว   ', 641, 43, 1),
(5770, 'พระพุทธบาท   ', 641, 43, 1),
(5771, '*นาไร่หลวง   ', 641, 43, 1),
(5772, '*ยอด   ', 641, 43, 1),
(5773, 'นาทะนุง   ', 642, 43, 1),
(5774, 'บ่อแก้ว   ', 642, 43, 1),
(5775, 'เมืองลี   ', 642, 43, 1),
(5776, 'ปิงหลวง   ', 642, 43, 1),
(5777, 'ดู่พงษ์   ', 643, 43, 1),
(5778, 'ป่าแลวหลวง   ', 643, 43, 1),
(5779, 'พงษ์   ', 643, 43, 1),
(5780, 'บ่อเกลือเหนือ   ', 644, 43, 1),
(5781, 'บ่อเกลือใต้   ', 644, 43, 1),
(5782, 'ขุนน่าน*   ', 644, 43, 1),
(5783, 'ภูฟ้า   ', 644, 43, 1),
(5784, 'ดงพญา   ', 644, 43, 1),
(5785, 'นาไร่หลวง   ', 645, 43, 1),
(5786, 'ชนแดน   ', 645, 43, 1),
(5787, 'ยอด   ', 645, 43, 1),
(5788, 'ม่วงตึ๊ด   ', 646, 43, 1),
(5789, 'นาปัง   ', 646, 43, 1),
(5790, 'น้ำแก่น   ', 646, 43, 1),
(5791, 'น้ำเกี๋ยน   ', 646, 43, 1),
(5792, 'เมืองจัง   ', 646, 43, 1),
(5793, 'ท่าน้าว   ', 646, 43, 1),
(5794, 'ฝายแก้ว   ', 646, 43, 1),
(5795, 'ห้วยโก๋น   ', 647, 43, 1),
(5796, 'ขุนน่าน   ', 647, 43, 1),
(5797, 'เวียง   ', 648, 44, 1),
(5798, 'แม่ต๋ำ   ', 648, 44, 1),
(5799, 'ดงเจน*   ', 648, 44, 1),
(5800, 'แม่นาเรือ   ', 648, 44, 1),
(5801, 'บ้านตุ่น   ', 648, 44, 1),
(5802, 'บ้านต๊ำ   ', 648, 44, 1),
(5803, 'บ้านต๋อม   ', 648, 44, 1),
(5804, 'แม่ปืม   ', 648, 44, 1),
(5805, 'ห้วยแก้ว*   ', 648, 44, 1),
(5806, 'แม่กา   ', 648, 44, 1),
(5807, 'บ้านใหม่   ', 648, 44, 1),
(5808, 'จำป่าหวาย   ', 648, 44, 1),
(5809, 'ท่าวังทอง   ', 648, 44, 1),
(5810, 'แม่ใส   ', 648, 44, 1),
(5811, 'บ้านสาง   ', 648, 44, 1),
(5812, 'ท่าจำปี   ', 648, 44, 1),
(5813, 'แม่อิง*   ', 648, 44, 1),
(5814, 'สันป่าม่วง   ', 648, 44, 1),
(5815, 'ห้วยข้าวก่ำ   ', 649, 44, 1),
(5816, 'จุน   ', 649, 44, 1),
(5817, 'ลอ   ', 649, 44, 1),
(5818, 'หงส์หิน   ', 649, 44, 1),
(5819, 'ทุ่งรวงทอง   ', 649, 44, 1),
(5820, 'ห้วยยางขาม   ', 649, 44, 1),
(5821, 'พระธาตุขิงแกง   ', 649, 44, 1),
(5822, 'หย่วน   ', 650, 44, 1),
(5823, 'ทุ่งกล้วย*   ', 650, 44, 1),
(5824, 'สบบง*   ', 650, 44, 1),
(5825, 'เชียงแรง*   ', 650, 44, 1),
(5826, 'ภูซาง*   ', 650, 44, 1),
(5827, 'น้ำแวน   ', 650, 44, 1),
(5828, 'เวียง   ', 650, 44, 1),
(5829, 'ฝายกวาง   ', 650, 44, 1),
(5830, 'เจดีย์คำ   ', 650, 44, 1),
(5831, 'ร่มเย็น   ', 650, 44, 1),
(5832, 'เชียงบาน   ', 650, 44, 1),
(5833, 'แม่ลาว   ', 650, 44, 1),
(5834, 'อ่างทอง   ', 650, 44, 1),
(5835, 'ทุ่งผาสุข   ', 650, 44, 1),
(5836, 'ป่าสัก*   ', 650, 44, 1),
(5837, 'เชียงม่วน   ', 651, 44, 1),
(5838, 'บ้านมาง   ', 651, 44, 1),
(5839, 'สระ   ', 651, 44, 1),
(5840, 'ดอกคำใต้   ', 652, 44, 1),
(5841, 'ดอนศรีชุม   ', 652, 44, 1),
(5842, 'บ้านถ้ำ   ', 652, 44, 1),
(5843, 'บ้านปิน   ', 652, 44, 1),
(5844, 'ห้วยลาน   ', 652, 44, 1),
(5845, 'สันโค้ง   ', 652, 44, 1),
(5846, 'ป่าซาง   ', 652, 44, 1),
(5847, 'หนองหล่ม   ', 652, 44, 1),
(5848, 'ดงสุวรรณ   ', 652, 44, 1),
(5849, 'บุญเกิด   ', 652, 44, 1),
(5850, 'สว่างอารมณ์   ', 652, 44, 1),
(5851, 'คือเวียง   ', 652, 44, 1),
(5852, 'ปง   ', 653, 44, 1),
(5853, 'ควร   ', 653, 44, 1),
(5854, 'ออย   ', 653, 44, 1),
(5855, 'งิม   ', 653, 44, 1),
(5856, 'ผาช้างน้อย   ', 653, 44, 1),
(5857, 'นาปรัง   ', 653, 44, 1),
(5858, 'ขุนควร   ', 653, 44, 1),
(5859, 'แม่ใจ   ', 654, 44, 1),
(5860, 'ศรีถ้อย   ', 654, 44, 1),
(5861, 'แม่สุก   ', 654, 44, 1),
(5862, 'ป่าแฝก   ', 654, 44, 1),
(5863, 'บ้านเหล่า   ', 654, 44, 1),
(5864, 'เจริญราษฎร์   ', 654, 44, 1),
(5865, 'ภูซาง   ', 655, 44, 1),
(5866, 'ป่าสัก   ', 655, 44, 1),
(5867, 'ทุ่งกล้วย   ', 655, 44, 1),
(5868, 'เชียงแรง   ', 655, 44, 1),
(5869, 'สบบง   ', 655, 44, 1),
(5870, 'ห้วยแก้ว   ', 656, 44, 1),
(5871, 'ดงเจน   ', 656, 44, 1),
(5872, 'แม่อิง   ', 656, 44, 1),
(5873, 'เวียง   ', 657, 45, 1),
(5874, 'รอบเวียง   ', 657, 45, 1),
(5875, 'บ้านดู่   ', 657, 45, 1),
(5876, 'นางแล   ', 657, 45, 1),
(5877, 'แม่ข้าวต้ม   ', 657, 45, 1),
(5878, 'แม่ยาว   ', 657, 45, 1),
(5879, 'สันทราย   ', 657, 45, 1),
(5880, '*บัวสลี   ', 657, 45, 1),
(5881, '*ดงมะดะ   ', 657, 45, 1),
(5882, '*ป่าก่อดำ   ', 657, 45, 1),
(5883, 'แม่กรณ์   ', 657, 45, 1),
(5884, 'ห้วยชมภู   ', 657, 45, 1),
(5885, 'ห้วยสัก   ', 657, 45, 1),
(5886, 'ริมกก   ', 657, 45, 1),
(5887, 'ดอยลาน   ', 657, 45, 1),
(5888, 'ป่าอ้อดอนชัย   ', 657, 45, 1),
(5889, '*จอมหมอกแก้ว   ', 657, 45, 1),
(5890, 'ท่าสาย   ', 657, 45, 1),
(5891, '*โป่งแพร่   ', 657, 45, 1),
(5892, 'ดอยฮาง   ', 657, 45, 1),
(5893, 'ท่าสุด   ', 657, 45, 1),
(5894, '*ทุ่งก่อ   ', 657, 45, 1),
(5895, '*ป่าก่อดำ   ', 657, 45, 1),
(5896, '*ดงมะดะ   ', 657, 45, 1),
(5897, '*บัวสลี   ', 657, 45, 1),
(5898, '*เวียงเหนือ   ', 657, 45, 1),
(5899, '*ผางาม   ', 657, 45, 1),
(5900, '*เวียงชัย   ', 657, 45, 1),
(5901, '*ทุ่งก่อ   ', 657, 45, 1),
(5902, '*ทุ่งก่อ   ', 658, 45, 1),
(5903, 'เวียงชัย   ', 658, 45, 1),
(5904, 'ผางาม   ', 658, 45, 1),
(5905, 'เวียงเหนือ   ', 658, 45, 1),
(5906, '*ป่าซาง   ', 658, 45, 1),
(5907, 'ดอนศิลา   ', 658, 45, 1),
(5908, '*ดงมหาวัน   ', 658, 45, 1),
(5909, 'เมืองชุม   ', 658, 45, 1),
(5910, 'เวียง   ', 659, 45, 1),
(5911, 'สถาน   ', 659, 45, 1),
(5912, 'ครึ่ง   ', 659, 45, 1),
(5913, 'บุญเรือง   ', 659, 45, 1),
(5914, 'ห้วยซ้อ   ', 659, 45, 1),
(5915, '*ม่วงยาย   ', 659, 45, 1),
(5916, '*ปอ   ', 659, 45, 1),
(5917, 'ศรีดอนชัย   ', 659, 45, 1),
(5918, '*หล่ายงาว   ', 659, 45, 1),
(5919, 'ริมโขง   ', 659, 45, 1),
(5920, '*ปอ   ', 659, 45, 1),
(5921, '*ม่วงยาย   ', 659, 45, 1),
(5922, 'เวียง   ', 660, 45, 1),
(5923, 'งิ้ว   ', 660, 45, 1),
(5924, 'ปล้อง   ', 660, 45, 1),
(5925, 'แม่ลอย   ', 660, 45, 1),
(5926, 'เชียงเคี่ยน   ', 660, 45, 1),
(5927, '*ตต้า   ', 660, 45, 1),
(5928, '*ปป่าตาล   ', 660, 45, 1),
(5929, '*ยยางฮอม   ', 660, 45, 1),
(5930, 'ตับเต่า   ', 660, 45, 1),
(5931, 'หงาว   ', 660, 45, 1),
(5932, 'สันทรายงาม   ', 660, 45, 1),
(5933, 'ศรีดอนไชย   ', 660, 45, 1),
(5934, 'หนองแรด   ', 660, 45, 1),
(5935, '*แม่ลอย   ', 660, 45, 1),
(5936, '*ต้า   ', 660, 45, 1),
(5937, 'ยางฮอม*   ', 660, 45, 1),
(5938, '*แม่เปา   ', 660, 45, 1),
(5939, '*ป่าตาล   ', 660, 45, 1),
(5940, 'สันมะเค็ด   ', 661, 45, 1),
(5941, 'แม่อ้อ   ', 661, 45, 1),
(5942, 'ธารทอง   ', 661, 45, 1),
(5943, 'สันติสุข   ', 661, 45, 1),
(5944, 'ดอยงาม   ', 661, 45, 1),
(5945, 'หัวง้ม   ', 661, 45, 1),
(5946, 'เจริญเมือง   ', 661, 45, 1),
(5947, 'ป่าหุ่ง   ', 661, 45, 1),
(5948, 'ม่วงคำ   ', 661, 45, 1),
(5949, 'ทรายขาว   ', 661, 45, 1),
(5950, 'สันกลาง   ', 661, 45, 1),
(5951, 'แม่เย็น   ', 661, 45, 1),
(5952, 'เมืองพาน   ', 661, 45, 1),
(5953, 'ทานตะวัน   ', 661, 45, 1),
(5954, 'เวียงห้าว   ', 661, 45, 1),
(5955, '*ป่าแงะ   ', 661, 45, 1),
(5956, '*สันมะค่า   ', 661, 45, 1),
(5957, '*ป่าแดด   ', 661, 45, 1),
(5958, 'ป่าแดด   ', 662, 45, 1),
(5959, 'ป่าแงะ   ', 662, 45, 1),
(5960, 'สันมะค่า   ', 662, 45, 1),
(5961, 'โรงช้าง   ', 662, 45, 1),
(5962, 'ศรีโพธิ์เงิน   ', 662, 45, 1),
(5963, 'แม่จัน   ', 663, 45, 1),
(5964, 'จันจว้า   ', 663, 45, 1),
(5965, 'แม่คำ   ', 663, 45, 1),
(5966, 'ป่าซาง   ', 663, 45, 1),
(5967, 'สันทราย   ', 663, 45, 1),
(5968, 'ท่าข้าวเปลือก   ', 663, 45, 1),
(5969, 'ปงน้อย*   ', 663, 45, 1),
(5970, 'ป่าตึง   ', 663, 45, 1),
(5971, 'หนองป่าก่อ*   ', 663, 45, 1),
(5972, 'แม่ไร่   ', 663, 45, 1),
(5973, 'ศรีค้ำ   ', 663, 45, 1),
(5974, 'จันจว้าใต้   ', 663, 45, 1),
(5975, 'จอมสวรรค์   ', 663, 45, 1),
(5976, '*เเทอดไทย   ', 663, 45, 1),
(5977, '*แแม่สลองใน   ', 663, 45, 1),
(5978, '*แม่สลองนอก   ', 663, 45, 1),
(5979, 'โชคชัย*   ', 663, 45, 1),
(5980, 'เวียง   ', 664, 45, 1),
(5981, 'ป่าสัก   ', 664, 45, 1),
(5982, 'บ้านแซว   ', 664, 45, 1),
(5983, 'ศรีดอนมูล   ', 664, 45, 1),
(5984, 'แม่เงิน   ', 664, 45, 1),
(5985, 'โยนก   ', 664, 45, 1),
(5986, 'แม่สาย   ', 665, 45, 1),
(5987, 'ห้วยไคร้   ', 665, 45, 1),
(5988, 'เกาะช้าง   ', 665, 45, 1),
(5989, 'โป่งผา   ', 665, 45, 1),
(5990, 'ศรีเมืองชุม   ', 665, 45, 1),
(5991, 'เวียงพางคำ   ', 665, 45, 1),
(5992, 'บ้านด้าย   ', 665, 45, 1),
(5993, 'โป่งงาม   ', 665, 45, 1),
(5994, 'แม่สรวย   ', 666, 45, 1),
(5995, 'ป่าแดด   ', 666, 45, 1),
(5996, 'แม่พริก   ', 666, 45, 1),
(5997, 'ศรีถ้อย   ', 666, 45, 1),
(5998, 'ท่าก๊อ   ', 666, 45, 1),
(5999, 'วาวี   ', 666, 45, 1),
(6000, 'เจดีย์หลวง   ', 666, 45, 1),
(6001, 'สันสลี   ', 667, 45, 1),
(6002, 'เวียง   ', 667, 45, 1),
(6003, 'บ้านโป่ง   ', 667, 45, 1),
(6004, 'ป่างิ้ว   ', 667, 45, 1),
(6005, 'เวียงกาหลง   ', 667, 45, 1),
(6006, 'แม่เจดีย์   ', 667, 45, 1),
(6007, 'แม่เจดีย์ใหม่   ', 667, 45, 1),
(6008, 'เวียงกาหลง*   ', 667, 45, 1),
(6009, 'แม่เปา   ', 668, 45, 1),
(6010, 'แม่ต๋ำ   ', 668, 45, 1),
(6011, 'ไม้ยา   ', 668, 45, 1),
(6012, 'เม็งราย   ', 668, 45, 1),
(6013, 'ตาดควัน   ', 668, 45, 1),
(6014, 'ม่วงยาย   ', 669, 45, 1),
(6015, 'ปอ   ', 669, 45, 1),
(6016, 'หล่ายงาว   ', 669, 45, 1),
(6017, 'ท่าข้าม   ', 669, 45, 1),
(6018, 'ต้า   ', 670, 45, 1),
(6019, 'ป่าตาล   ', 670, 45, 1),
(6020, 'ยางฮอม   ', 670, 45, 1),
(6021, 'เทอดไทย   ', 671, 45, 1),
(6022, 'แม่สลองใน   ', 671, 45, 1),
(6023, 'แม่สลองนอก   ', 671, 45, 1),
(6024, 'แม่ฟ้าหลวง   ', 671, 45, 1),
(6025, 'ดงมะดะ   ', 672, 45, 1),
(6026, 'จอมหมอกแก้ว   ', 672, 45, 1),
(6027, 'บัวสลี   ', 672, 45, 1),
(6028, 'ป่าก่อดำ   ', 672, 45, 1),
(6029, 'โป่งแพร่   ', 672, 45, 1),
(6030, 'ทุ่งก่อ   ', 673, 45, 1),
(6031, 'ดงมหาวัน   ', 673, 45, 1),
(6032, 'ป่าซาง   ', 673, 45, 1),
(6033, 'ปงน้อย   ', 674, 45, 1),
(6034, 'โชคชัย   ', 674, 45, 1),
(6035, 'หนองป่าก่อ   ', 674, 45, 1),
(6036, 'จองคำ   ', 675, 46, 1),
(6037, 'ห้วยโป่ง   ', 675, 46, 1),
(6038, 'ผาบ่อง   ', 675, 46, 1),
(6039, 'ปางหมู   ', 675, 46, 1),
(6040, 'หมอกจำแป่   ', 675, 46, 1),
(6041, 'ห้วยผา   ', 675, 46, 1),
(6042, '*ปางมะผ้า   ', 675, 46, 1),
(6043, '*สบป่อง   ', 675, 46, 1),
(6044, 'ห้วยปูลิง   ', 675, 46, 1),
(6045, 'ขุนยวม   ', 676, 46, 1),
(6046, 'แม่เงา   ', 676, 46, 1),
(6047, 'เมืองปอน   ', 676, 46, 1),
(6048, 'แม่ยวมน้อย   ', 676, 46, 1),
(6049, 'แม่กิ๊   ', 676, 46, 1),
(6050, 'แม่อูคอ   ', 676, 46, 1),
(6051, 'เวียงใต้   ', 677, 46, 1),
(6052, 'เวียงเหนือ   ', 677, 46, 1),
(6053, 'แม่นาเติง   ', 677, 46, 1),
(6054, 'แม่ฮี้   ', 677, 46, 1),
(6055, 'ทุ่งยาว   ', 677, 46, 1),
(6056, 'เมืองแปง   ', 677, 46, 1),
(6057, 'โป่งสา   ', 677, 46, 1),
(6058, 'บ้านกาศ   ', 678, 46, 1),
(6059, 'แม่สะเรียง   ', 678, 46, 1),
(6060, 'แม่คง   ', 678, 46, 1),
(6061, 'แม่เหาะ   ', 678, 46, 1),
(6062, 'แม่ยวม   ', 678, 46, 1),
(6063, 'เสาหิน   ', 678, 46, 1),
(6064, 'ป่าแป๋   ', 678, 46, 1),
(6065, '*กองกอย   ', 678, 46, 1),
(6066, '*แม่คะตวน   ', 678, 46, 1),
(6067, '*สบเมย   ', 678, 46, 1),
(6068, 'แม่ลาน้อย   ', 679, 46, 1),
(6069, 'แม่ลาหลวง   ', 679, 46, 1),
(6070, 'ท่าผาปุ้ม   ', 679, 46, 1),
(6071, 'แม่โถ   ', 679, 46, 1),
(6072, 'ห้วยห้อม   ', 679, 46, 1),
(6073, 'แม่นาจาง   ', 679, 46, 1),
(6074, 'สันติคีรี   ', 679, 46, 1),
(6075, 'ขุนแม่ลาน้อย   ', 679, 46, 1),
(6076, 'สบเมย   ', 680, 46, 1),
(6077, 'แม่คะตวน   ', 680, 46, 1),
(6078, 'กองก๋อย   ', 680, 46, 1),
(6079, 'แม่สวด   ', 680, 46, 1),
(6080, 'ป่าโปง   ', 680, 46, 1),
(6081, 'แม่สามแลบ   ', 680, 46, 1),
(6082, 'สบป่อง   ', 681, 46, 1),
(6083, 'ปางมะผ้า   ', 681, 46, 1),
(6084, 'ถ้ำลอด   ', 681, 46, 1),
(6085, 'นาปู่ป้อม   ', 681, 46, 1),
(6086, 'ปากน้ำโพ   ', 683, 47, 2),
(6087, 'กลางแดด   ', 683, 47, 2),
(6088, 'เกรียงไกร   ', 683, 47, 2),
(6089, 'แควใหญ่   ', 683, 47, 2),
(6090, 'ตะเคียนเลื่อน   ', 683, 47, 2),
(6091, 'นครสวรรค์ตก   ', 683, 47, 2),
(6092, 'นครสวรรค์ออก   ', 683, 47, 2),
(6093, 'บางพระหลวง   ', 683, 47, 2),
(6094, 'บางม่วง   ', 683, 47, 2),
(6095, 'บ้านมะเกลือ   ', 683, 47, 2),
(6096, 'บ้านแก่ง   ', 683, 47, 2),
(6097, 'พระนอน   ', 683, 47, 2),
(6098, 'วัดไทร   ', 683, 47, 2),
(6099, 'หนองกรด   ', 683, 47, 2),
(6100, 'หนองกระโดน   ', 683, 47, 2),
(6101, 'หนองปลิง   ', 683, 47, 2),
(6102, 'บึงเสนาท   ', 683, 47, 2),
(6103, 'โกรกพระ   ', 684, 47, 2),
(6104, 'ยางตาล   ', 684, 47, 2),
(6105, 'บางมะฝ่อ   ', 684, 47, 2),
(6106, 'บางประมุง   ', 684, 47, 2),
(6107, 'นากลาง   ', 684, 47, 2),
(6108, 'ศาลาแดง   ', 684, 47, 2),
(6109, 'เนินกว้าว   ', 684, 47, 2),
(6110, 'เนินศาลา   ', 684, 47, 2),
(6111, 'หาดสูง   ', 684, 47, 2),
(6112, 'ชุมแสง   ', 685, 47, 2),
(6113, 'ทับกฤช   ', 685, 47, 2),
(6114, 'พิกุล   ', 685, 47, 2),
(6115, 'เกยไชย   ', 685, 47, 2),
(6116, 'ท่าไม้   ', 685, 47, 2),
(6117, 'บางเคียน   ', 685, 47, 2),
(6118, 'หนองกระเจา   ', 685, 47, 2),
(6119, 'พันลาน   ', 685, 47, 2),
(6120, 'โคกหม้อ   ', 685, 47, 2),
(6121, 'ไผ่สิงห์   ', 685, 47, 2),
(6122, 'ฆะมัง   ', 685, 47, 2),
(6123, 'ทับกฤชใต้   ', 685, 47, 2),
(6124, 'หนองบัว   ', 686, 47, 2),
(6125, 'หนองกลับ   ', 686, 47, 2),
(6126, 'ธารทหาร   ', 686, 47, 2),
(6127, 'ห้วยร่วม   ', 686, 47, 2),
(6128, 'ห้วยถั่วใต้   ', 686, 47, 2),
(6129, 'ห้วยถั่วเหนือ   ', 686, 47, 2),
(6130, 'ห้วยใหญ่   ', 686, 47, 2),
(6131, 'ทุ่งทอง   ', 686, 47, 2),
(6132, 'วังบ่อ   ', 686, 47, 2),
(6133, 'ท่างิ้ว   ', 687, 47, 2),
(6134, 'บางตาหงาย   ', 687, 47, 2),
(6135, 'หูกวาง   ', 687, 47, 2),
(6136, 'อ่างทอง   ', 687, 47, 2),
(6137, 'บ้านแดน   ', 687, 47, 2),
(6138, 'บางแก้ว   ', 687, 47, 2),
(6139, 'ตาขีด   ', 687, 47, 2),
(6140, 'ตาสัง   ', 687, 47, 2),
(6141, 'ด่านช้าง   ', 687, 47, 2),
(6142, 'หนองกรด   ', 687, 47, 2),
(6143, 'หนองตางู   ', 687, 47, 2),
(6144, 'บึงปลาทู   ', 687, 47, 2),
(6145, 'เจริญผล   ', 687, 47, 2),
(6146, 'มหาโพธิ   ', 688, 47, 2),
(6147, 'เก้าเลี้ยว   ', 688, 47, 2),
(6148, 'หนองเต่า   ', 688, 47, 2),
(6149, 'เขาดิน   ', 688, 47, 2),
(6150, 'หัวดง   ', 688, 47, 2),
(6151, 'ตาคลี   ', 689, 47, 2),
(6152, 'ช่องแค   ', 689, 47, 2),
(6153, 'จันเสน   ', 689, 47, 2),
(6154, 'ห้วยหอม   ', 689, 47, 2),
(6155, 'หัวหวาย   ', 689, 47, 2),
(6156, 'หนองโพ   ', 689, 47, 2),
(6157, 'หนองหม้อ   ', 689, 47, 2),
(6158, 'สร้อยทอง   ', 689, 47, 2),
(6159, 'ลาดทิพรส   ', 689, 47, 2),
(6160, 'พรหมนิมิต   ', 689, 47, 2),
(6161, 'ท่าตะโก   ', 690, 47, 2),
(6162, 'พนมรอก   ', 690, 47, 2),
(6163, 'หัวถนน   ', 690, 47, 2),
(6164, 'สายลำโพง   ', 690, 47, 2),
(6165, 'วังมหากร   ', 690, 47, 2),
(6166, 'ดอนคา   ', 690, 47, 2),
(6167, 'ทำนบ   ', 690, 47, 2),
(6168, 'วังใหญ่   ', 690, 47, 2),
(6169, 'พนมเศษ   ', 690, 47, 2),
(6170, 'หนองหลวง   ', 690, 47, 2),
(6171, 'โคกเดื่อ   ', 691, 47, 2),
(6172, 'สำโรงชัย   ', 691, 47, 2),
(6173, 'วังน้ำลัด   ', 691, 47, 2),
(6174, 'ตะคร้อ   ', 691, 47, 2),
(6175, 'โพธิ์ประสาท   ', 691, 47, 2),
(6176, 'วังข่อย   ', 691, 47, 2),
(6177, 'นาขอม   ', 691, 47, 2),
(6178, 'ไพศาลี   ', 691, 47, 2),
(6179, 'พยุหะ   ', 692, 47, 2),
(6180, 'เนินมะกอก   ', 692, 47, 2),
(6181, 'นิคมเขาบ่อแก้ว   ', 692, 47, 2),
(6182, 'ม่วงหัก   ', 692, 47, 2),
(6183, 'ยางขาว   ', 692, 47, 2),
(6184, 'ย่านมัทรี   ', 692, 47, 2),
(6185, 'เขาทอง   ', 692, 47, 2),
(6186, 'ท่าน้ำอ้อย   ', 692, 47, 2),
(6187, 'น้ำทรง   ', 692, 47, 2),
(6188, 'เขากะลา   ', 692, 47, 2),
(6189, 'สระทะเล   ', 692, 47, 2),
(6190, 'ลาดยาว   ', 693, 47, 2),
(6191, 'ห้วยน้ำหอม   ', 693, 47, 2),
(6192, 'วังม้า   ', 693, 47, 2),
(6193, 'วังเมือง   ', 693, 47, 2),
(6194, 'สร้อยละคร   ', 693, 47, 2),
(6195, 'มาบแก   ', 693, 47, 2),
(6196, 'หนองยาว   ', 693, 47, 2),
(6197, 'หนองนมวัว   ', 693, 47, 2),
(6198, 'บ้านไร่   ', 693, 47, 2),
(6199, 'เนินขี้เหล็ก   ', 693, 47, 2),
(6200, '*แแม่เล่ย์   ', 693, 47, 2),
(6201, '*แแม่วงก์   ', 693, 47, 2),
(6202, '*ววังซ่าน   ', 693, 47, 2),
(6203, '*เเขาชนกัน   ', 693, 47, 2),
(6204, '*ปปางสวรรค์   ', 693, 47, 2),
(6205, 'ศาลเจ้าไก่ต่อ   ', 693, 47, 2),
(6206, 'สระแก้ว   ', 693, 47, 2),
(6207, 'ตากฟ้า   ', 694, 47, 2),
(6208, 'ลำพยนต์   ', 694, 47, 2),
(6209, 'สุขสำราญ   ', 694, 47, 2),
(6210, 'หนองพิกุล   ', 694, 47, 2),
(6211, 'พุนกยูง   ', 694, 47, 2),
(6212, 'อุดมธัญญา   ', 694, 47, 2),
(6213, 'เขาชายธง   ', 694, 47, 2),
(6214, 'แม่วงก์   ', 695, 47, 2),
(6215, 'ห้วยน้ำหอม*   ', 695, 47, 2),
(6216, 'แม่เล่ย์   ', 695, 47, 2),
(6217, 'วังซ่าน   ', 695, 47, 2),
(6218, 'เขาชนกัน   ', 695, 47, 2),
(6219, 'ปางสวรรค์*   ', 695, 47, 2),
(6220, 'แม่เปิน*   ', 695, 47, 2),
(6221, 'ชุมตาบง*   ', 695, 47, 2),
(6222, 'แม่เปิน   ', 696, 47, 2),
(6223, 'ชุมตาบง   ', 697, 47, 2),
(6224, 'ปางสวรรค์   ', 697, 47, 2),
(6225, 'อุทัยใหม่   ', 701, 48, 2),
(6226, 'น้ำซึม   ', 701, 48, 2),
(6227, 'สะแกกรัง   ', 701, 48, 2),
(6228, 'ดอนขวาง   ', 701, 48, 2),
(6229, 'หาดทนง   ', 701, 48, 2),
(6230, 'เกาะเทโพ   ', 701, 48, 2);
INSERT INTO `district` (`dis_code`, `DISTRICT_NAME`, `am_code`, `prov_code`, `GEO_ID`) VALUES
(6231, 'ท่าซุง   ', 701, 48, 2),
(6232, 'หนองแก   ', 701, 48, 2),
(6233, 'โนนเหล็ก   ', 701, 48, 2),
(6234, 'หนองเต่า   ', 701, 48, 2),
(6235, 'หนองไผ่แบน   ', 701, 48, 2),
(6236, 'หนองพังค่า   ', 701, 48, 2),
(6237, 'ทุ่งใหญ่   ', 701, 48, 2),
(6238, 'เนินแจง   ', 701, 48, 2),
(6239, '*ข้าวเม่า   ', 701, 48, 2),
(6240, 'ทัพทัน   ', 702, 48, 2),
(6241, 'ทุ่งนาไทย   ', 702, 48, 2),
(6242, 'เขาขี้ฝอย   ', 702, 48, 2),
(6243, 'หนองหญ้าปล้อง   ', 702, 48, 2),
(6244, 'โคกหม้อ   ', 702, 48, 2),
(6245, 'หนองยายดา   ', 702, 48, 2),
(6246, 'หนองกลางดง   ', 702, 48, 2),
(6247, 'หนองกระทุ่ม   ', 702, 48, 2),
(6248, 'หนองสระ   ', 702, 48, 2),
(6249, 'ตลุกดู่   ', 702, 48, 2),
(6250, 'สว่างอารมณ์   ', 703, 48, 2),
(6251, 'หนองหลวง   ', 703, 48, 2),
(6252, 'พลวงสองนาง   ', 703, 48, 2),
(6253, 'ไผ่เขียว   ', 703, 48, 2),
(6254, 'บ่อยาง   ', 703, 48, 2),
(6255, 'หนองฉาง   ', 704, 48, 2),
(6256, 'หนองยาง   ', 704, 48, 2),
(6257, 'หนองนางนวล   ', 704, 48, 2),
(6258, 'หนองสรวง   ', 704, 48, 2),
(6259, 'บ้านเก่า   ', 704, 48, 2),
(6260, 'อุทัยเก่า   ', 704, 48, 2),
(6261, 'ทุ่งโพ   ', 704, 48, 2),
(6262, 'ทุ่งพง   ', 704, 48, 2),
(6263, 'เขาบางแกรก   ', 704, 48, 2),
(6264, 'เขากวางทอง   ', 704, 48, 2),
(6265, 'หนองขาหย่าง   ', 705, 48, 2),
(6266, 'หนองไผ่   ', 705, 48, 2),
(6267, 'ดอนกลอย   ', 705, 48, 2),
(6268, 'ห้วยรอบ   ', 705, 48, 2),
(6269, 'ทุ่งพึ่ง   ', 705, 48, 2),
(6270, 'ท่าโพ   ', 705, 48, 2),
(6271, 'หมกแถว   ', 705, 48, 2),
(6272, 'หลุมเข้า   ', 705, 48, 2),
(6273, 'ดงขวาง   ', 705, 48, 2),
(6274, 'บ้านไร่   ', 706, 48, 2),
(6275, 'ทัพหลวง   ', 706, 48, 2),
(6276, 'ห้วยแห้ง   ', 706, 48, 2),
(6277, 'คอกควาย   ', 706, 48, 2),
(6278, 'วังหิน   ', 706, 48, 2),
(6279, 'เมืองการุ้ง   ', 706, 48, 2),
(6280, 'แก่นมะกรูด   ', 706, 48, 2),
(6281, 'หนองจอก   ', 706, 48, 2),
(6282, 'หูช้าง   ', 706, 48, 2),
(6283, 'บ้านบึง   ', 706, 48, 2),
(6284, 'บ้านใหม่คลองเคียน   ', 706, 48, 2),
(6285, 'หนองบ่มกล้วย   ', 706, 48, 2),
(6286, 'เจ้าวัด   ', 706, 48, 2),
(6287, '*ห้วยคต   ', 706, 48, 2),
(6288, '*สุขฤทัย   ', 706, 48, 2),
(6289, '*ป่าอ้อ   ', 706, 48, 2),
(6290, '*ประดู่ยืน   ', 706, 48, 2),
(6291, '*ลานสัก   ', 706, 48, 2),
(6292, 'ลานสัก   ', 707, 48, 2),
(6293, 'ประดู่ยืน   ', 707, 48, 2),
(6294, 'ป่าอ้อ   ', 707, 48, 2),
(6295, 'ระบำ   ', 707, 48, 2),
(6296, 'น้ำรอบ   ', 707, 48, 2),
(6297, 'ทุ่งนางาม   ', 707, 48, 2),
(6298, 'สุขฤทัย   ', 708, 48, 2),
(6299, 'ทองหลาง   ', 708, 48, 2),
(6300, 'ห้วยคต   ', 708, 48, 2),
(6301, 'ในเมือง   ', 709, 49, 2),
(6302, 'ไตรตรึงษ์   ', 709, 49, 2),
(6303, 'อ่างทอง   ', 709, 49, 2),
(6304, 'นาบ่อคำ   ', 709, 49, 2),
(6305, 'นครชุม   ', 709, 49, 2),
(6306, 'ทรงธรรม   ', 709, 49, 2),
(6307, 'ลานดอกไม้   ', 709, 49, 2),
(6308, 'ลานดอกไม้ตก*   ', 709, 49, 2),
(6309, 'โกสัมพี*   ', 709, 49, 2),
(6310, 'หนองปลิง   ', 709, 49, 2),
(6311, 'คณฑี   ', 709, 49, 2),
(6312, 'นิคมทุ่งโพธิ์ทะเล   ', 709, 49, 2),
(6313, 'เทพนคร   ', 709, 49, 2),
(6314, 'วังทอง   ', 709, 49, 2),
(6315, 'ท่าขุนราม   ', 709, 49, 2),
(6316, 'เพชรชมภู*   ', 709, 49, 2),
(6317, 'คลองแม่ลาย   ', 709, 49, 2),
(6318, 'ธำมรงค์   ', 709, 49, 2),
(6319, 'สระแก้ว   ', 709, 49, 2),
(6320, '*หนองคล้า   ', 709, 49, 2),
(6321, '*โป่งน้ำร้อน   ', 709, 49, 2),
(6322, '*ไทรงาม   ', 709, 49, 2),
(6323, 'ไทรงาม   ', 710, 49, 2),
(6324, 'หนองคล้า   ', 710, 49, 2),
(6325, 'หนองทอง   ', 710, 49, 2),
(6326, 'หนองไม้กอง   ', 710, 49, 2),
(6327, 'มหาชัย   ', 710, 49, 2),
(6328, 'พานทอง   ', 710, 49, 2),
(6329, 'หนองแม่แตง   ', 710, 49, 2),
(6330, 'คลองน้ำไหล   ', 711, 49, 2),
(6331, 'โป่งน้ำร้อน   ', 711, 49, 2),
(6332, 'คลองลานพัฒนา   ', 711, 49, 2),
(6333, 'สักงาม   ', 711, 49, 2),
(6334, '*วังชะโอน   ', 712, 49, 2),
(6335, '*ระหาน   ', 712, 49, 2),
(6336, 'ยางสูง   ', 712, 49, 2),
(6337, 'ป่าพุทรา   ', 712, 49, 2),
(6338, 'แสนตอ   ', 712, 49, 2),
(6339, 'สลกบาตร   ', 712, 49, 2),
(6340, 'บ่อถ้ำ   ', 712, 49, 2),
(6341, 'ดอนแตง   ', 712, 49, 2),
(6342, 'วังชะพลู   ', 712, 49, 2),
(6343, 'โค้งไผ่   ', 712, 49, 2),
(6344, 'ปางมะค่า   ', 712, 49, 2),
(6345, 'วังหามแห   ', 712, 49, 2),
(6346, 'เกาะตาล   ', 712, 49, 2),
(6347, '*บึงสามัคคี   ', 712, 49, 2),
(6348, 'คลองขลุง   ', 713, 49, 2),
(6349, 'ท่ามะเขือ   ', 713, 49, 2),
(6350, '*ททุ่งทราย   ', 713, 49, 2),
(6351, 'ท่าพุทรา   ', 713, 49, 2),
(6352, 'แม่ลาด   ', 713, 49, 2),
(6353, 'วังยาง   ', 713, 49, 2),
(6354, 'วังแขม   ', 713, 49, 2),
(6355, 'หัวถนน   ', 713, 49, 2),
(6356, 'วังไทร   ', 713, 49, 2),
(6357, '*โพธิ์ทอง   ', 713, 49, 2),
(6358, '*ปางตาไว   ', 713, 49, 2),
(6359, '*ถถาวรวัฒนา   ', 713, 49, 2),
(6360, 'วังบัว   ', 713, 49, 2),
(6361, '*ทุ่งทอง   ', 713, 49, 2),
(6362, '*หินดาต   ', 713, 49, 2),
(6363, 'คลองสมบูรณ์   ', 713, 49, 2),
(6364, '*ทุ่งทราย   ', 713, 49, 2),
(6365, 'พรานกระต่าย   ', 714, 49, 2),
(6366, 'หนองหัววัว   ', 714, 49, 2),
(6367, 'ท่าไม้   ', 714, 49, 2),
(6368, 'วังควง   ', 714, 49, 2),
(6369, 'วังตะแบก   ', 714, 49, 2),
(6370, 'เขาคีริส   ', 714, 49, 2),
(6371, 'คุยบ้านโอง   ', 714, 49, 2),
(6372, 'คลองพิไกร   ', 714, 49, 2),
(6373, 'ถ้ำกระต่ายทอง   ', 714, 49, 2),
(6374, 'ห้วยยั้ง   ', 714, 49, 2),
(6375, 'ลานกระบือ   ', 715, 49, 2),
(6376, 'ช่องลม   ', 715, 49, 2),
(6377, 'หนองหลวง   ', 715, 49, 2),
(6378, 'โนนพลวง   ', 715, 49, 2),
(6379, 'ประชาสุขสันต์   ', 715, 49, 2),
(6380, 'บึงทับแรต   ', 715, 49, 2),
(6381, 'จันทิมา   ', 715, 49, 2),
(6382, 'ทุ่งทราย   ', 716, 49, 2),
(6383, 'ทุ่งทอง   ', 716, 49, 2),
(6384, 'ถาวรวัฒนา   ', 716, 49, 2),
(6385, 'โพธิ์ทอง   ', 717, 49, 2),
(6386, 'หินดาต   ', 717, 49, 2),
(6387, 'ปางตาไว   ', 717, 49, 2),
(6388, 'บึงสามัคคี   ', 718, 49, 2),
(6389, 'วังชะโอน   ', 718, 49, 2),
(6390, 'ระหาน   ', 718, 49, 2),
(6391, 'เทพนิมิต   ', 718, 49, 2),
(6392, 'โกสัมพี   ', 719, 49, 2),
(6393, 'เพชรชมภู   ', 719, 49, 2),
(6394, 'ลานดอกไม้ตก   ', 719, 49, 2),
(6395, 'ระแหง   ', 720, 50, 4),
(6396, 'หนองหลวง   ', 720, 50, 4),
(6397, 'เชียงเงิน   ', 720, 50, 4),
(6398, 'หัวเดียด   ', 720, 50, 4),
(6399, 'หนองบัวเหนือ   ', 720, 50, 4),
(6400, 'ไม้งาม   ', 720, 50, 4),
(6401, 'โป่งแดง   ', 720, 50, 4),
(6402, 'น้ำรึม   ', 720, 50, 4),
(6403, 'วังหิน   ', 720, 50, 4),
(6404, 'เชียงทอง*   ', 720, 50, 4),
(6405, 'แม่ท้อ   ', 720, 50, 4),
(6406, 'ป่ามะม่วง   ', 720, 50, 4),
(6407, 'หนองบัวใต้   ', 720, 50, 4),
(6408, 'วังประจบ   ', 720, 50, 4),
(6409, 'ตลุกกลางทุ่ง   ', 720, 50, 4),
(6410, 'นาโบสถ์*   ', 720, 50, 4),
(6411, 'ประดาง*   ', 720, 50, 4),
(6412, 'ตากออก   ', 721, 50, 4),
(6413, 'สมอโคน   ', 721, 50, 4),
(6414, 'แม่สลิด   ', 721, 50, 4),
(6415, 'ตากตก   ', 721, 50, 4),
(6416, 'เกาะตะเภา   ', 721, 50, 4),
(6417, 'ทุ่งกระเชาะ   ', 721, 50, 4),
(6418, 'ท้องฟ้า   ', 721, 50, 4),
(6419, 'สามเงา   ', 722, 50, 4),
(6420, 'วังหมัน   ', 722, 50, 4),
(6421, 'ยกกระบัตร   ', 722, 50, 4),
(6422, 'ย่านรี   ', 722, 50, 4),
(6423, 'บ้านนา   ', 722, 50, 4),
(6424, 'วังจันทร์   ', 722, 50, 4),
(6425, 'แม่ระมาด   ', 723, 50, 4),
(6426, 'แม่จะเรา   ', 723, 50, 4),
(6427, 'ขะเนจื้อ   ', 723, 50, 4),
(6428, 'แม่ตื่น   ', 723, 50, 4),
(6429, 'สามหมื่น   ', 723, 50, 4),
(6430, 'พระธาตุ   ', 723, 50, 4),
(6431, 'ท่าสองยาง   ', 724, 50, 4),
(6432, 'แม่ต้าน   ', 724, 50, 4),
(6433, 'แม่สอง   ', 724, 50, 4),
(6434, 'แม่หละ   ', 724, 50, 4),
(6435, 'แม่วะหลวง   ', 724, 50, 4),
(6436, 'แม่อุสุ   ', 724, 50, 4),
(6437, 'แม่สอด   ', 725, 50, 4),
(6438, 'แม่กุ   ', 725, 50, 4),
(6439, 'พะวอ   ', 725, 50, 4),
(6440, 'แม่ตาว   ', 725, 50, 4),
(6441, 'แม่กาษา   ', 725, 50, 4),
(6442, 'ท่าสายลวด   ', 725, 50, 4),
(6443, 'แม่ปะ   ', 725, 50, 4),
(6444, 'มหาวัน   ', 725, 50, 4),
(6445, 'ด่านแม่ละเมา   ', 725, 50, 4),
(6446, 'พระธาตุผาแดง   ', 725, 50, 4),
(6447, 'พบพระ   ', 726, 50, 4),
(6448, 'ช่องแคบ   ', 726, 50, 4),
(6449, 'คีรีราษฎร์   ', 726, 50, 4),
(6450, 'วาเล่ย์   ', 726, 50, 4),
(6451, 'รวมไทยพัฒนา   ', 726, 50, 4),
(6452, 'อุ้มผาง   ', 727, 50, 4),
(6453, 'หนองหลวง   ', 727, 50, 4),
(6454, 'โมโกร   ', 727, 50, 4),
(6455, 'แม่จัน   ', 727, 50, 4),
(6456, 'แม่ละมุ้ง   ', 727, 50, 4),
(6457, 'แม่กลอง   ', 727, 50, 4),
(6458, 'เชียงทอง   ', 728, 50, 4),
(6459, 'นาโบสถ์   ', 728, 50, 4),
(6460, 'ประดาง   ', 728, 50, 4),
(6461, 'ธานี   ', 730, 51, 2),
(6462, 'บ้านสวน   ', 730, 51, 2),
(6463, 'เมืองเก่า   ', 730, 51, 2),
(6464, 'ปากแคว   ', 730, 51, 2),
(6465, 'ยางซ้าย   ', 730, 51, 2),
(6466, 'บ้านกล้วย   ', 730, 51, 2),
(6467, 'บ้านหลุม   ', 730, 51, 2),
(6468, 'ตาลเตี้ย   ', 730, 51, 2),
(6469, 'ปากพระ   ', 730, 51, 2),
(6470, 'วังทองแดง   ', 730, 51, 2),
(6471, 'ลานหอย   ', 731, 51, 2),
(6472, 'บ้านด่าน   ', 731, 51, 2),
(6473, 'วังตะคร้อ   ', 731, 51, 2),
(6474, 'วังน้ำขาว   ', 731, 51, 2),
(6475, 'ตลิ่งชัน   ', 731, 51, 2),
(6476, 'หนองหญ้าปล้อง   ', 731, 51, 2),
(6477, 'วังลึก   ', 731, 51, 2),
(6478, 'โตนด   ', 732, 51, 2),
(6479, 'ทุ่งหลวง   ', 732, 51, 2),
(6480, 'บ้านป้อม   ', 732, 51, 2),
(6481, 'สามพวง   ', 732, 51, 2),
(6482, 'ศรีคีรีมาศ   ', 732, 51, 2),
(6483, 'หนองจิก   ', 732, 51, 2),
(6484, 'นาเชิงคีรี   ', 732, 51, 2),
(6485, 'หนองกระดิ่ง   ', 732, 51, 2),
(6486, 'บ้านน้ำพุ   ', 732, 51, 2),
(6487, 'ทุ่งยางเมือง   ', 732, 51, 2),
(6488, 'กง   ', 733, 51, 2),
(6489, 'บ้านกร่าง   ', 733, 51, 2),
(6490, 'ไกรนอก   ', 733, 51, 2),
(6491, 'ไกรกลาง   ', 733, 51, 2),
(6492, 'ไกรใน   ', 733, 51, 2),
(6493, 'ดงเดือย   ', 733, 51, 2),
(6494, 'ป่าแฝก   ', 733, 51, 2),
(6495, 'กกแรต   ', 733, 51, 2),
(6496, 'ท่าฉนวน   ', 733, 51, 2),
(6497, 'หนองตูม   ', 733, 51, 2),
(6498, 'บ้านใหม่สุขเกษม   ', 733, 51, 2),
(6499, 'หาดเสี้ยว   ', 734, 51, 2),
(6500, 'ป่างิ้ว   ', 734, 51, 2),
(6501, 'แม่สำ   ', 734, 51, 2),
(6502, 'แม่สิน   ', 734, 51, 2),
(6503, 'บ้านตึก   ', 734, 51, 2),
(6504, 'หนองอ้อ   ', 734, 51, 2),
(6505, 'ท่าชัย   ', 734, 51, 2),
(6506, 'ศรีสัชนาลัย   ', 734, 51, 2),
(6507, 'ดงคู่   ', 734, 51, 2),
(6508, 'บ้านแก่ง   ', 734, 51, 2),
(6509, 'สารจิตร   ', 734, 51, 2),
(6510, 'คลองตาล   ', 735, 51, 2),
(6511, 'วังลึก   ', 735, 51, 2),
(6512, 'สามเรือน   ', 735, 51, 2),
(6513, 'บ้านนา   ', 735, 51, 2),
(6514, 'วังทอง   ', 735, 51, 2),
(6515, 'นาขุนไกร   ', 735, 51, 2),
(6516, 'เกาะตาเลี้ยง   ', 735, 51, 2),
(6517, 'วัดเกาะ   ', 735, 51, 2),
(6518, 'บ้านไร่   ', 735, 51, 2),
(6519, 'ทับผึ้ง   ', 735, 51, 2),
(6520, 'บ้านซ่าน   ', 735, 51, 2),
(6521, 'วังใหญ่   ', 735, 51, 2),
(6522, 'ราวต้นจันทร์   ', 735, 51, 2),
(6523, 'เมืองสวรรคโลก   ', 736, 51, 2),
(6524, 'ในเมือง   ', 736, 51, 2),
(6525, 'คลองกระจง   ', 736, 51, 2),
(6526, 'วังพิณพาทย์   ', 736, 51, 2),
(6527, 'วังไม้ขอน   ', 736, 51, 2),
(6528, 'ย่านยาว   ', 736, 51, 2),
(6529, 'นาทุ่ง   ', 736, 51, 2),
(6530, 'คลองยาง   ', 736, 51, 2),
(6531, 'เมืองบางยม   ', 736, 51, 2),
(6532, 'ท่าทอง   ', 736, 51, 2),
(6533, 'ปากน้ำ   ', 736, 51, 2),
(6534, 'ป่ากุมเกาะ   ', 736, 51, 2),
(6535, 'เมืองบางขลัง   ', 736, 51, 2),
(6536, 'หนองกลับ   ', 736, 51, 2),
(6537, '*ประชาราษฎร์   ', 736, 51, 2),
(6538, '*คลองมะพลับ   ', 736, 51, 2),
(6539, '*น้ำขุม   ', 736, 51, 2),
(6540, '*นครเดิฐ   ', 736, 51, 2),
(6541, '*ศรีนคร   ', 736, 51, 2),
(6542, 'ศรีนคร   ', 737, 51, 2),
(6543, 'นครเดิฐ   ', 737, 51, 2),
(6544, 'น้ำขุม   ', 737, 51, 2),
(6545, 'คลองมะพลับ   ', 737, 51, 2),
(6546, 'หนองบัว   ', 737, 51, 2),
(6547, 'บ้านใหม่ไชยมงคล   ', 738, 51, 2),
(6548, 'ไทยชนะศึก   ', 738, 51, 2),
(6549, 'ทุ่งเสลี่ยม   ', 738, 51, 2),
(6550, 'กลางดง   ', 738, 51, 2),
(6551, 'เขาแก้วศรีสมบูรณ์   ', 738, 51, 2),
(6552, 'ในเมือง   ', 739, 52, 2),
(6553, 'วังน้ำคู้   ', 739, 52, 2),
(6554, 'วัดจันทร์   ', 739, 52, 2),
(6555, 'วัดพริก   ', 739, 52, 2),
(6556, 'ท่าทอง   ', 739, 52, 2),
(6557, 'ท่าโพธิ์   ', 739, 52, 2),
(6558, 'สมอแข   ', 739, 52, 2),
(6559, 'ดอนทอง   ', 739, 52, 2),
(6560, 'บ้านป่า   ', 739, 52, 2),
(6561, 'ปากโทก   ', 739, 52, 2),
(6562, 'หัวรอ   ', 739, 52, 2),
(6563, 'จอมทอง   ', 739, 52, 2),
(6564, 'บ้านกร่าง   ', 739, 52, 2),
(6565, 'บ้านคลอง   ', 739, 52, 2),
(6566, 'พลายชุมพล   ', 739, 52, 2),
(6567, 'มะขามสูง   ', 739, 52, 2),
(6568, 'อรัญญิก   ', 739, 52, 2),
(6569, 'บึงพระ   ', 739, 52, 2),
(6570, 'ไผ่ขอดอน   ', 739, 52, 2),
(6571, 'งิ้วงาม   ', 739, 52, 2),
(6572, 'นครไทย   ', 740, 52, 2),
(6573, 'หนองกะท้าว   ', 740, 52, 2),
(6574, 'บ้านแยง   ', 740, 52, 2),
(6575, 'เนินเพิ่ม   ', 740, 52, 2),
(6576, 'นาบัว   ', 740, 52, 2),
(6577, 'นครชุม   ', 740, 52, 2),
(6578, 'น้ำกุ่ม   ', 740, 52, 2),
(6579, 'ยางโกลน   ', 740, 52, 2),
(6580, 'บ่อโพธิ์   ', 740, 52, 2),
(6581, 'บ้านพร้าว   ', 740, 52, 2),
(6582, 'ห้วยเฮี้ย   ', 740, 52, 2),
(6583, 'ป่าแดง   ', 741, 52, 2),
(6584, 'ชาติตระการ   ', 741, 52, 2),
(6585, 'สวนเมี่ยง   ', 741, 52, 2),
(6586, 'บ้านดง   ', 741, 52, 2),
(6587, 'บ่อภาค   ', 741, 52, 2),
(6588, 'ท่าสะแก   ', 741, 52, 2),
(6589, 'บางระกำ   ', 742, 52, 2),
(6590, 'ปลักแรด   ', 742, 52, 2),
(6591, 'พันเสา   ', 742, 52, 2),
(6592, 'วังอิทก   ', 742, 52, 2),
(6593, 'บึงกอก   ', 742, 52, 2),
(6594, 'หนองกุลา   ', 742, 52, 2),
(6595, 'ชุมแสงสงคราม   ', 742, 52, 2),
(6596, 'นิคมพัฒนา   ', 742, 52, 2),
(6597, 'บ่อทอง   ', 742, 52, 2),
(6598, 'ท่านางงาม   ', 742, 52, 2),
(6599, 'คุยม่วง   ', 742, 52, 2),
(6600, 'บางกระทุ่ม   ', 743, 52, 2),
(6601, 'บ้านไร่   ', 743, 52, 2),
(6602, 'โคกสลุด   ', 743, 52, 2),
(6603, 'สนามคลี   ', 743, 52, 2),
(6604, 'ท่าตาล   ', 743, 52, 2),
(6605, 'ไผ่ล้อม   ', 743, 52, 2),
(6606, 'นครป่าหมาก   ', 743, 52, 2),
(6607, 'เนินกุ่ม   ', 743, 52, 2),
(6608, 'วัดตายม   ', 743, 52, 2),
(6609, 'พรหมพิราม   ', 744, 52, 2),
(6610, 'ท่าช้าง   ', 744, 52, 2),
(6611, 'วงฆ้อง   ', 744, 52, 2),
(6612, 'มะตูม   ', 744, 52, 2),
(6613, 'หอกลอง   ', 744, 52, 2),
(6614, 'ศรีภิรมย์   ', 744, 52, 2),
(6615, 'ตลุกเทียม   ', 744, 52, 2),
(6616, 'วังวน   ', 744, 52, 2),
(6617, 'หนองแขม   ', 744, 52, 2),
(6618, 'มะต้อง   ', 744, 52, 2),
(6619, 'ทับยายเชียง   ', 744, 52, 2),
(6620, 'ดงประคำ   ', 744, 52, 2),
(6621, 'วัดโบสถ์   ', 745, 52, 2),
(6622, 'ท่างาม   ', 745, 52, 2),
(6623, 'ท้อแท้   ', 745, 52, 2),
(6624, 'บ้านยาง   ', 745, 52, 2),
(6625, 'หินลาด   ', 745, 52, 2),
(6626, 'คันโช้ง   ', 745, 52, 2),
(6627, 'วังทอง   ', 746, 52, 2),
(6628, 'พันชาลี   ', 746, 52, 2),
(6629, 'แม่ระกา   ', 746, 52, 2),
(6630, 'บ้านกลาง   ', 746, 52, 2),
(6631, 'วังพิกุล   ', 746, 52, 2),
(6632, 'แก่งโสภา   ', 746, 52, 2),
(6633, 'ท่าหมื่นราม   ', 746, 52, 2),
(6634, 'วังนกแอ่น   ', 746, 52, 2),
(6635, 'หนองพระ   ', 746, 52, 2),
(6636, 'ชัยนาม   ', 746, 52, 2),
(6637, 'ดินทอง   ', 746, 52, 2),
(6638, '*บ้านน้อยซุ้มขี้เหล็ก   ', 746, 52, 2),
(6639, '*วังโพรง   ', 746, 52, 2),
(6640, '*ไทรย้อย   ', 746, 52, 2),
(6641, '*บ้านมุง   ', 746, 52, 2),
(6642, '*ชมพู   ', 746, 52, 2),
(6643, 'ชมพู   ', 747, 52, 2),
(6644, 'บ้านมุง   ', 747, 52, 2),
(6645, 'ไทรย้อย   ', 747, 52, 2),
(6646, 'วังโพรง   ', 747, 52, 2),
(6647, 'บ้านน้อยซุ้มขี้เหล็ก   ', 747, 52, 2),
(6648, 'เนินมะปราง   ', 747, 52, 2),
(6649, 'วังยาง   ', 747, 52, 2),
(6650, 'โคกแหลม   ', 747, 52, 2),
(6651, 'ในเมือง   ', 748, 53, 2),
(6652, 'ไผ่ขวาง   ', 748, 53, 2),
(6653, 'ย่านยาว   ', 748, 53, 2),
(6654, 'ท่าฬ่อ   ', 748, 53, 2),
(6655, 'ปากทาง   ', 748, 53, 2),
(6656, 'คลองคะเชนทร์   ', 748, 53, 2),
(6657, 'โรงช้าง   ', 748, 53, 2),
(6658, 'เมืองเก่า   ', 748, 53, 2),
(6659, 'ท่าหลวง   ', 748, 53, 2),
(6660, 'บ้านบุ่ง   ', 748, 53, 2),
(6661, 'ฆะมัง   ', 748, 53, 2),
(6662, 'ดงป่าคำ   ', 748, 53, 2),
(6663, 'หัวดง   ', 748, 53, 2),
(6664, '*หนองปล้อง   ', 748, 53, 2),
(6665, 'ป่ามะคาบ   ', 748, 53, 2),
(6666, '*สากเหล็ก   ', 748, 53, 2),
(6667, '*ท่าเยี่ยม   ', 748, 53, 2),
(6668, '*คลองทราย   ', 748, 53, 2),
(6669, 'สายคำโห้   ', 748, 53, 2),
(6670, 'ดงกลาง   ', 748, 53, 2),
(6671, '*ไผ่รอบ   ', 748, 53, 2),
(6672, '*วังจิก   ', 748, 53, 2),
(6673, '*โพธิ์ประทับช้าง   ', 748, 53, 2),
(6674, '*ไผ่ท่าโพ   ', 748, 53, 2),
(6675, '*วังจิก   ', 748, 53, 2),
(6676, '*หนองพระ   ', 748, 53, 2),
(6677, '*หนองปลาไหล   ', 748, 53, 2),
(6678, '*วังทรายพูน   ', 748, 53, 2),
(6679, 'วังทรายพูน   ', 749, 53, 2),
(6680, 'หนองปลาไหล   ', 749, 53, 2),
(6681, 'หนองพระ   ', 749, 53, 2),
(6682, 'หนองปล้อง   ', 749, 53, 2),
(6683, 'โพธิ์ประทับช้าง   ', 750, 53, 2),
(6684, 'ไผ่ท่าโพ   ', 750, 53, 2),
(6685, 'วังจิก   ', 750, 53, 2),
(6686, 'ไผ่รอบ   ', 750, 53, 2),
(6687, 'ดงเสือเหลือง   ', 750, 53, 2),
(6688, 'เนินสว่าง   ', 750, 53, 2),
(6689, 'ทุ่งใหญ่   ', 750, 53, 2),
(6690, 'ตะพานหิน   ', 751, 53, 2),
(6691, 'งิ้วราย   ', 751, 53, 2),
(6692, 'ห้วยเกตุ   ', 751, 53, 2),
(6693, 'ไทรโรงโขน   ', 751, 53, 2),
(6694, 'หนองพยอม   ', 751, 53, 2),
(6695, 'ทุ่งโพธิ์   ', 751, 53, 2),
(6696, 'ดงตะขบ   ', 751, 53, 2),
(6697, 'คลองคูณ   ', 751, 53, 2),
(6698, 'วังสำโรง   ', 751, 53, 2),
(6699, 'วังหว้า   ', 751, 53, 2),
(6700, 'วังหลุม   ', 751, 53, 2),
(6701, 'ทับหมัน   ', 751, 53, 2),
(6702, 'ไผ่หลวง   ', 751, 53, 2),
(6703, '*ท้ายทุ่ง   ', 751, 53, 2),
(6704, '*เขาเจ็ดลูก   ', 751, 53, 2),
(6705, '*เขาทราย   ', 751, 53, 2),
(6706, '*ทับคล้อ   ', 751, 53, 2),
(6707, 'บางมูลนาก   ', 752, 53, 2),
(6708, 'บางไผ่   ', 752, 53, 2),
(6709, 'หอไกร   ', 752, 53, 2),
(6710, 'เนินมะกอก   ', 752, 53, 2),
(6711, 'วังสำโรง   ', 752, 53, 2),
(6712, 'ภูมิ   ', 752, 53, 2),
(6713, 'วังกรด   ', 752, 53, 2),
(6714, 'ห้วยเขน   ', 752, 53, 2),
(6715, 'วังตะกู   ', 752, 53, 2),
(6716, 'สำนักขุนเณร*   ', 752, 53, 2),
(6717, 'ห้วยพุก*   ', 752, 53, 2),
(6718, 'ห้วยร่วม*   ', 752, 53, 2),
(6719, 'วังงิ้ว*   ', 752, 53, 2),
(6720, 'ลำประดา   ', 752, 53, 2),
(6721, 'วังงิ้วใต้*   ', 752, 53, 2),
(6722, 'โพทะเล   ', 753, 53, 2),
(6723, 'ท้ายน้ำ   ', 753, 53, 2),
(6724, 'ทะนง   ', 753, 53, 2),
(6725, 'ท่าบัว   ', 753, 53, 2),
(6726, 'ทุ่งน้อย   ', 753, 53, 2),
(6727, 'ท่าขมิ้น   ', 753, 53, 2),
(6728, 'ท่าเสา   ', 753, 53, 2),
(6729, 'บางคลาน   ', 753, 53, 2),
(6730, 'บางลาย*   ', 753, 53, 2),
(6731, 'บึงนาราง*   ', 753, 53, 2),
(6732, 'ท่านั่ง   ', 753, 53, 2),
(6733, 'บ้านน้อย   ', 753, 53, 2),
(6734, 'วัดขวาง   ', 753, 53, 2),
(6735, 'โพธิ์ไทรงาม*   ', 753, 53, 2),
(6736, 'แหลมรัง*   ', 753, 53, 2),
(6737, 'ห้วยแก้ว*   ', 753, 53, 2),
(6738, 'สามง่าม   ', 754, 53, 2),
(6739, 'กำแพงดิน   ', 754, 53, 2),
(6740, 'รังนก   ', 754, 53, 2),
(6741, 'หนองหลุม*   ', 754, 53, 2),
(6742, 'บ้านนา*   ', 754, 53, 2),
(6743, 'เนินปอ   ', 754, 53, 2),
(6744, 'หนองโสน   ', 754, 53, 2),
(6745, 'วังโมกข์*   ', 754, 53, 2),
(6746, 'บึงบัว*   ', 754, 53, 2),
(6747, 'ทับคล้อ   ', 755, 53, 2),
(6748, 'เขาทราย   ', 755, 53, 2),
(6749, 'เขาเจ็ดลูก   ', 755, 53, 2),
(6750, 'ท้ายทุ่ง   ', 755, 53, 2),
(6751, 'สากเหล็ก   ', 756, 53, 2),
(6752, 'ท่าเยี่ยม   ', 756, 53, 2),
(6753, 'คลองทราย   ', 756, 53, 2),
(6754, 'หนองหญ้าไทร   ', 756, 53, 2),
(6755, 'วังทับไทร   ', 756, 53, 2),
(6756, 'ห้วยแก้ว   ', 757, 53, 2),
(6757, 'โพธิ์ไทรงาม   ', 757, 53, 2),
(6758, 'แหลมรัง   ', 757, 53, 2),
(6759, 'บางลาย   ', 757, 53, 2),
(6760, 'บึงนาราง   ', 757, 53, 2),
(6761, 'วังงิ้วใต้   ', 758, 53, 2),
(6762, 'วังงิ้ว   ', 758, 53, 2),
(6763, 'ห้วยร่วม   ', 758, 53, 2),
(6764, 'ห้วยพุก   ', 758, 53, 2),
(6765, 'สำนักขุนเณร   ', 758, 53, 2),
(6766, 'บ้านนา   ', 759, 53, 2),
(6767, 'บึงบัว   ', 759, 53, 2),
(6768, 'วังโมกข์   ', 759, 53, 2),
(6769, 'หนองหลุม   ', 759, 53, 2),
(6770, 'ในเมือง   ', 760, 54, 2),
(6771, 'ตะเบาะ   ', 760, 54, 2),
(6772, 'บ้านโตก   ', 760, 54, 2),
(6773, 'สะเดียง   ', 760, 54, 2),
(6774, 'ป่าเลา   ', 760, 54, 2),
(6775, 'นางั่ว   ', 760, 54, 2),
(6776, 'ท่าพล   ', 760, 54, 2),
(6777, 'ดงมูลเหล็ก   ', 760, 54, 2),
(6778, 'บ้านโคก   ', 760, 54, 2),
(6779, 'ชอนไพร   ', 760, 54, 2),
(6780, 'นาป่า   ', 760, 54, 2),
(6781, 'นายม   ', 760, 54, 2),
(6782, 'วังชมภู   ', 760, 54, 2),
(6783, 'น้ำร้อน   ', 760, 54, 2),
(6784, 'ห้วยสะแก   ', 760, 54, 2),
(6785, 'ห้วยใหญ่   ', 760, 54, 2),
(6786, 'ระวิง   ', 760, 54, 2),
(6787, 'ชนแดน   ', 761, 54, 2),
(6788, 'ดงขุย   ', 761, 54, 2),
(6789, 'ท่าข้าม   ', 761, 54, 2),
(6790, 'พุทธบาท   ', 761, 54, 2),
(6791, 'ลาดแค   ', 761, 54, 2),
(6792, 'บ้านกล้วย   ', 761, 54, 2),
(6793, '*ซับเปิม   ', 761, 54, 2),
(6794, 'ซับพุทรา   ', 761, 54, 2),
(6795, 'ตะกุดไร   ', 761, 54, 2),
(6796, 'ศาลาลาย   ', 761, 54, 2),
(6797, '*ท้ายดง   ', 761, 54, 2),
(6798, '*วังโป่ง   ', 761, 54, 2),
(6799, 'หล่มสัก   ', 762, 54, 2),
(6800, 'วัดป่า   ', 762, 54, 2),
(6801, 'ตาลเดี่ยว   ', 762, 54, 2),
(6802, 'ฝายนาแซง   ', 762, 54, 2),
(6803, 'หนองสว่าง   ', 762, 54, 2),
(6804, 'น้ำเฮี้ย   ', 762, 54, 2),
(6805, 'สักหลง   ', 762, 54, 2),
(6806, 'ท่าอิบุญ   ', 762, 54, 2),
(6807, 'บ้านโสก   ', 762, 54, 2),
(6808, 'บ้านติ้ว   ', 762, 54, 2),
(6809, 'ห้วยไร่   ', 762, 54, 2),
(6810, 'น้ำก้อ   ', 762, 54, 2),
(6811, 'ปากช่อง   ', 762, 54, 2),
(6812, 'น้ำชุน   ', 762, 54, 2),
(6813, 'หนองไขว่   ', 762, 54, 2),
(6814, 'ลานบ่า   ', 762, 54, 2),
(6815, 'บุ่งคล้า   ', 762, 54, 2),
(6816, 'บุ่งน้ำเต้า   ', 762, 54, 2),
(6817, 'บ้านกลาง   ', 762, 54, 2),
(6818, 'ช้างตะลูด   ', 762, 54, 2),
(6819, 'บ้านไร่   ', 762, 54, 2),
(6820, 'ปากดุก   ', 762, 54, 2),
(6821, 'บ้านหวาย   ', 762, 54, 2),
(6822, '*แคมป์สน   ', 762, 54, 2),
(6823, 'หล่มเก่า   ', 763, 54, 2),
(6824, 'นาซำ   ', 763, 54, 2),
(6825, 'หินฮาว   ', 763, 54, 2),
(6826, 'บ้านเนิน   ', 763, 54, 2),
(6827, 'ศิลา   ', 763, 54, 2),
(6828, 'นาแซง   ', 763, 54, 2),
(6829, 'วังบาล   ', 763, 54, 2),
(6830, 'นาเกาะ   ', 763, 54, 2),
(6831, 'ตาดกลอย   ', 763, 54, 2),
(6832, '*น้ำหนาว   ', 763, 54, 2),
(6833, 'ท่าโรง   ', 764, 54, 2),
(6834, 'สระประดู่   ', 764, 54, 2),
(6835, 'สามแยก   ', 764, 54, 2),
(6836, 'โคกปรง   ', 764, 54, 2),
(6837, 'น้ำร้อน   ', 764, 54, 2),
(6838, 'บ่อรัง   ', 764, 54, 2),
(6839, 'พุเตย   ', 764, 54, 2),
(6840, 'พุขาม   ', 764, 54, 2),
(6841, 'ภูน้ำหยด   ', 764, 54, 2),
(6842, 'ซับสมบูรณ์   ', 764, 54, 2),
(6843, 'บึงกระจับ   ', 764, 54, 2),
(6844, 'วังใหญ่   ', 764, 54, 2),
(6845, 'ยางสาว   ', 764, 54, 2),
(6846, 'ซับน้อย   ', 764, 54, 2),
(6847, '*นาสนุ่น   ', 764, 54, 2),
(6848, '*คลองกระจัง   ', 764, 54, 2),
(6849, '*สระกรวด   ', 764, 54, 2),
(6850, '*ศรีเทพ   ', 764, 54, 2),
(6851, 'ศรีเทพ   ', 765, 54, 2),
(6852, 'สระกรวด   ', 765, 54, 2),
(6853, 'คลองกระจัง   ', 765, 54, 2),
(6854, 'นาสนุ่น   ', 765, 54, 2),
(6855, 'โคกสะอาด   ', 765, 54, 2),
(6856, 'หนองย่างทอย   ', 765, 54, 2),
(6857, 'ประดู่งาม   ', 765, 54, 2),
(6858, 'กองทูล   ', 766, 54, 2),
(6859, 'นาเฉลียง   ', 766, 54, 2),
(6860, 'บ้านโภชน์   ', 766, 54, 2),
(6861, 'ท่าแดง   ', 766, 54, 2),
(6862, 'เพชรละคร   ', 766, 54, 2),
(6863, 'บ่อไทย   ', 766, 54, 2),
(6864, 'ห้วยโป่ง   ', 766, 54, 2),
(6865, 'วังท่าดี   ', 766, 54, 2),
(6866, 'บัววัฒนา   ', 766, 54, 2),
(6867, 'หนองไผ่   ', 766, 54, 2),
(6868, 'วังโบสถ์   ', 766, 54, 2),
(6869, 'ยางงาม   ', 766, 54, 2),
(6870, 'ท่าด้วง   ', 766, 54, 2),
(6871, 'ซับสมอทอด   ', 767, 54, 2),
(6872, 'ซับไม้แดง   ', 767, 54, 2),
(6873, 'หนองแจง   ', 767, 54, 2),
(6874, 'กันจุ   ', 767, 54, 2),
(6875, 'วังพิกุล   ', 767, 54, 2),
(6876, 'พญาวัง   ', 767, 54, 2),
(6877, 'ศรีมงคล   ', 767, 54, 2),
(6878, 'สระแก้ว   ', 767, 54, 2),
(6879, 'บึงสามพัน   ', 767, 54, 2),
(6880, 'น้ำหนาว   ', 768, 54, 2),
(6881, 'หลักด่าน   ', 768, 54, 2),
(6882, 'วังกวาง   ', 768, 54, 2),
(6883, 'โคกมน   ', 768, 54, 2),
(6884, 'วังโป่ง   ', 769, 54, 2),
(6885, 'ท้ายดง   ', 769, 54, 2),
(6886, 'ซับเปิบ   ', 769, 54, 2),
(6887, 'วังหิน   ', 769, 54, 2),
(6888, 'วังศาล   ', 769, 54, 2),
(6889, 'ทุ่งสมอ   ', 770, 54, 2),
(6890, 'แคมป์สน   ', 770, 54, 2),
(6891, 'เขาค้อ   ', 770, 54, 2),
(6892, 'ริมสีม่วง   ', 770, 54, 2),
(6893, 'สะเดาะพง   ', 770, 54, 2),
(6894, 'หนองแม่นา   ', 770, 54, 2),
(6895, 'เข็กน้อย   ', 770, 54, 2),
(6896, 'หน้าเมือง   ', 771, 55, 4),
(6897, 'เจดีย์หัก   ', 771, 55, 4),
(6898, 'ดอนตะโก   ', 771, 55, 4),
(6899, 'หนองกลางนา   ', 771, 55, 4),
(6900, 'ห้วยไผ่   ', 771, 55, 4),
(6901, 'คุ้งน้ำวน   ', 771, 55, 4),
(6902, 'คุ้งกระถิน   ', 771, 55, 4),
(6903, 'อ่างทอง   ', 771, 55, 4),
(6904, 'โคกหม้อ   ', 771, 55, 4),
(6905, 'สามเรือน   ', 771, 55, 4),
(6906, 'พิกุลทอง   ', 771, 55, 4),
(6907, 'น้ำพุ   ', 771, 55, 4),
(6908, 'ดอนแร่   ', 771, 55, 4),
(6909, 'หินกอง   ', 771, 55, 4),
(6910, 'เขาแร้ง   ', 771, 55, 4),
(6911, 'เกาะพลับพลา   ', 771, 55, 4),
(6912, 'หลุมดิน   ', 771, 55, 4),
(6913, 'บางป่า   ', 771, 55, 4),
(6914, 'พงสวาย   ', 771, 55, 4),
(6915, 'คูบัว   ', 771, 55, 4),
(6916, 'ท่าราบ   ', 771, 55, 4),
(6917, 'บ้านไร่   ', 771, 55, 4),
(6918, 'จอมบึง   ', 772, 55, 4),
(6919, 'ปากช่อง   ', 772, 55, 4),
(6920, 'เบิกไพร   ', 772, 55, 4),
(6921, 'ด่านทับตะโก   ', 772, 55, 4),
(6922, 'แก้มอ้น   ', 772, 55, 4),
(6923, 'รางบัว   ', 772, 55, 4),
(6924, '*ป่าหวาย   ', 772, 55, 4),
(6925, '*บ้านผึ้ง   ', 772, 55, 4),
(6926, '*สวนผึ้ง   ', 772, 55, 4),
(6927, 'สวนผึ้ง   ', 773, 55, 4),
(6928, 'ป่าหวาย   ', 773, 55, 4),
(6929, 'บ้านบึง*   ', 773, 55, 4),
(6930, 'ท่าเคย   ', 773, 55, 4),
(6931, 'บ้านคา*   ', 773, 55, 4),
(6932, 'หนองพันจันทร์*   ', 773, 55, 4),
(6933, 'ตะนาวศรี   ', 773, 55, 4),
(6934, 'ดำเนินสะดวก   ', 774, 55, 4),
(6935, 'ประสาทสิทธิ์   ', 774, 55, 4),
(6936, 'ศรีสุราษฎร์   ', 774, 55, 4),
(6937, 'ตาหลวง   ', 774, 55, 4),
(6938, 'ดอนกรวย   ', 774, 55, 4),
(6939, 'ดอนคลัง   ', 774, 55, 4),
(6940, 'บัวงาม   ', 774, 55, 4),
(6941, 'บ้านไร่   ', 774, 55, 4),
(6942, 'แพงพวย   ', 774, 55, 4),
(6943, 'สี่หมื่น   ', 774, 55, 4),
(6944, 'ท่านัด   ', 774, 55, 4),
(6945, 'ขุนพิทักษ์   ', 774, 55, 4),
(6946, 'ดอนไผ่   ', 774, 55, 4),
(6947, 'บ้านโป่ง   ', 775, 55, 4),
(6948, 'ท่าผา   ', 775, 55, 4),
(6949, 'กรับใหญ่   ', 775, 55, 4),
(6950, 'ปากแรต   ', 775, 55, 4),
(6951, 'หนองกบ   ', 775, 55, 4),
(6952, 'หนองอ้อ   ', 775, 55, 4),
(6953, 'ดอนกระเบื้อง   ', 775, 55, 4),
(6954, 'สวนกล้วย   ', 775, 55, 4),
(6955, 'นครชุมน์   ', 775, 55, 4),
(6956, 'บ้านม่วง   ', 775, 55, 4),
(6957, 'คุ้งพยอม   ', 775, 55, 4),
(6958, 'หนองปลาหมอ   ', 775, 55, 4),
(6959, 'เขาขลุง   ', 775, 55, 4),
(6960, 'เบิกไพร   ', 775, 55, 4),
(6961, 'ลาดบัวขาว   ', 775, 55, 4),
(6962, 'บางแพ   ', 776, 55, 4),
(6963, 'วังเย็น   ', 776, 55, 4),
(6964, 'หัวโพ   ', 776, 55, 4),
(6965, 'วัดแก้ว   ', 776, 55, 4),
(6966, 'ดอนใหญ่   ', 776, 55, 4),
(6967, 'ดอนคา   ', 776, 55, 4),
(6968, 'โพหัก   ', 776, 55, 4),
(6969, 'โพธาราม   ', 777, 55, 4),
(6970, 'ดอนกระเบื้อง   ', 777, 55, 4),
(6971, 'หนองโพ   ', 777, 55, 4),
(6972, 'บ้านเลือก   ', 777, 55, 4),
(6973, 'คลองตาคต   ', 777, 55, 4),
(6974, 'บ้านฆ้อง   ', 777, 55, 4),
(6975, 'บ้านสิงห์   ', 777, 55, 4),
(6976, 'ดอนทราย   ', 777, 55, 4),
(6977, 'เจ็ดเสมียน   ', 777, 55, 4),
(6978, 'คลองข่อย   ', 777, 55, 4),
(6979, 'ชำแระ   ', 777, 55, 4),
(6980, 'สร้อยฟ้า   ', 777, 55, 4),
(6981, 'ท่าชุมพล   ', 777, 55, 4),
(6982, 'บางโตนด   ', 777, 55, 4),
(6983, 'เตาปูน   ', 777, 55, 4),
(6984, 'นางแก้ว   ', 777, 55, 4),
(6985, 'ธรรมเสน   ', 777, 55, 4),
(6986, 'เขาชะงุ้ม   ', 777, 55, 4),
(6987, 'หนองกวาง   ', 777, 55, 4),
(6988, 'ทุ่งหลวง   ', 778, 55, 4),
(6989, 'วังมะนาว   ', 778, 55, 4),
(6990, 'ดอนทราย   ', 778, 55, 4),
(6991, 'หนองกระทุ่ม   ', 778, 55, 4),
(6992, 'ปากท่อ   ', 778, 55, 4),
(6993, 'ป่าไก่   ', 778, 55, 4),
(6994, 'วัดยางงาม   ', 778, 55, 4),
(6995, 'อ่างหิน   ', 778, 55, 4),
(6996, 'บ่อกระดาน   ', 778, 55, 4),
(6997, 'ยางหัก   ', 778, 55, 4),
(6998, 'วันดาว   ', 778, 55, 4),
(6999, 'ห้วยยางโทน   ', 778, 55, 4),
(7000, 'เกาะศาลพระ   ', 779, 55, 4),
(7001, 'จอมประทัด   ', 779, 55, 4),
(7002, 'วัดเพลง   ', 779, 55, 4),
(7003, 'บ้านคา   ', 780, 55, 4),
(7004, 'บ้านบึง   ', 780, 55, 4),
(7005, 'หนองพันจันทร์   ', 780, 55, 4),
(7006, 'บ้านเหนือ   ', 782, 56, 4),
(7007, 'บ้านใต้   ', 782, 56, 4),
(7008, 'ปากแพรก   ', 782, 56, 4),
(7009, 'ท่ามะขาม   ', 782, 56, 4),
(7010, 'แก่งเสี้ยน   ', 782, 56, 4),
(7011, 'หนองบัว   ', 782, 56, 4),
(7012, 'ลาดหญ้า   ', 782, 56, 4),
(7013, 'วังด้ง   ', 782, 56, 4),
(7014, 'ช่องสะเดา   ', 782, 56, 4),
(7015, 'หนองหญ้า   ', 782, 56, 4),
(7016, 'เกาะสำโรง   ', 782, 56, 4),
(7017, '*ด่านมะขามเตี้ย   ', 782, 56, 4),
(7018, 'บ้านเก่า   ', 782, 56, 4),
(7019, '*จรเข้เผือก   ', 782, 56, 4),
(7020, '*กลอนโด   ', 782, 56, 4),
(7021, 'วังเย็น   ', 782, 56, 4),
(7022, 'ลุ่มสุ่ม   ', 783, 56, 4),
(7023, 'ท่าเสา   ', 783, 56, 4),
(7024, 'สิงห์   ', 783, 56, 4),
(7025, 'ไทรโยค   ', 783, 56, 4),
(7026, 'วังกระแจะ   ', 783, 56, 4),
(7027, 'ศรีมงคล   ', 783, 56, 4),
(7028, 'บ้องตี้   ', 783, 56, 4),
(7029, 'บ่อพลอย   ', 784, 56, 4),
(7030, 'หนองกุ่ม   ', 784, 56, 4),
(7031, 'หนองรี   ', 784, 56, 4),
(7032, '*หนองปรือ   ', 784, 56, 4),
(7033, 'หลุมรัง   ', 784, 56, 4),
(7034, '*หนองปลาไหล   ', 784, 56, 4),
(7035, '*สมเด็จเจริญ   ', 784, 56, 4),
(7036, 'ช่องด่าน   ', 784, 56, 4),
(7037, 'หนองกร่าง   ', 784, 56, 4),
(7038, 'นาสวน   ', 785, 56, 4),
(7039, 'ด่านแม่แฉลบ   ', 785, 56, 4),
(7040, 'หนองเป็ด   ', 785, 56, 4),
(7041, 'ท่ากระดาน   ', 785, 56, 4),
(7042, 'เขาโจด   ', 785, 56, 4),
(7043, 'แม่กระบุง   ', 785, 56, 4),
(7044, 'พงตึก   ', 786, 56, 4),
(7045, 'ยางม่วง   ', 786, 56, 4),
(7046, 'ดอนชะเอม   ', 786, 56, 4),
(7047, 'ท่าไม้   ', 786, 56, 4),
(7048, 'ตะคร้ำเอน   ', 786, 56, 4),
(7049, 'ท่ามะกา   ', 786, 56, 4),
(7050, 'ท่าเรือ   ', 786, 56, 4),
(7051, 'โคกตะบอง   ', 786, 56, 4),
(7052, 'ดอนขมิ้น   ', 786, 56, 4),
(7053, 'อุโลกสี่หมื่น   ', 786, 56, 4),
(7054, 'เขาสามสิบหาบ   ', 786, 56, 4),
(7055, 'พระแท่น   ', 786, 56, 4),
(7056, 'หวายเหนียว   ', 786, 56, 4),
(7057, 'แสนตอ   ', 786, 56, 4),
(7058, 'สนามแย้   ', 786, 56, 4),
(7059, 'ท่าเสา   ', 786, 56, 4),
(7060, 'หนองลาน   ', 786, 56, 4),
(7061, 'ท่าม่วง   ', 787, 56, 4),
(7062, 'วังขนาย   ', 787, 56, 4),
(7063, 'วังศาลา   ', 787, 56, 4),
(7064, 'ท่าล้อ   ', 787, 56, 4),
(7065, 'หนองขาว   ', 787, 56, 4),
(7066, 'ทุ่งทอง   ', 787, 56, 4),
(7067, 'เขาน้อย   ', 787, 56, 4),
(7068, 'ม่วงชุม   ', 787, 56, 4),
(7069, 'บ้านใหม่   ', 787, 56, 4),
(7070, 'พังตรุ   ', 787, 56, 4),
(7071, 'ท่าตะคร้อ   ', 787, 56, 4),
(7072, 'รางสาลี่   ', 787, 56, 4),
(7073, 'หนองตากยา   ', 787, 56, 4),
(7074, 'ท่าขนุน   ', 788, 56, 4),
(7075, 'ปิล๊อก   ', 788, 56, 4),
(7076, 'หินดาด   ', 788, 56, 4),
(7077, 'ลิ่นถิ่น   ', 788, 56, 4),
(7078, 'ชะแล   ', 788, 56, 4),
(7079, 'ห้วยเขย่ง   ', 788, 56, 4),
(7080, 'สหกรณ์นิคม   ', 788, 56, 4),
(7081, 'หนองลู   ', 789, 56, 4),
(7082, 'ปรังเผล   ', 789, 56, 4),
(7083, 'ไล่โว่   ', 789, 56, 4),
(7084, 'พนมทวน   ', 790, 56, 4),
(7085, 'หนองโรง   ', 790, 56, 4),
(7086, 'ทุ่งสมอ   ', 790, 56, 4),
(7087, 'ดอนเจดีย์   ', 790, 56, 4),
(7088, 'พังตรุ   ', 790, 56, 4),
(7089, 'รางหวาย   ', 790, 56, 4),
(7090, '*ดอนแสลบ   ', 790, 56, 4),
(7091, '*ห้วยกระเจา   ', 790, 56, 4),
(7092, '*สระลงเรือ   ', 790, 56, 4),
(7093, '*วังไผ่   ', 790, 56, 4),
(7094, 'หนองสาหร่าย   ', 790, 56, 4),
(7095, 'ดอนตาเพชร   ', 790, 56, 4),
(7096, 'เลาขวัญ   ', 791, 56, 4),
(7097, 'หนองโสน   ', 791, 56, 4),
(7098, 'หนองประดู่   ', 791, 56, 4),
(7099, 'หนองปลิง   ', 791, 56, 4),
(7100, 'หนองนกแก้ว   ', 791, 56, 4),
(7101, 'ทุ่งกระบ่ำ   ', 791, 56, 4),
(7102, 'หนองฝ้าย   ', 791, 56, 4),
(7103, 'ด่านมะขามเตี้ย   ', 792, 56, 4),
(7104, 'กลอนโด   ', 792, 56, 4),
(7105, 'จรเข้เผือก   ', 792, 56, 4),
(7106, 'หนองไผ่   ', 792, 56, 4),
(7107, 'หนองปรือ   ', 793, 56, 4),
(7108, 'หนองปลาไหล   ', 793, 56, 4),
(7109, 'สมเด็จเจริญ   ', 793, 56, 4),
(7110, 'ห้วยกระเจา   ', 794, 56, 4),
(7111, 'วังไผ่   ', 794, 56, 4),
(7112, 'ดอนแสลบ   ', 794, 56, 4),
(7113, 'สระลงเรือ   ', 794, 56, 4),
(7114, 'ท่าพี่เลี้ยง   ', 797, 57, 2),
(7115, 'รั้วใหญ่   ', 797, 57, 2),
(7116, 'ทับตีเหล็ก   ', 797, 57, 2),
(7117, 'ท่าระหัด   ', 797, 57, 2),
(7118, 'ไผ่ขวาง   ', 797, 57, 2),
(7119, 'โคกโคเฒ่า   ', 797, 57, 2),
(7120, 'ดอนตาล   ', 797, 57, 2),
(7121, 'ดอนมะสังข์   ', 797, 57, 2),
(7122, 'พิหารแดง   ', 797, 57, 2),
(7123, 'ดอนกำยาน   ', 797, 57, 2),
(7124, 'ดอนโพธิ์ทอง   ', 797, 57, 2),
(7125, 'บ้านโพธิ์   ', 797, 57, 2),
(7126, 'สระแก้ว   ', 797, 57, 2),
(7127, 'ตลิ่งชัน   ', 797, 57, 2),
(7128, 'บางกุ้ง   ', 797, 57, 2),
(7129, 'ศาลาขาว   ', 797, 57, 2),
(7130, 'สวนแตง   ', 797, 57, 2),
(7131, 'สนามชัย   ', 797, 57, 2),
(7132, 'โพธิ์พระยา   ', 797, 57, 2),
(7133, 'สนามคลี   ', 797, 57, 2),
(7134, 'เขาพระ   ', 798, 57, 2),
(7135, 'เดิมบาง   ', 798, 57, 2),
(7136, 'นางบวช   ', 798, 57, 2),
(7137, 'เขาดิน   ', 798, 57, 2),
(7138, 'ปากน้ำ   ', 798, 57, 2),
(7139, 'ทุ่งคลี   ', 798, 57, 2),
(7140, 'โคกช้าง   ', 798, 57, 2),
(7141, 'หัวเขา   ', 798, 57, 2),
(7142, 'หัวนา   ', 798, 57, 2),
(7143, 'บ่อกรุ   ', 798, 57, 2),
(7144, 'วังศรีราช   ', 798, 57, 2),
(7145, 'ป่าสะแก   ', 798, 57, 2),
(7146, 'ยางนอน   ', 798, 57, 2),
(7147, 'หนองกระทุ่ม   ', 798, 57, 2),
(7148, '*องค์พระ   ', 798, 57, 2),
(7149, '*ห้วยขมิ้น   ', 798, 57, 2),
(7150, '*ด่านช้าง   ', 798, 57, 2),
(7151, '*หนองมะค่าโมง   ', 798, 57, 2),
(7152, 'หนองมะค่าโมง   ', 799, 57, 2),
(7153, 'ด่านช้าง   ', 799, 57, 2),
(7154, 'ห้วยขมิ้น   ', 799, 57, 2),
(7155, 'องค์พระ   ', 799, 57, 2),
(7156, 'วังคัน   ', 799, 57, 2),
(7157, 'นิคมกระเสียว   ', 799, 57, 2),
(7158, 'วังยาว   ', 799, 57, 2),
(7159, 'โคกคราม   ', 800, 57, 2),
(7160, 'บางปลาม้า   ', 800, 57, 2),
(7161, 'ตะค่า   ', 800, 57, 2),
(7162, 'บางใหญ่   ', 800, 57, 2),
(7163, 'กฤษณา   ', 800, 57, 2),
(7164, 'สาลี   ', 800, 57, 2),
(7165, 'ไผ่กองดิน   ', 800, 57, 2),
(7166, 'องครักษ์   ', 800, 57, 2),
(7167, 'จรเข้ใหญ่   ', 800, 57, 2),
(7168, 'บ้านแหลม   ', 800, 57, 2),
(7169, 'มะขามล้ม   ', 800, 57, 2),
(7170, 'วังน้ำเย็น   ', 800, 57, 2),
(7171, 'วัดโบสถ์   ', 800, 57, 2),
(7172, 'วัดดาว   ', 800, 57, 2),
(7173, 'ศรีประจันต์   ', 801, 57, 2),
(7174, 'บ้านกร่าง   ', 801, 57, 2),
(7175, 'มดแดง   ', 801, 57, 2),
(7176, 'บางงาม   ', 801, 57, 2),
(7177, 'ดอนปรู   ', 801, 57, 2),
(7178, 'ปลายนา   ', 801, 57, 2),
(7179, 'วังหว้า   ', 801, 57, 2),
(7180, 'วังน้ำซับ   ', 801, 57, 2),
(7181, 'วังยาง   ', 801, 57, 2),
(7182, 'ดอนเจดีย์   ', 802, 57, 2),
(7183, 'หนองสาหร่าย   ', 802, 57, 2),
(7184, 'ไร่รถ   ', 802, 57, 2),
(7185, 'สระกระโจม   ', 802, 57, 2),
(7186, 'ทะเลบก   ', 802, 57, 2),
(7187, 'สองพี่น้อง   ', 803, 57, 2),
(7188, 'บางเลน   ', 803, 57, 2),
(7189, 'บางตาเถร   ', 803, 57, 2),
(7190, 'บางตะเคียน   ', 803, 57, 2),
(7191, 'บ้านกุ่ม   ', 803, 57, 2),
(7192, 'หัวโพธิ์   ', 803, 57, 2),
(7193, 'บางพลับ   ', 803, 57, 2),
(7194, 'เนินพระปรางค์   ', 803, 57, 2),
(7195, 'บ้านช้าง   ', 803, 57, 2),
(7196, 'ต้นตาล   ', 803, 57, 2),
(7197, 'ศรีสำราญ   ', 803, 57, 2),
(7198, 'ทุ่งคอก   ', 803, 57, 2),
(7199, 'หนองบ่อ   ', 803, 57, 2),
(7200, 'บ่อสุพรรณ   ', 803, 57, 2),
(7201, 'ดอนมะนาว   ', 803, 57, 2),
(7202, 'ย่านยาว   ', 804, 57, 2),
(7203, 'วังลึก   ', 804, 57, 2),
(7204, 'สามชุก   ', 804, 57, 2),
(7205, 'หนองผักนาก   ', 804, 57, 2),
(7206, 'บ้านสระ   ', 804, 57, 2),
(7207, 'หนองสะเดา   ', 804, 57, 2),
(7208, 'กระเสียว   ', 804, 57, 2),
(7209, '*แจงงาม   ', 804, 57, 2),
(7210, '*หนองโพธิ์   ', 804, 57, 2),
(7211, '*หนองราชวัตร   ', 804, 57, 2),
(7212, '*หนองหญ้าไซ   ', 804, 57, 2),
(7213, 'อู่ทอง   ', 805, 57, 2),
(7214, 'สระยายโสม   ', 805, 57, 2),
(7215, 'จรเข้สามพัน   ', 805, 57, 2),
(7216, 'บ้านดอน   ', 805, 57, 2),
(7217, 'ยุ้งทะลาย   ', 805, 57, 2),
(7218, 'ดอนมะเกลือ   ', 805, 57, 2),
(7219, 'หนองโอ่ง   ', 805, 57, 2),
(7220, 'ดอนคา   ', 805, 57, 2),
(7221, 'พลับพลาไชย   ', 805, 57, 2),
(7222, 'บ้านโข้ง   ', 805, 57, 2),
(7223, 'เจดีย์   ', 805, 57, 2),
(7224, 'สระพังลาน   ', 805, 57, 2),
(7225, 'กระจัน   ', 805, 57, 2),
(7226, 'หนองหญ้าไซ   ', 806, 57, 2),
(7227, 'หนองราชวัตร   ', 806, 57, 2),
(7228, 'หนองโพธิ์   ', 806, 57, 2),
(7229, 'แจงงาม   ', 806, 57, 2),
(7230, 'หนองขาม   ', 806, 57, 2),
(7231, 'ทัพหลวง   ', 806, 57, 2),
(7232, 'พระปฐมเจดีย์   ', 807, 58, 2),
(7233, 'บางแขม   ', 807, 58, 2),
(7234, 'พระประโทน   ', 807, 58, 2),
(7235, 'ธรรมศาลา   ', 807, 58, 2),
(7236, 'ตาก้อง   ', 807, 58, 2),
(7237, 'มาบแค   ', 807, 58, 2),
(7238, 'สนามจันทร์   ', 807, 58, 2),
(7239, 'ดอนยายหอม   ', 807, 58, 2),
(7240, 'ถนนขาด   ', 807, 58, 2),
(7241, 'บ่อพลับ   ', 807, 58, 2),
(7242, 'นครปฐม   ', 807, 58, 2),
(7243, 'วังตะกู   ', 807, 58, 2),
(7244, 'หนองปากโลง   ', 807, 58, 2),
(7245, 'สามควายเผือก   ', 807, 58, 2),
(7246, 'ทุ่งน้อย   ', 807, 58, 2),
(7247, 'หนองดินแดง   ', 807, 58, 2),
(7248, 'วังเย็น   ', 807, 58, 2),
(7249, 'โพรงมะเดื่อ   ', 807, 58, 2),
(7250, 'ลำพยา   ', 807, 58, 2),
(7251, 'สระกะเทียม   ', 807, 58, 2),
(7252, 'สวนป่าน   ', 807, 58, 2),
(7253, 'ห้วยจรเข้   ', 807, 58, 2),
(7254, 'ทัพหลวง   ', 807, 58, 2),
(7255, 'หนองงูเหลือม   ', 807, 58, 2),
(7256, 'บ้านยาง   ', 807, 58, 2),
(7257, 'ทุ่งกระพังโหม   ', 808, 58, 2),
(7258, 'กระตีบ   ', 808, 58, 2),
(7259, 'ทุ่งลูกนก   ', 808, 58, 2),
(7260, 'ห้วยขวาง   ', 808, 58, 2),
(7261, 'ทุ่งขวาง   ', 808, 58, 2),
(7262, 'สระสี่มุม   ', 808, 58, 2),
(7263, 'ทุ่งบัว   ', 808, 58, 2),
(7264, 'ดอนข่อย   ', 808, 58, 2),
(7265, 'สระพัฒนา   ', 808, 58, 2),
(7266, 'ห้วยหมอนทอง   ', 808, 58, 2),
(7267, 'ห้วยม่วง   ', 808, 58, 2),
(7268, 'กำแพงแสน   ', 808, 58, 2),
(7269, 'รางพิกุล   ', 808, 58, 2),
(7270, 'หนองกระทุ่ม   ', 808, 58, 2),
(7271, 'วังน้ำเขียว   ', 808, 58, 2),
(7272, 'นครชัยศรี   ', 809, 58, 2),
(7273, 'บางกระเบา   ', 809, 58, 2),
(7274, 'วัดแค   ', 809, 58, 2),
(7275, 'ท่าตำหนัก   ', 809, 58, 2),
(7276, 'บางแก้ว   ', 809, 58, 2),
(7277, 'ท่ากระชับ   ', 809, 58, 2),
(7278, 'ขุนแก้ว   ', 809, 58, 2),
(7279, 'ท่าพระยา   ', 809, 58, 2),
(7280, 'พะเนียด   ', 809, 58, 2),
(7281, 'บางระกำ   ', 809, 58, 2),
(7282, 'โคกพระเจดีย์   ', 809, 58, 2),
(7283, 'ศรีษะทอง   ', 809, 58, 2),
(7284, 'แหลมบัว   ', 809, 58, 2),
(7285, 'ศรีมหาโพธิ์   ', 809, 58, 2),
(7286, 'สัมปทวน   ', 809, 58, 2),
(7287, 'วัดสำโรง   ', 809, 58, 2),
(7288, 'ดอนแฝก   ', 809, 58, 2),
(7289, 'ห้วยพลู   ', 809, 58, 2),
(7290, 'วัดละมุด   ', 809, 58, 2),
(7291, 'บางพระ   ', 809, 58, 2),
(7292, 'บางแก้วฟ้า   ', 809, 58, 2),
(7293, 'ลานตากฟ้า   ', 809, 58, 2),
(7294, 'งิ้วราย   ', 809, 58, 2),
(7295, 'ไทยาวาส   ', 809, 58, 2),
(7296, '*ศาลายา   ', 809, 58, 2),
(7297, '*มหาสวัสดิ์   ', 809, 58, 2),
(7298, '*คลองโยง   ', 809, 58, 2),
(7299, '*มหาสวัสดิ์   ', 809, 58, 2),
(7300, '*คลองโยง   ', 809, 58, 2),
(7301, '*ศาลายา   ', 809, 58, 2),
(7302, 'สามง่าม   ', 810, 58, 2),
(7303, 'ห้วยพระ   ', 810, 58, 2),
(7304, 'ลำเหย   ', 810, 58, 2),
(7305, 'ดอนพุทรา   ', 810, 58, 2),
(7306, 'บ้านหลวง   ', 810, 58, 2),
(7307, 'ดอนรวก   ', 810, 58, 2),
(7308, 'ห้วยด้วน   ', 810, 58, 2),
(7309, 'ลำลูกบัว   ', 810, 58, 2),
(7310, 'บางเลน   ', 811, 58, 2),
(7311, 'บางปลา   ', 811, 58, 2),
(7312, 'บางหลวง   ', 811, 58, 2),
(7313, 'บางภาษี   ', 811, 58, 2),
(7314, 'บางระกำ   ', 811, 58, 2),
(7315, 'บางไทรป่า   ', 811, 58, 2),
(7316, 'หินมูล   ', 811, 58, 2),
(7317, 'ไทรงาม   ', 811, 58, 2),
(7318, 'ดอนตูม   ', 811, 58, 2),
(7319, 'นิลเพชร   ', 811, 58, 2),
(7320, 'บัวปากท่า   ', 811, 58, 2),
(7321, 'คลองนกกระทุง   ', 811, 58, 2),
(7322, 'นราภิรมย์   ', 811, 58, 2),
(7323, 'ลำพญา   ', 811, 58, 2),
(7324, 'ไผ่หูช้าง   ', 811, 58, 2),
(7325, 'ท่าข้าม   ', 812, 58, 2),
(7326, 'ทรงคนอง   ', 812, 58, 2),
(7327, 'หอมเกร็ด   ', 812, 58, 2),
(7328, 'บางกระทึก   ', 812, 58, 2),
(7329, 'บางเตย   ', 812, 58, 2),
(7330, 'สามพราน   ', 812, 58, 2),
(7331, 'บางช้าง   ', 812, 58, 2),
(7332, 'ไร่ขิง   ', 812, 58, 2),
(7333, 'ท่าตลาด   ', 812, 58, 2),
(7334, 'กระทุ่มล้ม   ', 812, 58, 2),
(7335, 'คลองใหม่   ', 812, 58, 2),
(7336, 'ตลาดจินดา   ', 812, 58, 2),
(7337, 'คลองจินดา   ', 812, 58, 2),
(7338, 'ยายชา   ', 812, 58, 2),
(7339, 'บ้านใหม่   ', 812, 58, 2),
(7340, 'อ้อมใหญ่   ', 812, 58, 2),
(7341, 'ศาลายา   ', 813, 58, 2),
(7342, 'คลองโยง   ', 813, 58, 2),
(7343, 'มหาสวัสดิ์   ', 813, 58, 2),
(7344, 'มหาชัย   ', 814, 59, 2),
(7345, 'ท่าฉลอม   ', 814, 59, 2),
(7346, 'โกรกกราก   ', 814, 59, 2),
(7347, 'บ้านบ่อ   ', 814, 59, 2),
(7348, 'บางโทรัด   ', 814, 59, 2),
(7349, 'กาหลง   ', 814, 59, 2),
(7350, 'นาโคก   ', 814, 59, 2),
(7351, 'ท่าจีน   ', 814, 59, 2),
(7352, 'นาดี   ', 814, 59, 2),
(7353, 'ท่าทราย   ', 814, 59, 2),
(7354, 'คอกกระบือ   ', 814, 59, 2),
(7355, 'บางน้ำจืด   ', 814, 59, 2),
(7356, 'พันท้ายนรสิงห์   ', 814, 59, 2),
(7357, 'โคกขาม   ', 814, 59, 2),
(7358, 'บ้านเกาะ   ', 814, 59, 2),
(7359, 'บางกระเจ้า   ', 814, 59, 2),
(7360, 'บางหญ้าแพรก   ', 814, 59, 2),
(7361, 'ชัยมงคล   ', 814, 59, 2),
(7362, 'ตลาดกระทุ่มแบน   ', 815, 59, 2),
(7363, 'อ้อมน้อย   ', 815, 59, 2),
(7364, 'ท่าไม้   ', 815, 59, 2),
(7365, 'สวนหลวง   ', 815, 59, 2),
(7366, 'บางยาง   ', 815, 59, 2),
(7367, 'คลองมะเดื่อ   ', 815, 59, 2),
(7368, 'หนองนกไข่   ', 815, 59, 2),
(7369, 'ดอนไก่ดี   ', 815, 59, 2),
(7370, 'แคราย   ', 815, 59, 2),
(7371, 'ท่าเสา   ', 815, 59, 2),
(7372, 'บ้านแพ้ว   ', 816, 59, 2),
(7373, 'หลักสาม   ', 816, 59, 2),
(7374, 'ยกกระบัตร   ', 816, 59, 2),
(7375, 'โรงเข้   ', 816, 59, 2),
(7376, 'หนองสองห้อง   ', 816, 59, 2),
(7377, 'หนองบัว   ', 816, 59, 2),
(7378, 'หลักสอง   ', 816, 59, 2),
(7379, 'เจ็ดริ้ว   ', 816, 59, 2),
(7380, 'คลองตัน   ', 816, 59, 2),
(7381, 'อำแพง   ', 816, 59, 2),
(7382, 'สวนส้ม   ', 816, 59, 2),
(7383, 'เกษตรพัฒนา   ', 816, 59, 2),
(7384, 'แม่กลอง   ', 817, 60, 2),
(7385, 'บางขันแตก   ', 817, 60, 2),
(7386, 'ลาดใหญ่   ', 817, 60, 2),
(7387, 'บ้านปรก   ', 817, 60, 2),
(7388, 'บางแก้ว   ', 817, 60, 2),
(7389, 'ท้ายหาด   ', 817, 60, 2),
(7390, 'แหลมใหญ่   ', 817, 60, 2),
(7391, 'คลองเขิน   ', 817, 60, 2),
(7392, 'คลองโคน   ', 817, 60, 2),
(7393, 'นางตะเคียน   ', 817, 60, 2),
(7394, 'บางจะเกร็ง   ', 817, 60, 2),
(7395, 'กระดังงา   ', 818, 60, 2),
(7396, 'บางสะแก   ', 818, 60, 2),
(7397, 'บางยี่รงค์   ', 818, 60, 2),
(7398, 'โรงหีบ   ', 818, 60, 2),
(7399, 'บางคนที   ', 818, 60, 2),
(7400, 'ดอนมะโนรา   ', 818, 60, 2),
(7401, 'บางพรม   ', 818, 60, 2),
(7402, 'บางกุ้ง   ', 818, 60, 2),
(7403, 'จอมปลวก   ', 818, 60, 2),
(7404, 'บางนกแขวก   ', 818, 60, 2),
(7405, 'ยายแพง   ', 818, 60, 2),
(7406, 'บางกระบือ   ', 818, 60, 2),
(7407, 'บ้านปราโมทย์   ', 818, 60, 2),
(7408, 'อัมพวา   ', 819, 60, 2),
(7409, 'สวนหลวง   ', 819, 60, 2),
(7410, 'ท่าคา   ', 819, 60, 2),
(7411, 'วัดประดู่   ', 819, 60, 2),
(7412, 'เหมืองใหม่   ', 819, 60, 2),
(7413, 'บางช้าง   ', 819, 60, 2),
(7414, 'แควอ้อม   ', 819, 60, 2),
(7415, 'ปลายโพงพาง   ', 819, 60, 2),
(7416, 'บางแค   ', 819, 60, 2),
(7417, 'แพรกหนามแดง   ', 819, 60, 2),
(7418, 'ยี่สาร   ', 819, 60, 2),
(7419, 'บางนางลี่   ', 819, 60, 2),
(7420, 'ท่าราบ   ', 820, 61, 4),
(7421, 'คลองกระแชง   ', 820, 61, 4),
(7422, 'บางจาน   ', 820, 61, 4),
(7423, 'นาพันสาม   ', 820, 61, 4),
(7424, 'ธงชัย   ', 820, 61, 4),
(7425, 'บ้านกุ่ม   ', 820, 61, 4),
(7426, 'หนองโสน   ', 820, 61, 4),
(7427, 'ไร่ส้ม   ', 820, 61, 4),
(7428, 'เวียงคอย   ', 820, 61, 4),
(7429, 'บางจาก   ', 820, 61, 4),
(7430, 'บ้านหม้อ   ', 820, 61, 4),
(7431, 'ต้นมะม่วง   ', 820, 61, 4),
(7432, 'ช่องสะแก   ', 820, 61, 4),
(7433, 'นาวุ้ง   ', 820, 61, 4),
(7434, 'สำมะโรง   ', 820, 61, 4),
(7435, 'โพพระ   ', 820, 61, 4),
(7436, 'หาดเจ้าสำราญ   ', 820, 61, 4),
(7437, 'หัวสะพาน   ', 820, 61, 4),
(7438, 'ต้นมะพร้าว   ', 820, 61, 4),
(7439, 'วังตะโก   ', 820, 61, 4),
(7440, 'โพไร่หวาน   ', 820, 61, 4),
(7441, 'ดอนยาง   ', 820, 61, 4),
(7442, 'หนองขนาน   ', 820, 61, 4),
(7443, 'หนองพลับ   ', 820, 61, 4),
(7444, '*มาตยาวงศ์   ', 820, 61, 4),
(7445, 'เขาย้อย   ', 821, 61, 4),
(7446, 'สระพัง   ', 821, 61, 4),
(7447, 'บางเค็ม   ', 821, 61, 4),
(7448, 'ทับคาง   ', 821, 61, 4),
(7449, 'หนองปลาไหล   ', 821, 61, 4),
(7450, 'หนองปรง   ', 821, 61, 4),
(7451, 'หนองชุมพล   ', 821, 61, 4),
(7452, 'ห้วยโรง   ', 821, 61, 4),
(7453, 'ห้วยท่าช้าง   ', 821, 61, 4),
(7454, 'หนองชุมพลเหนือ   ', 821, 61, 4),
(7455, '*ยางน้ำกลักใต้   ', 821, 61, 4),
(7456, '*ยางน้ำกลักเหนือ   ', 821, 61, 4),
(7457, '*หนองหญ้าปล้อง   ', 821, 61, 4),
(7458, 'หนองหญ้าปล้อง   ', 822, 61, 4),
(7459, 'ยางน้ำกลัดเหนือ   ', 822, 61, 4),
(7460, 'ยางน้ำกลัดใต้   ', 822, 61, 4),
(7461, 'ท่าตะคร้อ   ', 822, 61, 4),
(7462, 'ชะอำ   ', 823, 61, 4),
(7463, 'บางเก่า   ', 823, 61, 4),
(7464, 'นายาง   ', 823, 61, 4),
(7465, 'เขาใหญ่   ', 823, 61, 4),
(7466, 'หนองศาลา   ', 823, 61, 4),
(7467, 'ห้วยทรายเหนือ   ', 823, 61, 4),
(7468, 'ไร่ใหม่พัฒนา   ', 823, 61, 4),
(7469, 'สามพระยา   ', 823, 61, 4),
(7470, 'ดอนขุนห้วย   ', 823, 61, 4),
(7471, 'ท่ายาง   ', 824, 61, 4),
(7472, 'ท่าคอย   ', 824, 61, 4),
(7473, 'ยางหย่อง   ', 824, 61, 4),
(7474, 'หนองจอก   ', 824, 61, 4),
(7475, 'มาบปลาเค้า   ', 824, 61, 4),
(7476, 'ท่าไม้รวก   ', 824, 61, 4),
(7477, 'วังไคร้   ', 824, 61, 4),
(7478, '*วังจันทร์   ', 824, 61, 4),
(7479, '*สองพี่น้อง   ', 824, 61, 4),
(7480, '*แก่งกระจาน   ', 824, 61, 4),
(7481, 'กลัดหลวง   ', 824, 61, 4),
(7482, 'ปึกเตียน   ', 824, 61, 4),
(7483, 'เขากระปุก   ', 824, 61, 4),
(7484, 'ท่าแลง   ', 824, 61, 4),
(7485, 'บ้านในดง   ', 824, 61, 4),
(7486, '*สระปลาดู่   ', 824, 61, 4),
(7487, '*บางเมือง   ', 824, 61, 4),
(7488, '*นาไพร   ', 824, 61, 4),
(7489, '*วังจันทร์   ', 824, 61, 4),
(7490, '*สองพี่น้อง   ', 824, 61, 4),
(7491, '*แก่งกระจาน   ', 824, 61, 4),
(7492, 'บ้านลาด   ', 825, 61, 4),
(7493, 'บ้านหาด   ', 825, 61, 4),
(7494, 'บ้านทาน   ', 825, 61, 4),
(7495, 'ตำหรุ   ', 825, 61, 4),
(7496, 'สมอพลือ   ', 825, 61, 4),
(7497, 'ไร่มะขาม   ', 825, 61, 4),
(7498, 'ท่าเสน   ', 825, 61, 4),
(7499, 'หนองกระเจ็ด   ', 825, 61, 4),
(7500, 'หนองกะปุ   ', 825, 61, 4),
(7501, 'ลาดโพธิ์   ', 825, 61, 4),
(7502, 'สะพานไกร   ', 825, 61, 4),
(7503, 'ไร่โคก   ', 825, 61, 4),
(7504, 'โรงเข้   ', 825, 61, 4),
(7505, 'ไร่สะท้อน   ', 825, 61, 4),
(7506, 'ห้วยข้อง   ', 825, 61, 4),
(7507, 'ท่าช้าง   ', 825, 61, 4),
(7508, 'ถ้ำรงค์   ', 825, 61, 4),
(7509, 'ห้วยลึก   ', 825, 61, 4),
(7510, 'บ้านแหลม   ', 826, 61, 4),
(7511, 'บางขุนไทร   ', 826, 61, 4),
(7512, 'ปากทะเล   ', 826, 61, 4),
(7513, 'บางแก้ว   ', 826, 61, 4),
(7514, 'แหลมผักเบี้ย   ', 826, 61, 4),
(7515, 'บางตะบูน   ', 826, 61, 4),
(7516, 'บางตะบูนออก   ', 826, 61, 4),
(7517, 'บางครก   ', 826, 61, 4),
(7518, 'ท่าแร้ง   ', 826, 61, 4),
(7519, 'ท่าแร้งออก   ', 826, 61, 4),
(7520, 'แก่งกระจาน   ', 827, 61, 4),
(7521, 'สองพี่น้อง   ', 827, 61, 4),
(7522, 'วังจันทร์   ', 827, 61, 4),
(7523, 'ป่าเด็ง   ', 827, 61, 4),
(7524, 'พุสวรรค์   ', 827, 61, 4),
(7525, 'ห้วยแม่เพรียง   ', 827, 61, 4),
(7526, 'ประจวบคีรีขันธ์   ', 828, 62, 4),
(7527, 'เกาะหลัก   ', 828, 62, 4),
(7528, 'คลองวาฬ   ', 828, 62, 4),
(7529, 'ห้วยทราย   ', 828, 62, 4),
(7530, 'อ่าวน้อย   ', 828, 62, 4),
(7531, 'บ่อนอก   ', 828, 62, 4),
(7532, 'กุยบุรี   ', 829, 62, 4),
(7533, 'กุยเหนือ   ', 829, 62, 4),
(7534, 'เขาแดง   ', 829, 62, 4),
(7535, 'ดอนยายหนู   ', 829, 62, 4),
(7536, 'ไร่ใหม่*   ', 829, 62, 4),
(7537, 'สามกระทาย   ', 829, 62, 4),
(7538, 'หาดขาม   ', 829, 62, 4),
(7539, 'ทับสะแก   ', 830, 62, 4),
(7540, 'อ่างทอง   ', 830, 62, 4),
(7541, 'นาหูกวาง   ', 830, 62, 4),
(7542, 'เขาล้าน   ', 830, 62, 4),
(7543, 'ห้วยยาง   ', 830, 62, 4),
(7544, 'แสงอรุณ   ', 830, 62, 4),
(7545, 'กำเนิดนพคุณ   ', 831, 62, 4),
(7546, 'พงศ์ประศาสน์   ', 831, 62, 4),
(7547, 'ร่อนทอง   ', 831, 62, 4),
(7548, 'ธงชัย   ', 831, 62, 4),
(7549, 'ชัยเกษม   ', 831, 62, 4),
(7550, 'ทองมงคล   ', 831, 62, 4),
(7551, 'แม่รำพึง   ', 831, 62, 4),
(7552, 'ปากแพรก   ', 832, 62, 4),
(7553, 'บางสะพาน   ', 832, 62, 4),
(7554, 'ทรายทอง   ', 832, 62, 4),
(7555, 'ช้างแรก   ', 832, 62, 4),
(7556, 'ไชยราช   ', 832, 62, 4),
(7557, 'ปราณบุรี   ', 833, 62, 4),
(7558, 'เขาน้อย   ', 833, 62, 4),
(7559, '*ศิลาลอย   ', 833, 62, 4),
(7560, 'ปากน้ำปราณ   ', 833, 62, 4),
(7561, '*สามร้อยยอด   ', 833, 62, 4),
(7562, '*ไร่เก่า   ', 833, 62, 4),
(7563, 'หนองตาแต้ม   ', 833, 62, 4),
(7564, 'วังก์พง   ', 833, 62, 4),
(7565, 'เขาจ้าว   ', 833, 62, 4),
(7566, 'หัวหิน   ', 834, 62, 4),
(7567, 'หนองแก   ', 834, 62, 4),
(7568, 'หินเหล็กไฟ   ', 834, 62, 4),
(7569, 'หนองพลับ   ', 834, 62, 4),
(7570, 'ทับใต้   ', 834, 62, 4),
(7571, 'ห้วยสัตว์ใหญ่   ', 834, 62, 4),
(7572, 'บึงนคร   ', 834, 62, 4),
(7573, 'สามร้อยยอด   ', 835, 62, 4),
(7574, 'ศิลาลอย   ', 835, 62, 4),
(7575, 'ไร่เก่า   ', 835, 62, 4),
(7576, 'ศาลาลัย   ', 835, 62, 4),
(7577, 'ไร่ใหม่   ', 835, 62, 4),
(7578, 'ในเมือง   ', 836, 63, 6),
(7579, 'ท่าวัง   ', 836, 63, 6),
(7580, 'คลัง   ', 836, 63, 6),
(7581, '*นา   ', 836, 63, 6),
(7582, '*ศาลามีชัย   ', 836, 63, 6),
(7583, 'ท่าไร่   ', 836, 63, 6),
(7584, 'ปากนคร   ', 836, 63, 6),
(7585, 'นาทราย   ', 836, 63, 6),
(7586, '*นาพรุ   ', 836, 63, 6),
(7587, '*ช้างซ้าย   ', 836, 63, 6),
(7588, '*นาสาร   ', 836, 63, 6),
(7589, 'กำแพงเซา   ', 836, 63, 6),
(7590, 'ไชยมนตรี   ', 836, 63, 6),
(7591, 'มะม่วงสองต้น   ', 836, 63, 6),
(7592, 'นาเคียน   ', 836, 63, 6),
(7593, 'ท่างิ้ว   ', 836, 63, 6),
(7594, '*ท้ายสำเภา   ', 836, 63, 6),
(7595, 'โพธิ์เสด็จ   ', 836, 63, 6),
(7596, 'บางจาก   ', 836, 63, 6),
(7597, 'ปากพูน   ', 836, 63, 6),
(7598, 'ท่าซัก   ', 836, 63, 6),
(7599, 'ท่าเรือ   ', 836, 63, 6),
(7600, '*อินคีรี   ', 836, 63, 6),
(7601, '*พรหมโลก   ', 836, 63, 6),
(7602, '*ศาลามีชัย   ', 836, 63, 6),
(7603, '*นา   ', 836, 63, 6),
(7604, '*บ้านเกาะ   ', 836, 63, 6),
(7605, 'พรหมโลก   ', 837, 63, 6),
(7606, 'บ้านเกาะ   ', 837, 63, 6),
(7607, 'อินคีรี   ', 837, 63, 6),
(7608, 'ทอนหงส์   ', 837, 63, 6),
(7609, 'นาเรียง   ', 837, 63, 6),
(7610, 'เขาแก้ว   ', 838, 63, 6),
(7611, 'ลานสกา   ', 838, 63, 6),
(7612, 'ท่าดี   ', 838, 63, 6),
(7613, 'กำโลน   ', 838, 63, 6),
(7614, 'ขุนทะเล   ', 838, 63, 6),
(7615, 'ฉวาง   ', 839, 63, 6),
(7616, 'ช้างกลาง*   ', 839, 63, 6),
(7617, 'ละอาย   ', 839, 63, 6),
(7618, 'นาแว   ', 839, 63, 6),
(7619, 'ไม้เรียง   ', 839, 63, 6),
(7620, 'กะเปียด   ', 839, 63, 6),
(7621, 'นากะชะ   ', 839, 63, 6),
(7622, '*ถ้ำพรรณรา   ', 839, 63, 6),
(7623, 'ห้วยปริก   ', 839, 63, 6),
(7624, 'ไสหร้า   ', 839, 63, 6),
(7625, 'หลักช้าง*   ', 839, 63, 6),
(7626, 'สวนขัน*   ', 839, 63, 6),
(7627, '*คลองเส   ', 839, 63, 6),
(7628, '*ดุสิต   ', 839, 63, 6),
(7629, 'นาเขลียง   ', 839, 63, 6),
(7630, 'จันดี   ', 839, 63, 6),
(7631, 'พิปูน   ', 840, 63, 6),
(7632, 'กะทูน   ', 840, 63, 6),
(7633, 'เขาพระ   ', 840, 63, 6),
(7634, 'ยางค้อม   ', 840, 63, 6),
(7635, 'ควนกลาง   ', 840, 63, 6),
(7636, 'เชียรใหญ่   ', 841, 63, 6),
(7637, 'เชียรเขา*   ', 841, 63, 6),
(7638, 'ท่าขนาน   ', 841, 63, 6),
(7639, 'บ้านกลาง   ', 841, 63, 6),
(7640, 'บ้านเนิน   ', 841, 63, 6),
(7641, 'ไสหมาก   ', 841, 63, 6),
(7642, 'ท้องลำเจียก   ', 841, 63, 6),
(7643, 'ดอนตรอ*   ', 841, 63, 6),
(7644, 'สวนหลวง*   ', 841, 63, 6),
(7645, 'เสือหึง   ', 841, 63, 6),
(7646, 'การะเกด   ', 841, 63, 6),
(7647, 'เขาพระบาท   ', 841, 63, 6),
(7648, 'แม่เจ้าอยู่หัว   ', 841, 63, 6),
(7649, 'ชะอวด   ', 842, 63, 6),
(7650, 'ท่าเสม็ด   ', 842, 63, 6),
(7651, 'ท่าประจะ   ', 842, 63, 6),
(7652, 'เคร็ง   ', 842, 63, 6),
(7653, 'วังอ่าง   ', 842, 63, 6),
(7654, 'บ้านตูล   ', 842, 63, 6),
(7655, 'ขอนหาด   ', 842, 63, 6),
(7656, 'เกาะขันธ์   ', 842, 63, 6),
(7657, 'ควนหนองหงษ์   ', 842, 63, 6),
(7658, 'เขาพระทอง   ', 842, 63, 6),
(7659, 'นางหลง   ', 842, 63, 6),
(7660, '*บ้านควนมุด   ', 842, 63, 6),
(7661, '*บ้านชะอวด   ', 842, 63, 6),
(7662, 'ท่าศาลา   ', 843, 63, 6),
(7663, 'กลาย   ', 843, 63, 6),
(7664, 'ท่าขึ้น   ', 843, 63, 6),
(7665, 'หัวตะพาน   ', 843, 63, 6),
(7666, '*กะหรอ   ', 843, 63, 6),
(7667, 'สระแก้ว   ', 843, 63, 6),
(7668, 'โมคลาน   ', 843, 63, 6),
(7669, '*นบพิตำ   ', 843, 63, 6),
(7670, 'ไทยบุรี   ', 843, 63, 6),
(7671, 'ดอนตะโก   ', 843, 63, 6),
(7672, 'ตลิ่งชัน   ', 843, 63, 6),
(7673, '*กรุงชิง   ', 843, 63, 6),
(7674, 'โพธิ์ทอง   ', 843, 63, 6),
(7675, '*นาเหรง   ', 843, 63, 6),
(7676, 'ปากแพรก   ', 844, 63, 6),
(7677, 'ชะมาย   ', 844, 63, 6),
(7678, 'หนองหงส์   ', 844, 63, 6),
(7679, 'ควนกรด   ', 844, 63, 6),
(7680, 'นาไม้ไผ่   ', 844, 63, 6),
(7681, 'นาหลวงเสน   ', 844, 63, 6),
(7682, 'เขาโร   ', 844, 63, 6),
(7683, 'กะปาง   ', 844, 63, 6),
(7684, 'ที่วัง   ', 844, 63, 6),
(7685, 'น้ำตก   ', 844, 63, 6),
(7686, 'ถ้ำใหญ่   ', 844, 63, 6),
(7687, 'นาโพธิ์   ', 844, 63, 6),
(7688, 'เขาขาว   ', 844, 63, 6),
(7689, '*วังหิน   ', 844, 63, 6),
(7690, '*บ้านลำนาว   ', 844, 63, 6),
(7691, '*บางขัน   ', 844, 63, 6),
(7692, '*แก้วแสน   ', 844, 63, 6),
(7693, '*ทุ่งสง   ', 844, 63, 6),
(7694, '*นาบอน   ', 844, 63, 6),
(7695, 'นาบอน   ', 845, 63, 6),
(7696, 'ทุ่งสง   ', 845, 63, 6),
(7697, 'แก้วแสน   ', 845, 63, 6),
(7698, 'ท่ายาง   ', 846, 63, 6),
(7699, 'ทุ่งสัง   ', 846, 63, 6),
(7700, 'ทุ่งใหญ่   ', 846, 63, 6),
(7701, 'กุแหระ   ', 846, 63, 6),
(7702, 'ปริก   ', 846, 63, 6),
(7703, 'บางรูป   ', 846, 63, 6),
(7704, 'กรุงหยัน   ', 846, 63, 6),
(7705, 'ปากพนัง   ', 847, 63, 6),
(7706, 'คลองน้อย   ', 847, 63, 6),
(7707, 'ป่าระกำ   ', 847, 63, 6),
(7708, 'ชะเมา   ', 847, 63, 6),
(7709, 'คลองกระบือ   ', 847, 63, 6),
(7710, 'เกาะทวด   ', 847, 63, 6),
(7711, 'บ้านใหม่   ', 847, 63, 6),
(7712, 'หูล่อง   ', 847, 63, 6),
(7713, 'แหลมตะลุมพุก   ', 847, 63, 6),
(7714, 'ปากพนังฝั่งตะวันตก   ', 847, 63, 6),
(7715, 'บางศาลา   ', 847, 63, 6),
(7716, 'บางพระ   ', 847, 63, 6),
(7717, 'บางตะพง   ', 847, 63, 6),
(7718, 'ปากพนังฝั่งตะวันออก   ', 847, 63, 6),
(7719, 'บ้านเพิง   ', 847, 63, 6),
(7720, 'ท่าพยา   ', 847, 63, 6),
(7721, 'ปากแพรก   ', 847, 63, 6),
(7722, 'ขนาบนาก   ', 847, 63, 6),
(7723, 'ร่อนพิบูลย์   ', 848, 63, 6),
(7724, 'หินตก   ', 848, 63, 6),
(7725, 'เสาธง   ', 848, 63, 6),
(7726, 'ควนเกย   ', 848, 63, 6),
(7727, 'ควนพัง   ', 848, 63, 6),
(7728, 'ควนชุม   ', 848, 63, 6),
(7729, '*สามตำบล   ', 848, 63, 6),
(7730, 'ทางพูน*   ', 848, 63, 6),
(7731, '*นาหมอบุญ   ', 848, 63, 6),
(7732, '*ทุ่งโพธิ์   ', 848, 63, 6),
(7733, '*ควนหนองคว้า   ', 848, 63, 6),
(7734, 'สิชล   ', 849, 63, 6),
(7735, 'ทุ่งปรัง   ', 849, 63, 6),
(7736, 'ฉลอง   ', 849, 63, 6),
(7737, 'เสาเภา   ', 849, 63, 6),
(7738, 'เปลี่ยน   ', 849, 63, 6),
(7739, 'สี่ขีด   ', 849, 63, 6),
(7740, 'เทพราช   ', 849, 63, 6),
(7741, 'เขาน้อย   ', 849, 63, 6),
(7742, 'ทุ่งใส   ', 849, 63, 6),
(7743, 'ขนอม   ', 850, 63, 6),
(7744, 'ควนทอง   ', 850, 63, 6),
(7745, 'ท้องเนียน   ', 850, 63, 6),
(7746, 'หัวไทร   ', 851, 63, 6),
(7747, 'หน้าสตน   ', 851, 63, 6),
(7748, 'ทรายขาว   ', 851, 63, 6),
(7749, 'แหลม   ', 851, 63, 6),
(7750, 'เขาพังไกร   ', 851, 63, 6),
(7751, 'บ้านราม   ', 851, 63, 6),
(7752, 'บางนบ   ', 851, 63, 6);
INSERT INTO `district` (`dis_code`, `DISTRICT_NAME`, `am_code`, `prov_code`, `GEO_ID`) VALUES
(7753, 'ท่าซอม   ', 851, 63, 6),
(7754, 'ควนชะลิก   ', 851, 63, 6),
(7755, 'รามแก้ว   ', 851, 63, 6),
(7756, 'เกาะเพชร   ', 851, 63, 6),
(7757, 'บางขัน   ', 852, 63, 6),
(7758, 'บ้านลำนาว   ', 852, 63, 6),
(7759, 'วังหิน   ', 852, 63, 6),
(7760, 'บ้านนิคม   ', 852, 63, 6),
(7761, 'ถ้ำพรรณรา   ', 853, 63, 6),
(7762, 'คลองเส   ', 853, 63, 6),
(7763, 'ดุสิต   ', 853, 63, 6),
(7764, 'บ้านควนมุด   ', 854, 63, 6),
(7765, 'บ้านชะอวด   ', 854, 63, 6),
(7766, 'ควนหนองคว้า   ', 854, 63, 6),
(7767, 'ทุ่งโพธิ์   ', 854, 63, 6),
(7768, 'นาหมอบุญ   ', 854, 63, 6),
(7769, 'สามตำบล   ', 854, 63, 6),
(7770, 'นาพรุ   ', 855, 63, 6),
(7771, 'นาสาร   ', 855, 63, 6),
(7772, 'ท้ายสำเภา   ', 855, 63, 6),
(7773, 'ช้างซ้าย   ', 855, 63, 6),
(7774, 'นบพิตำ   ', 856, 63, 6),
(7775, 'กรุงชิง   ', 856, 63, 6),
(7776, 'กะหรอ   ', 856, 63, 6),
(7777, 'นาเหรง   ', 856, 63, 6),
(7778, 'ช้างกลาง   ', 857, 63, 6),
(7779, 'หลักช้าง   ', 857, 63, 6),
(7780, 'สวนขัน   ', 857, 63, 6),
(7781, 'เชียรเขา   ', 858, 63, 6),
(7782, 'ดอนตรอ   ', 858, 63, 6),
(7783, 'สวนหลวง   ', 858, 63, 6),
(7784, 'ทางพูน   ', 858, 63, 6),
(7785, 'ปากน้ำ   ', 864, 64, 6),
(7786, 'กระบี่ใหญ่   ', 864, 64, 6),
(7787, 'กระบี่น้อย   ', 864, 64, 6),
(7788, '*เกาะศรีบอยา   ', 864, 64, 6),
(7789, 'เขาคราม   ', 864, 64, 6),
(7790, 'เขาทอง   ', 864, 64, 6),
(7791, '*คลองขนาน   ', 864, 64, 6),
(7792, '*คลองเขม้า   ', 864, 64, 6),
(7793, '*โคกยาง   ', 864, 64, 6),
(7794, '*ตลิ่งชัน   ', 864, 64, 6),
(7795, 'ทับปริก   ', 864, 64, 6),
(7796, '*ปกาสัย   ', 864, 64, 6),
(7797, '*ห้วยยูง   ', 864, 64, 6),
(7798, '*เหนือคลอง   ', 864, 64, 6),
(7799, 'ไสไทย   ', 864, 64, 6),
(7800, 'อ่าวนาง   ', 864, 64, 6),
(7801, 'หนองทะเล   ', 864, 64, 6),
(7802, 'คลองประสงค์   ', 864, 64, 6),
(7803, '*เกาะศรีบายอ   ', 864, 64, 6),
(7804, '*คลองเขม้า   ', 864, 64, 6),
(7805, '*โคกยาง   ', 864, 64, 6),
(7806, '*ห้วยยูง   ', 864, 64, 6),
(7807, '*คลองขนาน   ', 864, 64, 6),
(7808, '*ตลิ่งชัน   ', 864, 64, 6),
(7809, '*ปกาสัย   ', 864, 64, 6),
(7810, '*เหนือคลอง   ', 864, 64, 6),
(7811, 'เขาพนม   ', 865, 64, 6),
(7812, 'เขาดิน   ', 865, 64, 6),
(7813, 'สินปุน   ', 865, 64, 6),
(7814, 'พรุเตียว   ', 865, 64, 6),
(7815, 'หน้าเขา   ', 865, 64, 6),
(7816, 'โคกหาร   ', 865, 64, 6),
(7817, 'เกาะลันตาใหญ่   ', 866, 64, 6),
(7818, 'เกาะลันตาน้อย   ', 866, 64, 6),
(7819, 'เกาะกลาง   ', 866, 64, 6),
(7820, 'คลองยาง   ', 866, 64, 6),
(7821, 'ศาลาด่าน   ', 866, 64, 6),
(7822, 'คลองท่อมใต้   ', 867, 64, 6),
(7823, 'คลองท่อมเหนือ   ', 867, 64, 6),
(7824, 'คลองพน   ', 867, 64, 6),
(7825, 'ทรายขาว   ', 867, 64, 6),
(7826, 'ห้วยน้ำขาว   ', 867, 64, 6),
(7827, 'พรุดินนา   ', 867, 64, 6),
(7828, 'เพหลา   ', 867, 64, 6),
(7829, 'ลำทับ*   ', 867, 64, 6),
(7830, 'อ่าวลึกใต้   ', 868, 64, 6),
(7831, 'แหลมสัก   ', 868, 64, 6),
(7832, 'นาเหนือ   ', 868, 64, 6),
(7833, 'คลองหิน   ', 868, 64, 6),
(7834, 'อ่าวลึกน้อย   ', 868, 64, 6),
(7835, 'อ่าวลึกเหนือ   ', 868, 64, 6),
(7836, 'เขาใหญ่   ', 868, 64, 6),
(7837, 'คลองยา   ', 868, 64, 6),
(7838, 'บ้านกลาง   ', 868, 64, 6),
(7839, '*เขาเขน   ', 868, 64, 6),
(7840, '*เขาต่อ   ', 868, 64, 6),
(7841, '*ปลายพระยา   ', 868, 64, 6),
(7842, 'ปลายพระยา   ', 869, 64, 6),
(7843, 'เขาเขน   ', 869, 64, 6),
(7844, 'เขาต่อ   ', 869, 64, 6),
(7845, 'คีรีวง   ', 869, 64, 6),
(7846, 'ลำทับ   ', 870, 64, 6),
(7847, 'ดินอุดม   ', 870, 64, 6),
(7848, 'ทุ่งไทรทอง   ', 870, 64, 6),
(7849, 'ดินแดง   ', 870, 64, 6),
(7850, 'เหนือคลอง   ', 871, 64, 6),
(7851, 'เกาะศรีบอยา   ', 871, 64, 6),
(7852, 'คลองขนาน   ', 871, 64, 6),
(7853, 'คลองเขม้า   ', 871, 64, 6),
(7854, 'โคกยาง   ', 871, 64, 6),
(7855, 'ตลิ่งชัน   ', 871, 64, 6),
(7856, 'ปกาสัย   ', 871, 64, 6),
(7857, 'ห้วยยูง   ', 871, 64, 6),
(7858, 'ท้ายช้าง   ', 872, 65, 6),
(7859, 'นบปริง   ', 872, 65, 6),
(7860, 'ถ้ำน้ำผุด   ', 872, 65, 6),
(7861, 'บางเตย   ', 872, 65, 6),
(7862, 'ตากแดด   ', 872, 65, 6),
(7863, 'สองแพรก   ', 872, 65, 6),
(7864, 'ทุ่งคาโงก   ', 872, 65, 6),
(7865, 'เกาะปันหยี   ', 872, 65, 6),
(7866, 'ป่ากอ   ', 872, 65, 6),
(7867, '*เกาะยาวใหญ่   ', 872, 65, 6),
(7868, '*เกาะยาวน้อย   ', 872, 65, 6),
(7869, 'เกาะยาวน้อย   ', 873, 65, 6),
(7870, 'เกาะยาวใหญ่   ', 873, 65, 6),
(7871, 'พรุใน   ', 873, 65, 6),
(7872, 'กะปง   ', 874, 65, 6),
(7873, 'ท่านา   ', 874, 65, 6),
(7874, 'เหมาะ   ', 874, 65, 6),
(7875, 'เหล   ', 874, 65, 6),
(7876, 'รมณีย์   ', 874, 65, 6),
(7877, 'ถ้ำ   ', 875, 65, 6),
(7878, 'กระโสม   ', 875, 65, 6),
(7879, 'กะไหล   ', 875, 65, 6),
(7880, 'ท่าอยู่   ', 875, 65, 6),
(7881, 'หล่อยูง   ', 875, 65, 6),
(7882, 'โคกกลอย   ', 875, 65, 6),
(7883, 'คลองเคียน   ', 875, 65, 6),
(7884, 'ตะกั่วป่า   ', 876, 65, 6),
(7885, 'บางนายสี   ', 876, 65, 6),
(7886, 'บางไทร   ', 876, 65, 6),
(7887, 'บางม่วง   ', 876, 65, 6),
(7888, 'ตำตัว   ', 876, 65, 6),
(7889, 'โคกเคียน   ', 876, 65, 6),
(7890, 'คึกคัก   ', 876, 65, 6),
(7891, 'เกาะคอเขา   ', 876, 65, 6),
(7892, 'คุระ   ', 877, 65, 6),
(7893, 'บางวัน   ', 877, 65, 6),
(7894, 'เกาะพระทอง   ', 877, 65, 6),
(7895, '*เกาะคอเขา   ', 877, 65, 6),
(7896, 'แม่นางขาว   ', 877, 65, 6),
(7897, 'ทับปุด   ', 878, 65, 6),
(7898, 'มะรุ่ย   ', 878, 65, 6),
(7899, 'บ่อแสน   ', 878, 65, 6),
(7900, 'ถ้ำทองหลาง   ', 878, 65, 6),
(7901, 'โคกเจริญ   ', 878, 65, 6),
(7902, 'บางเหรียง   ', 878, 65, 6),
(7903, 'ท้ายเหมือง   ', 879, 65, 6),
(7904, 'นาเตย   ', 879, 65, 6),
(7905, 'บางทอง   ', 879, 65, 6),
(7906, 'ทุ่งมะพร้าว   ', 879, 65, 6),
(7907, 'ลำภี   ', 879, 65, 6),
(7908, 'ลำแก่น   ', 879, 65, 6),
(7909, 'ตลาดใหญ่   ', 880, 66, 6),
(7910, 'ตลาดเหนือ   ', 880, 66, 6),
(7911, 'เกาะแก้ว   ', 880, 66, 6),
(7912, 'รัษฎา   ', 880, 66, 6),
(7913, 'วิชิต   ', 880, 66, 6),
(7914, 'ฉลอง   ', 880, 66, 6),
(7915, 'ราไวย์   ', 880, 66, 6),
(7916, 'กะรน   ', 880, 66, 6),
(7917, 'กะทู้   ', 881, 66, 6),
(7918, 'ป่าตอง   ', 881, 66, 6),
(7919, 'กมลา   ', 881, 66, 6),
(7920, 'เทพกระษัตรี   ', 882, 66, 6),
(7921, 'ศรีสุนทร   ', 882, 66, 6),
(7922, 'เชิงทะเล   ', 882, 66, 6),
(7923, 'ป่าคลอก   ', 882, 66, 6),
(7924, 'ไม้ขาว   ', 882, 66, 6),
(7925, 'สาคู   ', 882, 66, 6),
(7926, 'ตลาด   ', 884, 67, 6),
(7927, 'มะขามเตี้ย   ', 884, 67, 6),
(7928, 'วัดประดู่   ', 884, 67, 6),
(7929, 'ขุนทะเล   ', 884, 67, 6),
(7930, 'บางใบไม้   ', 884, 67, 6),
(7931, 'บางชนะ   ', 884, 67, 6),
(7932, 'คลองน้อย   ', 884, 67, 6),
(7933, 'บางไทร   ', 884, 67, 6),
(7934, 'บางโพธิ์   ', 884, 67, 6),
(7935, 'บางกุ้ง   ', 884, 67, 6),
(7936, 'คลองฉนาก   ', 884, 67, 6),
(7937, 'ท่าทองใหม่   ', 885, 67, 6),
(7938, 'ท่าทอง   ', 885, 67, 6),
(7939, 'กะแดะ   ', 885, 67, 6),
(7940, 'ทุ่งกง   ', 885, 67, 6),
(7941, 'กรูด   ', 885, 67, 6),
(7942, 'ช้างซ้าย   ', 885, 67, 6),
(7943, 'พลายวาส   ', 885, 67, 6),
(7944, 'ป่าร่อน   ', 885, 67, 6),
(7945, 'ตะเคียนทอง   ', 885, 67, 6),
(7946, 'ช้างขวา   ', 885, 67, 6),
(7947, 'ท่าอุแท   ', 885, 67, 6),
(7948, 'ทุ่งรัง   ', 885, 67, 6),
(7949, 'คลองสระ   ', 885, 67, 6),
(7950, 'ดอนสัก   ', 886, 67, 6),
(7951, 'ชลคราม   ', 886, 67, 6),
(7952, 'ไชยคราม   ', 886, 67, 6),
(7953, 'ปากแพรก   ', 886, 67, 6),
(7954, 'อ่างทอง   ', 887, 67, 6),
(7955, 'ลิปะน้อย   ', 887, 67, 6),
(7956, 'ตลิ่งงาม   ', 887, 67, 6),
(7957, 'หน้าเมือง   ', 887, 67, 6),
(7958, 'มะเร็ต   ', 887, 67, 6),
(7959, 'บ่อผุด   ', 887, 67, 6),
(7960, 'แม่น้ำ   ', 887, 67, 6),
(7961, 'เกาะพะงัน   ', 888, 67, 6),
(7962, 'บ้านใต้   ', 888, 67, 6),
(7963, 'เกาะเต่า   ', 888, 67, 6),
(7964, 'ตลาดไชยา   ', 889, 67, 6),
(7965, 'พุมเรียง   ', 889, 67, 6),
(7966, 'เลม็ด   ', 889, 67, 6),
(7967, 'เวียง   ', 889, 67, 6),
(7968, 'ทุ่ง   ', 889, 67, 6),
(7969, 'ป่าเว   ', 889, 67, 6),
(7970, 'ตะกรบ   ', 889, 67, 6),
(7971, 'โมถ่าย   ', 889, 67, 6),
(7972, 'ปากหมาก   ', 889, 67, 6),
(7973, 'ท่าชนะ   ', 890, 67, 6),
(7974, 'สมอทอง   ', 890, 67, 6),
(7975, 'ประสงค์   ', 890, 67, 6),
(7976, 'คันธุลี   ', 890, 67, 6),
(7977, 'วัง   ', 890, 67, 6),
(7978, 'คลองพา   ', 890, 67, 6),
(7979, 'ท่าขนอน   ', 891, 67, 6),
(7980, 'บ้านยาง   ', 891, 67, 6),
(7981, 'น้ำหัก   ', 891, 67, 6),
(7982, '*ตะกุกใต้   ', 891, 67, 6),
(7983, '*ตะกุกเหนือ   ', 891, 67, 6),
(7984, 'กะเปา   ', 891, 67, 6),
(7985, 'ท่ากระดาน   ', 891, 67, 6),
(7986, 'ย่านยาว   ', 891, 67, 6),
(7987, 'ถ้ำสิงขร   ', 891, 67, 6),
(7988, 'บ้านทำเนียบ   ', 891, 67, 6),
(7989, '*ตะกุดใต้   ', 891, 67, 6),
(7990, 'เขาวง   ', 892, 67, 6),
(7991, 'พะแสง   ', 892, 67, 6),
(7992, 'พรุไทย   ', 892, 67, 6),
(7993, 'เขาพัง   ', 892, 67, 6),
(7994, '*ไกรสร   ', 892, 67, 6),
(7995, 'พนม   ', 893, 67, 6),
(7996, 'ต้นยวน   ', 893, 67, 6),
(7997, 'คลองศก   ', 893, 67, 6),
(7998, 'พลูเถื่อน   ', 893, 67, 6),
(7999, 'พังกาญจน์   ', 893, 67, 6),
(8000, 'คลองชะอุ่น   ', 893, 67, 6),
(8001, 'ท่าฉาง   ', 894, 67, 6),
(8002, 'ท่าเคย   ', 894, 67, 6),
(8003, 'คลองไทร   ', 894, 67, 6),
(8004, 'เขาถ่าน   ', 894, 67, 6),
(8005, 'เสวียด   ', 894, 67, 6),
(8006, 'ปากฉลุย   ', 894, 67, 6),
(8007, 'นาสาร   ', 895, 67, 6),
(8008, 'พรุพี   ', 895, 67, 6),
(8009, 'ทุ่งเตา   ', 895, 67, 6),
(8010, 'ลำพูน   ', 895, 67, 6),
(8011, 'ท่าชี   ', 895, 67, 6),
(8012, 'ควนศรี   ', 895, 67, 6),
(8013, 'ควนสุบรรณ   ', 895, 67, 6),
(8014, 'คลองปราบ   ', 895, 67, 6),
(8015, 'น้ำพุ   ', 895, 67, 6),
(8016, 'ทุ่งเตาใหม่   ', 895, 67, 6),
(8017, 'เพิ่มพูนทรัพย์   ', 895, 67, 6),
(8018, '*ท่าเรือ   ', 895, 67, 6),
(8019, '*บ้านนา   ', 895, 67, 6),
(8020, 'บ้านนา   ', 896, 67, 6),
(8021, 'ท่าเรือ   ', 896, 67, 6),
(8022, 'ทรัพย์ทวี   ', 896, 67, 6),
(8023, 'นาใต้   ', 896, 67, 6),
(8024, 'เคียนซา   ', 897, 67, 6),
(8025, 'พ่วงพรมคร   ', 897, 67, 6),
(8026, 'เขาตอก   ', 897, 67, 6),
(8027, 'อรัญคามวารี   ', 897, 67, 6),
(8028, 'บ้านเสด็จ   ', 897, 67, 6),
(8029, 'เวียงสระ   ', 898, 67, 6),
(8030, 'บ้านส้อง   ', 898, 67, 6),
(8031, 'คลองฉนวน   ', 898, 67, 6),
(8032, 'ทุ่งหลวง   ', 898, 67, 6),
(8033, 'เขานิพันธ์   ', 898, 67, 6),
(8034, 'อิปัน   ', 899, 67, 6),
(8035, 'สินปุน   ', 899, 67, 6),
(8036, 'บางสวรรค์   ', 899, 67, 6),
(8037, 'ไทรขึง   ', 899, 67, 6),
(8038, 'สินเจริญ   ', 899, 67, 6),
(8039, 'ไทรโสภา   ', 899, 67, 6),
(8040, 'สาคู   ', 899, 67, 6),
(8041, '*ชัยบุรี   ', 899, 67, 6),
(8042, '*สองแพรก   ', 899, 67, 6),
(8043, 'ท่าข้าม   ', 900, 67, 6),
(8044, 'ท่าสะท้อน   ', 900, 67, 6),
(8045, 'ลีเล็ด   ', 900, 67, 6),
(8046, 'บางมะเดื่อ   ', 900, 67, 6),
(8047, 'บางเดือน   ', 900, 67, 6),
(8048, 'ท่าโรงช้าง   ', 900, 67, 6),
(8049, 'กรูด   ', 900, 67, 6),
(8050, 'พุนพิน   ', 900, 67, 6),
(8051, 'บางงอน   ', 900, 67, 6),
(8052, 'ศรีวิชัย   ', 900, 67, 6),
(8053, 'น้ำรอบ   ', 900, 67, 6),
(8054, 'มะลวน   ', 900, 67, 6),
(8055, 'หัวเตย   ', 900, 67, 6),
(8056, 'หนองไทร   ', 900, 67, 6),
(8057, 'เขาหัวควาย   ', 900, 67, 6),
(8058, 'ตะปาน   ', 900, 67, 6),
(8059, '*คลองไทร   ', 900, 67, 6),
(8060, 'สองแพรก   ', 901, 67, 6),
(8061, 'ชัยบุรี   ', 901, 67, 6),
(8062, 'คลองน้อย   ', 901, 67, 6),
(8063, 'ไทรทอง   ', 901, 67, 6),
(8064, 'ตะกุกใต้   ', 902, 67, 6),
(8065, 'ตะกุกเหนือ   ', 902, 67, 6),
(8066, 'เขานิเวศน์   ', 905, 68, 6),
(8067, 'ราชกรูด   ', 905, 68, 6),
(8068, 'หงาว   ', 905, 68, 6),
(8069, 'บางริ้น   ', 905, 68, 6),
(8070, 'ปากน้ำ   ', 905, 68, 6),
(8071, 'บางนอน   ', 905, 68, 6),
(8072, 'หาดส้มแป้น   ', 905, 68, 6),
(8073, 'ทรายแดง   ', 905, 68, 6),
(8074, 'เกาะพยาม   ', 905, 68, 6),
(8075, 'ละอุ่นใต้   ', 906, 68, 6),
(8076, 'ละอุ่นเหนือ   ', 906, 68, 6),
(8077, 'บางพระใต้   ', 906, 68, 6),
(8078, 'บางพระเหนือ   ', 906, 68, 6),
(8079, 'บางแก้ว   ', 906, 68, 6),
(8080, 'ในวงเหนือ   ', 906, 68, 6),
(8081, 'ในวงใต้   ', 906, 68, 6),
(8082, 'ม่วงกลวง   ', 907, 68, 6),
(8083, 'กะเปอร์   ', 907, 68, 6),
(8084, 'เชี่ยวเหลียง   ', 907, 68, 6),
(8085, 'บ้านนา   ', 907, 68, 6),
(8086, 'บางหิน   ', 907, 68, 6),
(8087, '*นาคา   ', 907, 68, 6),
(8088, '*กำพวน   ', 907, 68, 6),
(8089, 'น้ำจืด   ', 908, 68, 6),
(8090, 'น้ำจืดน้อย   ', 908, 68, 6),
(8091, 'มะมุ   ', 908, 68, 6),
(8092, 'ปากจั่น   ', 908, 68, 6),
(8093, 'ลำเลียง   ', 908, 68, 6),
(8094, 'จ.ป.ร.   ', 908, 68, 6),
(8095, 'บางใหญ่   ', 908, 68, 6),
(8096, 'นาคา   ', 909, 68, 6),
(8097, 'กำพวน   ', 909, 68, 6),
(8098, 'ท่าตะเภา   ', 910, 69, 6),
(8099, 'ปากน้ำ   ', 910, 69, 6),
(8100, 'ท่ายาง   ', 910, 69, 6),
(8101, 'บางหมาก   ', 910, 69, 6),
(8102, 'นาทุ่ง   ', 910, 69, 6),
(8103, 'นาชะอัง   ', 910, 69, 6),
(8104, 'ตากแดด   ', 910, 69, 6),
(8105, 'บางลึก   ', 910, 69, 6),
(8106, 'หาดพันไกร   ', 910, 69, 6),
(8107, 'วังไผ่   ', 910, 69, 6),
(8108, 'วังใหม่   ', 910, 69, 6),
(8109, 'บ้านนา   ', 910, 69, 6),
(8110, 'ขุนกระทิง   ', 910, 69, 6),
(8111, 'ทุ่งคา   ', 910, 69, 6),
(8112, 'วิสัยเหนือ   ', 910, 69, 6),
(8113, 'หาดทรายรี   ', 910, 69, 6),
(8114, 'ถ้ำสิงห์   ', 910, 69, 6),
(8115, 'ท่าแซะ   ', 911, 69, 6),
(8116, 'คุริง   ', 911, 69, 6),
(8117, 'สลุย   ', 911, 69, 6),
(8118, 'นากระตาม   ', 911, 69, 6),
(8119, 'รับร่อ   ', 911, 69, 6),
(8120, 'ท่าข้าม   ', 911, 69, 6),
(8121, 'หงษ์เจริญ   ', 911, 69, 6),
(8122, 'หินแก้ว   ', 911, 69, 6),
(8123, 'ทรัพย์อนันต์   ', 911, 69, 6),
(8124, 'สองพี่น้อง   ', 911, 69, 6),
(8125, 'บางสน   ', 912, 69, 6),
(8126, 'ทะเลทรัพย์   ', 912, 69, 6),
(8127, 'สะพลี   ', 912, 69, 6),
(8128, 'ชุมโค   ', 912, 69, 6),
(8129, 'ดอนยาง   ', 912, 69, 6),
(8130, 'ปากคลอง   ', 912, 69, 6),
(8131, 'เขาไชยราช   ', 912, 69, 6),
(8132, 'หลังสวน   ', 913, 69, 6),
(8133, 'ขันเงิน   ', 913, 69, 6),
(8134, 'ท่ามะพลา   ', 913, 69, 6),
(8135, 'นาขา   ', 913, 69, 6),
(8136, 'นาพญา   ', 913, 69, 6),
(8137, 'บ้านควน   ', 913, 69, 6),
(8138, 'บางมะพร้าว   ', 913, 69, 6),
(8139, 'บางน้ำจืด   ', 913, 69, 6),
(8140, 'ปากน้ำ   ', 913, 69, 6),
(8141, 'พ้อแดง   ', 913, 69, 6),
(8142, 'แหลมทราย   ', 913, 69, 6),
(8143, 'วังตะกอ   ', 913, 69, 6),
(8144, 'หาดยาย   ', 913, 69, 6),
(8145, 'ละแม   ', 914, 69, 6),
(8146, 'ทุ่งหลวง   ', 914, 69, 6),
(8147, 'สวนแตง   ', 914, 69, 6),
(8148, 'ทุ่งคาวัด   ', 914, 69, 6),
(8149, 'พะโต๊ะ   ', 915, 69, 6),
(8150, 'ปากทรง   ', 915, 69, 6),
(8151, 'ปังหวาน   ', 915, 69, 6),
(8152, 'พระรักษ์   ', 915, 69, 6),
(8153, 'นาโพธิ์   ', 916, 69, 6),
(8154, 'สวี   ', 916, 69, 6),
(8155, 'ทุ่งระยะ   ', 916, 69, 6),
(8156, 'ท่าหิน   ', 916, 69, 6),
(8157, 'ปากแพรก   ', 916, 69, 6),
(8158, 'ด่านสวี   ', 916, 69, 6),
(8159, 'ครน   ', 916, 69, 6),
(8160, 'วิสัยใต้   ', 916, 69, 6),
(8161, 'นาสัก   ', 916, 69, 6),
(8162, 'เขาทะลุ   ', 916, 69, 6),
(8163, 'เขาค่าย   ', 916, 69, 6),
(8164, 'ปากตะโก   ', 917, 69, 6),
(8165, 'ทุ่งตะไคร   ', 917, 69, 6),
(8166, 'ตะโก   ', 917, 69, 6),
(8167, 'ช่องไม้แก้ว   ', 917, 69, 6),
(8168, 'บ่อยาง   ', 918, 70, 6),
(8169, 'เขารูปช้าง   ', 918, 70, 6),
(8170, 'เกาะแต้ว   ', 918, 70, 6),
(8171, 'พะวง   ', 918, 70, 6),
(8172, 'ทุ่งหวัง   ', 918, 70, 6),
(8173, 'เกาะยอ   ', 918, 70, 6),
(8174, '*ชิงโค   ', 918, 70, 6),
(8175, '*สทิงหม้อ   ', 918, 70, 6),
(8176, '*ทำนบ   ', 918, 70, 6),
(8177, '*รำแดง   ', 918, 70, 6),
(8178, '*วัดขนุน   ', 918, 70, 6),
(8179, '*ชะแล้   ', 918, 70, 6),
(8180, '*ปากรอ   ', 918, 70, 6),
(8181, '*ป่าขาด   ', 918, 70, 6),
(8182, '*หัวเขา   ', 918, 70, 6),
(8183, '*บางเขียด   ', 918, 70, 6),
(8184, '*ม่วงงาม   ', 918, 70, 6),
(8185, '*ปากรอ   ', 918, 70, 6),
(8186, '*ทำนบ   ', 918, 70, 6),
(8187, '*ชลเจริญ   ', 918, 70, 6),
(8188, '*ม่วงงาม   ', 918, 70, 6),
(8189, '*หัวเขา   ', 918, 70, 6),
(8190, '*ชะแล้   ', 918, 70, 6),
(8191, '*วัดขนุน   ', 918, 70, 6),
(8192, '*สทิงหม้อ   ', 918, 70, 6),
(8193, '*บางเขียด   ', 918, 70, 6),
(8194, '*ป่าขาด   ', 918, 70, 6),
(8195, '*รำแดง   ', 918, 70, 6),
(8196, '*ชิงโค   ', 918, 70, 6),
(8197, 'จะทิ้งพระ   ', 919, 70, 6),
(8198, 'กระดังงา   ', 919, 70, 6),
(8199, 'สนามชัย   ', 919, 70, 6),
(8200, 'ดีหลวง   ', 919, 70, 6),
(8201, 'ชุมพล   ', 919, 70, 6),
(8202, 'คลองรี   ', 919, 70, 6),
(8203, 'คูขุด   ', 919, 70, 6),
(8204, 'ท่าหิน   ', 919, 70, 6),
(8205, 'วัดจันทร์   ', 919, 70, 6),
(8206, 'บ่อแดง   ', 919, 70, 6),
(8207, 'บ่อดาน   ', 919, 70, 6),
(8208, 'บ้านนา   ', 920, 70, 6),
(8209, 'ป่าชิง   ', 920, 70, 6),
(8210, 'สะพานไม้แก่น   ', 920, 70, 6),
(8211, 'สะกอม   ', 920, 70, 6),
(8212, 'นาหว้า   ', 920, 70, 6),
(8213, 'นาทับ   ', 920, 70, 6),
(8214, 'น้ำขาว   ', 920, 70, 6),
(8215, 'ขุนตัดหวาย   ', 920, 70, 6),
(8216, 'ท่าหมอไทร   ', 920, 70, 6),
(8217, 'จะโหนง   ', 920, 70, 6),
(8218, 'คู   ', 920, 70, 6),
(8219, 'แค   ', 920, 70, 6),
(8220, 'คลองเปียะ   ', 920, 70, 6),
(8221, 'ตลิ่งชัน   ', 920, 70, 6),
(8222, 'นาทวี   ', 921, 70, 6),
(8223, 'ฉาง   ', 921, 70, 6),
(8224, 'นาหมอศรี   ', 921, 70, 6),
(8225, 'คลองทราย   ', 921, 70, 6),
(8226, 'ปลักหนู   ', 921, 70, 6),
(8227, 'ท่าประดู่   ', 921, 70, 6),
(8228, 'สะท้อน   ', 921, 70, 6),
(8229, 'ทับช้าง   ', 921, 70, 6),
(8230, 'ประกอบ   ', 921, 70, 6),
(8231, 'คลองกวาง   ', 921, 70, 6),
(8232, 'เทพา   ', 922, 70, 6),
(8233, 'ปากบาง   ', 922, 70, 6),
(8234, 'เกาะสะบ้า   ', 922, 70, 6),
(8235, 'ลำไพล   ', 922, 70, 6),
(8236, 'ท่าม่วง   ', 922, 70, 6),
(8237, 'วังใหญ่   ', 922, 70, 6),
(8238, 'สะกอม   ', 922, 70, 6),
(8239, 'สะบ้าย้อย   ', 923, 70, 6),
(8240, 'ทุ่งพอ   ', 923, 70, 6),
(8241, 'เปียน   ', 923, 70, 6),
(8242, 'บ้านโหนด   ', 923, 70, 6),
(8243, 'จะแหน   ', 923, 70, 6),
(8244, 'คูหา   ', 923, 70, 6),
(8245, 'เขาแดง   ', 923, 70, 6),
(8246, 'บาโหย   ', 923, 70, 6),
(8247, 'ธารคีรี   ', 923, 70, 6),
(8248, 'ระโนด   ', 924, 70, 6),
(8249, 'คลองแดน   ', 924, 70, 6),
(8250, 'ตะเครียะ   ', 924, 70, 6),
(8251, 'ท่าบอน   ', 924, 70, 6),
(8252, 'บ้านใหม่   ', 924, 70, 6),
(8253, 'บ่อตรุ   ', 924, 70, 6),
(8254, 'ปากแตระ   ', 924, 70, 6),
(8255, 'พังยาง   ', 924, 70, 6),
(8256, 'ระวะ   ', 924, 70, 6),
(8257, 'วัดสน   ', 924, 70, 6),
(8258, 'บ้านขาว   ', 924, 70, 6),
(8259, 'แดนสงวน   ', 924, 70, 6),
(8260, '*เชิงแส   ', 924, 70, 6),
(8261, '*โรง   ', 924, 70, 6),
(8262, '*เกาะใหญ่   ', 924, 70, 6),
(8263, 'เกาะใหญ่   ', 925, 70, 6),
(8264, 'โรง   ', 925, 70, 6),
(8265, 'เชิงแส   ', 925, 70, 6),
(8266, 'กระแสสินธุ์   ', 925, 70, 6),
(8267, 'กำแพงเพชร   ', 926, 70, 6),
(8268, 'ท่าชะมวง   ', 926, 70, 6),
(8269, 'คูหาใต้   ', 926, 70, 6),
(8270, 'ควนรู   ', 926, 70, 6),
(8271, '*ควนโส   ', 926, 70, 6),
(8272, '*รัตภูมิ   ', 926, 70, 6),
(8273, '*บางเหรียง   ', 926, 70, 6),
(8274, '*ห้วยลึก   ', 926, 70, 6),
(8275, 'เขาพระ   ', 926, 70, 6),
(8276, '*บางเหรี่ยง   ', 926, 70, 6),
(8277, '*ห้วยลึก   ', 926, 70, 6),
(8278, '*ควนโส   ', 926, 70, 6),
(8279, '*รัตนภูมิ   ', 926, 70, 6),
(8280, 'สะเดา   ', 927, 70, 6),
(8281, 'ปริก   ', 927, 70, 6),
(8282, 'พังลา   ', 927, 70, 6),
(8283, 'สำนักแต้ว   ', 927, 70, 6),
(8284, 'ทุ่งหมอ   ', 927, 70, 6),
(8285, 'ท่าโพธิ์   ', 927, 70, 6),
(8286, 'ปาดังเบซาร์   ', 927, 70, 6),
(8287, 'สำนักขาม   ', 927, 70, 6),
(8288, 'เขามีเกียรติ   ', 927, 70, 6),
(8289, 'หาดใหญ่   ', 928, 70, 6),
(8290, 'ควนลัง   ', 928, 70, 6),
(8291, 'คูเต่า   ', 928, 70, 6),
(8292, 'คอหงส์   ', 928, 70, 6),
(8293, 'คลองแห   ', 928, 70, 6),
(8294, 'คลองหอยโข่ง*   ', 928, 70, 6),
(8295, 'คลองอู่ตะเภา   ', 928, 70, 6),
(8296, 'ฉลุง   ', 928, 70, 6),
(8297, 'ทุ่งลาน*   ', 928, 70, 6),
(8298, 'ท่าช้าง*   ', 928, 70, 6),
(8299, 'ทุ่งใหญ่   ', 928, 70, 6),
(8300, 'ทุ่งตำเสา   ', 928, 70, 6),
(8301, 'ท่าข้าม   ', 928, 70, 6),
(8302, 'น้ำน้อย   ', 928, 70, 6),
(8303, '*บางกล่ำ   ', 928, 70, 6),
(8304, 'บ้านพรุ   ', 928, 70, 6),
(8305, '*บ้านหาร   ', 928, 70, 6),
(8306, 'พะตง   ', 928, 70, 6),
(8307, '*แม่ทอม   ', 928, 70, 6),
(8308, '*โคกม่วง   ', 928, 70, 6),
(8309, '*ทุ่งลาน   ', 928, 70, 6),
(8310, '*คลองหอยโข่ง   ', 928, 70, 6),
(8311, '*บ้านหาร   ', 928, 70, 6),
(8312, '*แม่ทอม   ', 928, 70, 6),
(8313, '*ท่าช้าง   ', 928, 70, 6),
(8314, '*บางกล่ำ   ', 928, 70, 6),
(8315, '*คลองหรัง   ', 928, 70, 6),
(8316, '*ทุ่งขมิ้น   ', 928, 70, 6),
(8317, '*พิจิตร   ', 928, 70, 6),
(8318, '*นาหม่อม   ', 928, 70, 6),
(8319, 'นาหม่อม   ', 929, 70, 6),
(8320, 'พิจิตร   ', 929, 70, 6),
(8321, 'ทุ่งขมิ้น   ', 929, 70, 6),
(8322, 'คลองหรัง   ', 929, 70, 6),
(8323, 'รัตภูมิ   ', 930, 70, 6),
(8324, 'ควนโส   ', 930, 70, 6),
(8325, 'ห้วยลึก   ', 930, 70, 6),
(8326, 'บางเหรียง   ', 930, 70, 6),
(8327, 'บางกล่ำ   ', 931, 70, 6),
(8328, 'ท่าช้าง   ', 931, 70, 6),
(8329, 'แม่ทอม   ', 931, 70, 6),
(8330, 'บ้านหาร   ', 931, 70, 6),
(8331, 'ชิงโค   ', 932, 70, 6),
(8332, 'สทิงหม้อ   ', 932, 70, 6),
(8333, 'ทำนบ   ', 932, 70, 6),
(8334, 'รำแดง   ', 932, 70, 6),
(8335, 'วัดขนุน   ', 932, 70, 6),
(8336, 'ชะแล้   ', 932, 70, 6),
(8337, 'ปากรอ   ', 932, 70, 6),
(8338, 'ป่าขาด   ', 932, 70, 6),
(8339, 'หัวเขา   ', 932, 70, 6),
(8340, 'บางเขียด   ', 932, 70, 6),
(8341, 'ม่วงงาม   ', 932, 70, 6),
(8342, 'คลองหอยโข่ง   ', 933, 70, 6),
(8343, 'ทุ่งลาน   ', 933, 70, 6),
(8344, 'โคกม่วง   ', 933, 70, 6),
(8345, 'คลองหลา   ', 933, 70, 6),
(8346, 'สำนักขาม*   ', 934, 70, 6),
(8347, 'พิมาน   ', 936, 71, 6),
(8348, 'คลองขุด   ', 936, 71, 6),
(8349, 'ควนขัน   ', 936, 71, 6),
(8350, 'บ้านควน   ', 936, 71, 6),
(8351, 'ฉลุง   ', 936, 71, 6),
(8352, 'เกาะสาหร่าย   ', 936, 71, 6),
(8353, 'ตันหยงโป   ', 936, 71, 6),
(8354, 'เจ๊ะบิลัง   ', 936, 71, 6),
(8355, 'ตำมะลัง   ', 936, 71, 6),
(8356, 'ปูยู   ', 936, 71, 6),
(8357, 'ควนโพธิ์   ', 936, 71, 6),
(8358, 'เกตรี   ', 936, 71, 6),
(8359, '*ท่าแพ   ', 936, 71, 6),
(8360, 'ควนโดน   ', 937, 71, 6),
(8361, 'ควนสตอ   ', 937, 71, 6),
(8362, 'ย่านซื่อ   ', 937, 71, 6),
(8363, 'วังประจัน   ', 937, 71, 6),
(8364, 'ทุ่งนุ้ย   ', 938, 71, 6),
(8365, 'ควนกาหลง   ', 938, 71, 6),
(8366, 'อุใดเจริญ   ', 938, 71, 6),
(8367, 'นิคมพัฒนา*   ', 938, 71, 6),
(8368, 'ปาล์มพัฒนา*   ', 938, 71, 6),
(8369, 'ท่าแพ   ', 939, 71, 6),
(8370, 'แป-ระ   ', 939, 71, 6),
(8371, 'สาคร   ', 939, 71, 6),
(8372, 'ท่าเรือ   ', 939, 71, 6),
(8373, 'กำแพง   ', 940, 71, 6),
(8374, 'ละงู   ', 940, 71, 6),
(8375, 'เขาขาว   ', 940, 71, 6),
(8376, 'ปากน้ำ   ', 940, 71, 6),
(8377, 'น้ำผุด   ', 940, 71, 6),
(8378, 'แหลมสน   ', 940, 71, 6),
(8379, 'ทุ่งหว้า   ', 941, 71, 6),
(8380, 'นาทอน   ', 941, 71, 6),
(8381, 'ขอนคลาน   ', 941, 71, 6),
(8382, 'ทุ่งบุหลัง   ', 941, 71, 6),
(8383, 'ป่าแก่บ่อหิน   ', 941, 71, 6),
(8384, 'ปาล์มพัฒนา   ', 942, 71, 6),
(8385, 'นิคมพัฒนา   ', 942, 71, 6),
(8386, 'ทับเที่ยง   ', 943, 72, 6),
(8387, '*โคกสะบ้า   ', 943, 72, 6),
(8388, '*ละมอ   ', 943, 72, 6),
(8389, 'นาพละ   ', 943, 72, 6),
(8390, 'บ้านควน   ', 943, 72, 6),
(8391, 'นาบินหลา   ', 943, 72, 6),
(8392, 'ควนปริง   ', 943, 72, 6),
(8393, 'นาโยงใต้   ', 943, 72, 6),
(8394, 'บางรัก   ', 943, 72, 6),
(8395, 'โคกหล่อ   ', 943, 72, 6),
(8396, '*นาข้าวเสีย   ', 943, 72, 6),
(8397, '*นาหมื่นศรี   ', 943, 72, 6),
(8398, 'นาโต๊ะหมิง   ', 943, 72, 6),
(8399, 'หนองตรุด   ', 943, 72, 6),
(8400, 'น้ำผุด   ', 943, 72, 6),
(8401, '*นาโยงเหนือ   ', 943, 72, 6),
(8402, 'นาตาล่วง   ', 943, 72, 6),
(8403, 'บ้านโพธิ์   ', 943, 72, 6),
(8404, 'นาท่ามเหนือ   ', 943, 72, 6),
(8405, 'นาท่ามใต้   ', 943, 72, 6),
(8406, '*ช่อง   ', 943, 72, 6),
(8407, '*นาข้าวเสีย   ', 943, 72, 6),
(8408, '*โคกสะบ้า   ', 943, 72, 6),
(8409, '*ละมอ   ', 943, 72, 6),
(8410, '*นาหมื่นศรี   ', 943, 72, 6),
(8411, '*ช่อง   ', 943, 72, 6),
(8412, '*นาโยงเหนือ   ', 943, 72, 6),
(8413, 'กันตัง   ', 944, 72, 6),
(8414, 'ควนธานี   ', 944, 72, 6),
(8415, 'บางหมาก   ', 944, 72, 6),
(8416, 'บางเป้า   ', 944, 72, 6),
(8417, 'วังวน   ', 944, 72, 6),
(8418, 'กันตังใต้   ', 944, 72, 6),
(8419, 'โคกยาง   ', 944, 72, 6),
(8420, 'คลองลุ   ', 944, 72, 6),
(8421, 'ย่านซื่อ   ', 944, 72, 6),
(8422, 'บ่อน้ำร้อน   ', 944, 72, 6),
(8423, 'บางสัก   ', 944, 72, 6),
(8424, 'นาเกลือ   ', 944, 72, 6),
(8425, 'เกาะลิบง   ', 944, 72, 6),
(8426, 'คลองชีล้อม   ', 944, 72, 6),
(8427, 'ย่านตาขาว   ', 945, 72, 6),
(8428, 'หนองบ่อ   ', 945, 72, 6),
(8429, 'นาชุมเห็ด   ', 945, 72, 6),
(8430, 'ในควน   ', 945, 72, 6),
(8431, 'โพรงจระเข้   ', 945, 72, 6),
(8432, 'ทุ่งกระบือ   ', 945, 72, 6),
(8433, 'ทุ่งค่าย   ', 945, 72, 6),
(8434, 'เกาะเปียะ   ', 945, 72, 6),
(8435, 'ท่าข้าม   ', 946, 72, 6),
(8436, 'ทุ่งยาว   ', 946, 72, 6),
(8437, 'ปะเหลียน   ', 946, 72, 6),
(8438, 'บางด้วน   ', 946, 72, 6),
(8439, '*หาดสำราญ   ', 946, 72, 6),
(8440, '*ตะเสะ   ', 946, 72, 6),
(8441, 'บ้านนา   ', 946, 72, 6),
(8442, '*บ้าหวี   ', 946, 72, 6),
(8443, 'สุโสะ   ', 946, 72, 6),
(8444, 'ลิพัง   ', 946, 72, 6),
(8445, 'เกาะสุกร   ', 946, 72, 6),
(8446, 'ท่าพญา   ', 946, 72, 6),
(8447, 'แหลมสอม   ', 946, 72, 6),
(8448, 'บ่อหิน   ', 947, 72, 6),
(8449, 'เขาไม้แก้ว   ', 947, 72, 6),
(8450, 'กะลาเส   ', 947, 72, 6),
(8451, 'ไม้ฝาด   ', 947, 72, 6),
(8452, 'นาเมืองเพชร   ', 947, 72, 6),
(8453, '*ท่าสะบ้า   ', 947, 72, 6),
(8454, '*สิเกา   ', 947, 72, 6),
(8455, '*อ่าวตง   ', 947, 72, 6),
(8456, '*วังมะปราง   ', 947, 72, 6),
(8457, '*เขาวิเศษ   ', 947, 72, 6),
(8458, 'ห้วยยอด   ', 948, 72, 6),
(8459, 'หนองช้างแล่น   ', 948, 72, 6),
(8460, '*หนองปรือ   ', 948, 72, 6),
(8461, '*หนองบัว   ', 948, 72, 6),
(8462, 'บางดี   ', 948, 72, 6),
(8463, 'บางกุ้ง   ', 948, 72, 6),
(8464, 'เขากอบ   ', 948, 72, 6),
(8465, 'เขาขาว   ', 948, 72, 6),
(8466, 'เขาปูน   ', 948, 72, 6),
(8467, 'ปากแจ่ม   ', 948, 72, 6),
(8468, 'ปากคม   ', 948, 72, 6),
(8469, '*คลองปาง   ', 948, 72, 6),
(8470, '*ควนเมา   ', 948, 72, 6),
(8471, 'ท่างิ้ว   ', 948, 72, 6),
(8472, 'ลำภูรา   ', 948, 72, 6),
(8473, 'นาวง   ', 948, 72, 6),
(8474, 'ห้วยนาง   ', 948, 72, 6),
(8475, '*เขาไพร   ', 948, 72, 6),
(8476, 'ในเตา   ', 948, 72, 6),
(8477, 'ทุ่งต่อ   ', 948, 72, 6),
(8478, 'วังคีรี   ', 948, 72, 6),
(8479, '*หนองปรือ   ', 948, 72, 6),
(8480, '*หนองบัว   ', 948, 72, 6),
(8481, '*คลองปาง   ', 948, 72, 6),
(8482, '*ควนเมา   ', 948, 72, 6),
(8483, 'เขาวิเศษ   ', 949, 72, 6),
(8484, 'วังมะปราง   ', 949, 72, 6),
(8485, 'อ่าวตง   ', 949, 72, 6),
(8486, 'ท่าสะบ้า   ', 949, 72, 6),
(8487, 'วังมะปรางเหนือ   ', 949, 72, 6),
(8488, 'นาโยงเหนือ   ', 950, 72, 6),
(8489, 'ช่อง   ', 950, 72, 6),
(8490, 'ละมอ   ', 950, 72, 6),
(8491, 'โคกสะบ้า   ', 950, 72, 6),
(8492, 'นาหมื่นศรี   ', 950, 72, 6),
(8493, 'นาข้าวเสีย   ', 950, 72, 6),
(8494, 'ควนเมา   ', 951, 72, 6),
(8495, 'คลองปาง   ', 951, 72, 6),
(8496, 'หนองบัว   ', 951, 72, 6),
(8497, 'หนองปรือ   ', 951, 72, 6),
(8498, 'เขาไพร   ', 951, 72, 6),
(8499, 'หาดสำราญ   ', 952, 72, 6),
(8500, 'บ้าหวี   ', 952, 72, 6),
(8501, 'ตะเสะ   ', 952, 72, 6),
(8502, 'คูหาสวรรค์   ', 954, 73, 6),
(8503, 'บ้านนา*   ', 954, 73, 6),
(8504, 'เขาเจียก   ', 954, 73, 6),
(8505, 'ท่ามิหรำ   ', 954, 73, 6),
(8506, 'โคกชะงาย   ', 954, 73, 6),
(8507, 'นาท่อม   ', 954, 73, 6),
(8508, 'ปรางหมู่   ', 954, 73, 6),
(8509, 'ท่าแค   ', 954, 73, 6),
(8510, 'ลำปำ   ', 954, 73, 6),
(8511, 'ตำนาน   ', 954, 73, 6),
(8512, 'ควนมะพร้าว   ', 954, 73, 6),
(8513, 'ร่มเมือง   ', 954, 73, 6),
(8514, 'ชัยบุรี   ', 954, 73, 6),
(8515, 'นาโหนด   ', 954, 73, 6),
(8516, 'พญาขัน   ', 954, 73, 6),
(8517, 'ลำสินธุ์*   ', 954, 73, 6),
(8518, 'อ่างทอง*   ', 954, 73, 6),
(8519, 'ชุมพล*   ', 954, 73, 6),
(8520, 'กงหรา   ', 955, 73, 6),
(8521, 'ชะรัด   ', 955, 73, 6),
(8522, 'คลองเฉลิม   ', 955, 73, 6),
(8523, 'คลองทรายขาว   ', 955, 73, 6),
(8524, 'สมหวัง   ', 955, 73, 6),
(8525, 'เขาชัยสน   ', 956, 73, 6),
(8526, 'ควนขนุน   ', 956, 73, 6),
(8527, '*ท่ามะเดื่อ   ', 956, 73, 6),
(8528, '*นาปะขอ   ', 956, 73, 6),
(8529, 'จองถนน   ', 956, 73, 6),
(8530, 'หานโพธิ์   ', 956, 73, 6),
(8531, 'โคกม่วง   ', 956, 73, 6),
(8532, '*โคกสัก   ', 956, 73, 6),
(8533, '*นาปะขอ   ', 956, 73, 6),
(8534, '*คลองใหญ่   ', 956, 73, 6),
(8535, '*ตะโหมด   ', 956, 73, 6),
(8536, '*ท่ามะเดื่อ   ', 956, 73, 6),
(8537, '*แม่ขรี   ', 956, 73, 6),
(8538, 'แม่ขรี   ', 957, 73, 6),
(8539, 'ตะโหมด   ', 957, 73, 6),
(8540, 'คลองใหญ่   ', 957, 73, 6),
(8541, 'ควนขนุน   ', 958, 73, 6),
(8542, 'ทะเลน้อย   ', 958, 73, 6),
(8543, '*เกาะเต่า   ', 958, 73, 6),
(8544, 'นาขยาด   ', 958, 73, 6),
(8545, 'พนมวังก์   ', 958, 73, 6),
(8546, 'แหลมโตนด   ', 958, 73, 6),
(8547, '*ป่าพะยอม   ', 958, 73, 6),
(8548, 'ปันแต   ', 958, 73, 6),
(8549, 'โตนดด้วน   ', 958, 73, 6),
(8550, 'ดอนทราย   ', 958, 73, 6),
(8551, 'มะกอกเหนือ   ', 958, 73, 6),
(8552, 'พนางตุง   ', 958, 73, 6),
(8553, 'ชะมวง   ', 958, 73, 6),
(8554, '*บ้านพร้าว   ', 958, 73, 6),
(8555, '*ลานข่อย   ', 958, 73, 6),
(8556, 'แพรกหา   ', 958, 73, 6),
(8557, '*คำไผ่   ', 958, 73, 6),
(8558, '*คำเตย   ', 958, 73, 6),
(8559, '*ส้มผ่อ   ', 958, 73, 6),
(8560, '*ป่าพะยอม   ', 958, 73, 6),
(8561, 'ปากพะยูน   ', 959, 73, 6),
(8562, 'ดอนประดู่   ', 959, 73, 6),
(8563, 'เกาะนางคำ   ', 959, 73, 6),
(8564, 'เกาะหมาก   ', 959, 73, 6),
(8565, 'ฝาละมี   ', 959, 73, 6),
(8566, 'หารเทา   ', 959, 73, 6),
(8567, 'ดอนทราย   ', 959, 73, 6),
(8568, '*หนองแซง   ', 959, 73, 6),
(8569, '*โคกทราย   ', 959, 73, 6),
(8570, '*ป่าบอน   ', 959, 73, 6),
(8571, 'เขาย่า   ', 960, 73, 6),
(8572, 'เขาปู่   ', 960, 73, 6),
(8573, 'ตะแพน   ', 960, 73, 6),
(8574, 'ป่าบอน   ', 961, 73, 6),
(8575, 'โคกทราย   ', 961, 73, 6),
(8576, 'หนองธง   ', 961, 73, 6),
(8577, 'ทุ่งนารี   ', 961, 73, 6),
(8578, 'วังใหม่   ', 961, 73, 6),
(8579, 'ท่ามะเดื่อ   ', 962, 73, 6),
(8580, 'นาปะขอ   ', 962, 73, 6),
(8581, 'โคกสัก   ', 962, 73, 6),
(8582, 'ป่าพะยอม   ', 963, 73, 6),
(8583, 'ลานข่อย   ', 963, 73, 6),
(8584, 'เกาะเต่า   ', 963, 73, 6),
(8585, 'บ้านพร้าว   ', 963, 73, 6),
(8586, 'ชุมพล   ', 964, 73, 6),
(8587, 'บ้านนา   ', 964, 73, 6),
(8588, 'อ่างทอง   ', 964, 73, 6),
(8589, 'ลำสินธุ์   ', 964, 73, 6),
(8590, 'สะบารัง   ', 965, 74, 6),
(8591, 'อาเนาะรู   ', 965, 74, 6),
(8592, 'จะบังติกอ   ', 965, 74, 6),
(8593, 'บานา   ', 965, 74, 6),
(8594, 'ตันหยงลุโละ   ', 965, 74, 6),
(8595, 'คลองมานิง   ', 965, 74, 6),
(8596, 'กะมิยอ   ', 965, 74, 6),
(8597, 'บาราโหม   ', 965, 74, 6),
(8598, 'ปะกาฮะรัง   ', 965, 74, 6),
(8599, 'รูสะมิแล   ', 965, 74, 6),
(8600, 'ตะลุโบะ   ', 965, 74, 6),
(8601, 'บาราเฮาะ   ', 965, 74, 6),
(8602, 'ปุยุด   ', 965, 74, 6),
(8603, 'โคกโพธิ์   ', 966, 74, 6),
(8604, 'มะกรูด   ', 966, 74, 6),
(8605, 'บางโกระ   ', 966, 74, 6),
(8606, 'ป่าบอน   ', 966, 74, 6),
(8607, 'ทรายขาว   ', 966, 74, 6),
(8608, 'นาประดู่   ', 966, 74, 6),
(8609, 'ปากล่อ   ', 966, 74, 6),
(8610, 'ทุ่งพลา   ', 966, 74, 6),
(8611, '*แม่ลาน   ', 966, 74, 6),
(8612, '*ป่าไร่   ', 966, 74, 6),
(8613, 'ท่าเรือ   ', 966, 74, 6),
(8614, '*ม่วงเตี้ย   ', 966, 74, 6),
(8615, 'นาเกตุ   ', 966, 74, 6),
(8616, 'ควนโนรี   ', 966, 74, 6),
(8617, 'ช้างให้ตก   ', 966, 74, 6),
(8618, 'เกาะเปาะ   ', 967, 74, 6),
(8619, 'คอลอตันหยง   ', 967, 74, 6),
(8620, 'ดอนรัก   ', 967, 74, 6),
(8621, 'ดาโต๊ะ   ', 967, 74, 6),
(8622, 'ตุยง   ', 967, 74, 6),
(8623, 'ท่ากำชำ   ', 967, 74, 6),
(8624, 'บ่อทอง   ', 967, 74, 6),
(8625, 'บางเขา   ', 967, 74, 6),
(8626, 'บางตาวา   ', 967, 74, 6),
(8627, 'ปุโละปุโย   ', 967, 74, 6),
(8628, 'ยาบี   ', 967, 74, 6),
(8629, 'ลิปะสะโง   ', 967, 74, 6),
(8630, 'ปะนาเระ   ', 968, 74, 6),
(8631, 'ท่าข้าม   ', 968, 74, 6),
(8632, 'บ้านนอก   ', 968, 74, 6),
(8633, 'ดอน   ', 968, 74, 6),
(8634, 'ควน   ', 968, 74, 6),
(8635, 'ท่าน้ำ   ', 968, 74, 6),
(8636, 'คอกกระบือ   ', 968, 74, 6),
(8637, 'พ่อมิ่ง   ', 968, 74, 6),
(8638, 'บ้านกลาง   ', 968, 74, 6),
(8639, 'บ้านน้ำบ่อ   ', 968, 74, 6),
(8640, 'มายอ   ', 969, 74, 6),
(8641, 'ถนน   ', 969, 74, 6),
(8642, 'ตรัง   ', 969, 74, 6),
(8643, 'กระหวะ   ', 969, 74, 6),
(8644, 'ลุโบะยิไร   ', 969, 74, 6),
(8645, 'ลางา   ', 969, 74, 6),
(8646, 'กระเสาะ   ', 969, 74, 6),
(8647, 'เกาะจัน   ', 969, 74, 6),
(8648, 'ปะโด   ', 969, 74, 6),
(8649, 'สาคอบน   ', 969, 74, 6),
(8650, 'สาคอใต้   ', 969, 74, 6),
(8651, 'สะกำ   ', 969, 74, 6),
(8652, 'ปานัน   ', 969, 74, 6),
(8653, 'ตะโละแมะนา   ', 970, 74, 6),
(8654, 'พิเทน   ', 970, 74, 6),
(8655, 'น้ำดำ   ', 970, 74, 6),
(8656, 'ปากู   ', 970, 74, 6),
(8657, 'ตะลุบัน   ', 971, 74, 6),
(8658, 'ตะบิ้ง   ', 971, 74, 6),
(8659, 'ปะเสยะวอ   ', 971, 74, 6),
(8660, 'บางเก่า   ', 971, 74, 6),
(8661, 'บือเระ   ', 971, 74, 6),
(8662, 'เตราะบอน   ', 971, 74, 6),
(8663, 'กะดุนง   ', 971, 74, 6),
(8664, 'ละหาร   ', 971, 74, 6),
(8665, 'มะนังดาลำ   ', 971, 74, 6),
(8666, 'แป้น   ', 971, 74, 6),
(8667, 'ทุ่งคล้า   ', 971, 74, 6),
(8668, 'ไทรทอง   ', 972, 74, 6),
(8669, 'ไม้แก่น   ', 972, 74, 6),
(8670, 'ตะโละไกรทอง   ', 972, 74, 6),
(8671, 'ดอนทราย   ', 972, 74, 6),
(8672, 'ตะโละ   ', 973, 74, 6),
(8673, 'ตะโละกาโปร์   ', 973, 74, 6),
(8674, 'ตันหยงดาลอ   ', 973, 74, 6),
(8675, 'ตันหยงจึงงา   ', 973, 74, 6),
(8676, 'ตอหลัง   ', 973, 74, 6),
(8677, 'ตาแกะ   ', 973, 74, 6),
(8678, 'ตาลีอายร์   ', 973, 74, 6),
(8679, 'ยามู   ', 973, 74, 6),
(8680, 'บางปู   ', 973, 74, 6),
(8681, 'หนองแรต   ', 973, 74, 6),
(8682, 'ปิยามุมัง   ', 973, 74, 6),
(8683, 'ปุลากง   ', 973, 74, 6),
(8684, 'บาโลย   ', 973, 74, 6),
(8685, 'สาบัน   ', 973, 74, 6),
(8686, 'มะนังยง   ', 973, 74, 6),
(8687, 'ราตาปันยัง   ', 973, 74, 6),
(8688, 'จะรัง   ', 973, 74, 6),
(8689, 'แหลมโพธิ์   ', 973, 74, 6),
(8690, 'ยะรัง   ', 974, 74, 6),
(8691, 'สะดาวา   ', 974, 74, 6),
(8692, 'ประจัน   ', 974, 74, 6),
(8693, 'สะนอ   ', 974, 74, 6),
(8694, 'ระแว้ง   ', 974, 74, 6),
(8695, 'ปิตูมุดี   ', 974, 74, 6),
(8696, 'วัด   ', 974, 74, 6),
(8697, 'กระโด   ', 974, 74, 6),
(8698, 'คลองใหม่   ', 974, 74, 6),
(8699, 'เมาะมาวี   ', 974, 74, 6),
(8700, 'กอลำ   ', 974, 74, 6),
(8701, 'เขาตูม   ', 974, 74, 6),
(8702, 'กะรุบี   ', 975, 74, 6),
(8703, 'ตะโละดือรามัน   ', 975, 74, 6),
(8704, 'ปล่องหอย   ', 975, 74, 6),
(8705, 'แม่ลาน   ', 976, 74, 6),
(8706, 'ม่วงเตี้ย   ', 976, 74, 6),
(8707, 'ป่าไร่   ', 976, 74, 6),
(8708, 'สะเตง   ', 977, 75, 6),
(8709, 'บุดี   ', 977, 75, 6),
(8710, 'ยุโป   ', 977, 75, 6),
(8711, 'ลิดล   ', 977, 75, 6),
(8712, '*ปุโรง   ', 977, 75, 6),
(8713, 'ยะลา   ', 977, 75, 6),
(8714, '*สะเอะ   ', 977, 75, 6),
(8715, 'ท่าสาป   ', 977, 75, 6),
(8716, 'ลำใหม่   ', 977, 75, 6),
(8717, 'หน้าถ้ำ   ', 977, 75, 6),
(8718, 'ลำพะยา   ', 977, 75, 6),
(8719, 'เปาะเส้ง   ', 977, 75, 6),
(8720, '*กรงปินัง   ', 977, 75, 6),
(8721, 'พร่อน   ', 977, 75, 6),
(8722, 'บันนังสาเรง   ', 977, 75, 6),
(8723, 'สะเตงนอก   ', 977, 75, 6),
(8724, '*ห้วยกระทิง   ', 977, 75, 6),
(8725, 'ตาเซะ   ', 977, 75, 6),
(8726, 'เบตง   ', 978, 75, 6),
(8727, 'ยะรม   ', 978, 75, 6),
(8728, 'ตาเนาะแมเราะ   ', 978, 75, 6),
(8729, 'อัยเยอร์เวง   ', 978, 75, 6),
(8730, 'ธารน้ำทิพย์   ', 978, 75, 6),
(8731, 'บันนังสตา   ', 979, 75, 6),
(8732, 'บาเจาะ   ', 979, 75, 6),
(8733, 'ตาเนาะปูเต๊ะ   ', 979, 75, 6),
(8734, 'ถ้ำทะลุ   ', 979, 75, 6),
(8735, 'ตลิ่งชัน   ', 979, 75, 6),
(8736, 'เขื่อนบางลาง   ', 979, 75, 6),
(8737, '*แม่หวาด   ', 979, 75, 6),
(8738, '*บ้านแหร   ', 979, 75, 6),
(8739, '*ธารโต   ', 979, 75, 6),
(8740, 'ธารโต   ', 980, 75, 6),
(8741, 'บ้านแหร   ', 980, 75, 6),
(8742, 'แม่หวาด   ', 980, 75, 6),
(8743, 'คีรีเขต   ', 980, 75, 6),
(8744, 'ยะหา   ', 981, 75, 6),
(8745, 'ละแอ   ', 981, 75, 6),
(8746, 'ปะแต   ', 981, 75, 6),
(8747, 'บาโร๊ะ   ', 981, 75, 6),
(8748, '*กาบัง   ', 981, 75, 6),
(8749, 'ตาชี   ', 981, 75, 6),
(8750, 'บาโงยซิแน   ', 981, 75, 6),
(8751, 'กาตอง   ', 981, 75, 6),
(8752, '*บาละ   ', 981, 75, 6),
(8753, '*กาบัง   ', 981, 75, 6),
(8754, 'กายูบอเกาะ   ', 982, 75, 6),
(8755, 'กาลูปัง   ', 982, 75, 6),
(8756, 'กาลอ   ', 982, 75, 6),
(8757, 'กอตอตือร๊ะ   ', 982, 75, 6),
(8758, 'โกตาบารู   ', 982, 75, 6),
(8759, 'เกะรอ   ', 982, 75, 6),
(8760, 'จะกว๊ะ   ', 982, 75, 6),
(8761, 'ท่าธง   ', 982, 75, 6),
(8762, 'เนินงาม   ', 982, 75, 6),
(8763, 'บาลอ   ', 982, 75, 6),
(8764, 'บาโงย   ', 982, 75, 6),
(8765, 'บือมัง   ', 982, 75, 6),
(8766, 'ยะต๊ะ   ', 982, 75, 6),
(8767, 'วังพญา   ', 982, 75, 6),
(8768, 'อาซ่อง   ', 982, 75, 6),
(8769, 'ตะโล๊ะหะลอ   ', 982, 75, 6),
(8770, 'กาบัง   ', 983, 75, 6),
(8771, 'บาละ   ', 983, 75, 6),
(8772, 'กรงปินัง   ', 984, 75, 6),
(8773, 'สะเอะ   ', 984, 75, 6),
(8774, 'ห้วยกระทิง   ', 984, 75, 6),
(8775, 'ปุโรง   ', 984, 75, 6),
(8776, 'บางนาค   ', 985, 76, 6),
(8777, 'ลำภู   ', 985, 76, 6),
(8778, 'มะนังตายอ   ', 985, 76, 6),
(8779, 'บางปอ   ', 985, 76, 6),
(8780, 'กะลุวอ   ', 985, 76, 6),
(8781, 'กะลุวอเหนือ   ', 985, 76, 6),
(8782, 'โคกเคียน   ', 985, 76, 6),
(8783, 'เจ๊ะเห   ', 986, 76, 6),
(8784, 'ไพรวัน   ', 986, 76, 6),
(8785, 'พร่อน   ', 986, 76, 6),
(8786, 'ศาลาใหม่   ', 986, 76, 6),
(8787, 'บางขุนทอง   ', 986, 76, 6),
(8788, 'เกาะสะท้อน   ', 986, 76, 6),
(8789, 'นานาค   ', 986, 76, 6),
(8790, 'โฆษิต   ', 986, 76, 6),
(8791, 'บาเจาะ   ', 987, 76, 6),
(8792, 'ลุโบะสาวอ   ', 987, 76, 6),
(8793, 'กาเยาะมาตี   ', 987, 76, 6),
(8794, 'ปะลุกาสาเมาะ   ', 987, 76, 6),
(8795, 'บาเระเหนือ   ', 987, 76, 6),
(8796, 'บาเระใต้   ', 987, 76, 6),
(8797, 'ยี่งอ   ', 988, 76, 6),
(8798, 'ละหาร   ', 988, 76, 6),
(8799, 'จอเบาะ   ', 988, 76, 6),
(8800, 'ลุโบะบายะ   ', 988, 76, 6),
(8801, 'ลุโบะบือซา   ', 988, 76, 6),
(8802, 'ตะปอเยาะ   ', 988, 76, 6),
(8803, 'ตันหยงมัส   ', 989, 76, 6),
(8804, 'ตันหยงลิมอ   ', 989, 76, 6),
(8805, '*จวบ   ', 989, 76, 6),
(8806, '*มะรือโบตะวันออก   ', 989, 76, 6),
(8807, '*บูกิต   ', 989, 76, 6),
(8808, 'บองอ   ', 989, 76, 6),
(8809, 'กาลิซา   ', 989, 76, 6),
(8810, 'บาโงสะโต   ', 989, 76, 6),
(8811, 'เฉลิม   ', 989, 76, 6),
(8812, 'มะรือโบตก   ', 989, 76, 6),
(8813, '*ดุซงญอ   ', 989, 76, 6),
(8814, '*จะแนะ   ', 989, 76, 6),
(8815, 'รือเสาะ   ', 990, 76, 6),
(8816, 'สาวอ   ', 990, 76, 6),
(8817, 'เรียง   ', 990, 76, 6),
(8818, 'สามัคคี   ', 990, 76, 6),
(8819, 'บาตง   ', 990, 76, 6),
(8820, 'ลาโละ   ', 990, 76, 6),
(8821, 'รือเสาะออก   ', 990, 76, 6),
(8822, 'โคกสะตอ   ', 990, 76, 6),
(8823, 'สุวารี   ', 990, 76, 6),
(8824, '*ตะมะยูง   ', 990, 76, 6),
(8825, '*ชากอ   ', 990, 76, 6),
(8826, 'ซากอ   ', 991, 76, 6),
(8827, 'ตะมะยูง   ', 991, 76, 6),
(8828, 'ศรีสาคร   ', 991, 76, 6),
(8829, 'เชิงคีรี   ', 991, 76, 6),
(8830, 'กาหลง   ', 991, 76, 6),
(8831, 'ศรีบรรพต   ', 991, 76, 6),
(8832, 'แว้ง   ', 992, 76, 6),
(8833, 'กายูคละ   ', 992, 76, 6),
(8834, 'ฆอเลาะ   ', 992, 76, 6),
(8835, 'โละจูด   ', 992, 76, 6),
(8836, 'แม่ดง   ', 992, 76, 6),
(8837, 'เอราวัณ   ', 992, 76, 6),
(8838, '*มาโม   ', 992, 76, 6),
(8839, 'มาโมง   ', 993, 76, 6),
(8840, 'สุคิริน   ', 993, 76, 6),
(8841, 'เกียร์   ', 993, 76, 6),
(8842, 'ภูเขาทอง   ', 993, 76, 6),
(8843, 'ร่มไทร   ', 993, 76, 6),
(8844, 'สุไหงโก-ลก   ', 994, 76, 6),
(8845, 'ปาเสมัส   ', 994, 76, 6),
(8846, 'มูโนะ   ', 994, 76, 6),
(8847, 'ปูโยะ   ', 994, 76, 6),
(8848, 'ปะลุรู   ', 995, 76, 6),
(8849, 'สุไหงปาดี   ', 995, 76, 6),
(8850, 'โต๊ะเด็ง   ', 995, 76, 6),
(8851, 'สากอ   ', 995, 76, 6),
(8852, 'ริโก๋   ', 995, 76, 6),
(8853, 'กาวะ   ', 995, 76, 6),
(8854, 'จะแนะ   ', 996, 76, 6),
(8855, 'ดุซงญอ   ', 996, 76, 6),
(8856, 'ผดุงมาตร   ', 996, 76, 6),
(8857, 'ช้างเผือก   ', 996, 76, 6),
(8858, 'จวบ   ', 997, 76, 6),
(8859, 'บูกิต   ', 997, 76, 6),
(8860, 'มะรือโบออก   ', 997, 76, 6);

-- --------------------------------------------------------

--
-- Table structure for table `geography`
--

CREATE TABLE `geography` (
  `GEO_ID` int(1) NOT NULL,
  `GEO_NAME` varchar(255) COLLATE utf8_unicode_ci NOT NULL
) ENGINE=MyISAM DEFAULT CHARSET=utf8 COLLATE=utf8_unicode_ci;

--
-- Dumping data for table `geography`
--

INSERT INTO `geography` (`GEO_ID`, `GEO_NAME`) VALUES
(1, 'ภาคเหนือ'),
(2, 'ภาคกลาง'),
(3, 'ภาคตะวันออกเฉียงเหนือ'),
(4, 'ภาคตะวันตก'),
(5, 'ภาคตะวันออก'),
(6, 'ภาคใต้');

-- --------------------------------------------------------

--
-- Table structure for table `homeless`
--

CREATE TABLE `homeless` (
  `hl_code` char(7) NOT NULL,
  `hl_id` char(13) NOT NULL,
  `hl_fname` varchar(30) NOT NULL,
  `hl_lname` varchar(30) NOT NULL,
  `hl_sex` varchar(5) NOT NULL,
  `hl_bday` varchar(30) NOT NULL,
  `hl_location` varchar(200) NOT NULL,
  `hl_status` varchar(30) NOT NULL,
  `age_code` char(3) NOT NULL COMMENT 'refer to age',
  `lastjob_code` char(3) NOT NULL COMMENT 'refer to lastjob',
  `ad_code` char(8) NOT NULL COMMENT 'refer to address',
  `n_code` char(8) NOT NULL COMMENT 'refer to native',
  `img_id` char(5) NOT NULL COMMENT 'refer to imagehomeless'
) ENGINE=InnoDB DEFAULT CHARSET=utf8;

--
-- Dumping data for table `homeless`
--

INSERT INTO `homeless` (`hl_code`, `hl_id`, `hl_fname`, `hl_lname`, `hl_sex`, `hl_bday`, `hl_location`, `hl_status`, `age_code`, `lastjob_code`, `ad_code`, `n_code`, `img_id`) VALUES
('HL00001', '', 'วารี', 'สายน้ำ', 'หญิง', '08/03/2539', '', '', 'A02', 'J08', 'AD000001', 'N000001', ''),
('HL00002', '', 'มารินี', '', 'หญิง', '', '', '', 'A04', 'J03', 'AD000002', 'N000002', ''),
('HL00003', '1456633256487', 'ยาวี', 'วรนา', 'หญิง', '16/04/2514', '', '', 'A03', 'J05', 'AD000003', 'N000003', ''),
('HL00004', '', 'วารียา', 'นพ', 'หญิง', '', '', '', 'A03', 'J01', 'AD000004', 'N000004', ''),
('HL00007', '', '', '', 'ชาย', '', '', '', 'A03', 'J08', 'AD000007', 'N000007', ''),
('HL00008', '', '', '', 'ชาย', '', '', '', 'A03', 'J03', 'AD000008', 'N000008', ''),
('HL00009', '', '', '', 'ชาย', '', '', '', 'A02', 'J07', 'AD000009', 'N000009', ''),
('HL00010', '', 'สุรเชษ', 'นพเก้า', 'ชาย', '', 'ขอนแก่น ประเทศไทย', '', 'A04', 'J03', 'AD000010', 'N000010', ''),
('HL00011', '', 'มานา', 'มานี', 'ชาย', '07/02/2533', 'ถนน บ้านโนนม่วง เทศบาลนครขอนแก่น ขอนแก่น ประเทศไทย', '', 'A03', 'J02', 'AD000011', 'N000011', ''),
('HL00013', '', 'ไพร', 'พนา', 'หญิง', '', 'ถนน กลางเมือง เทศบาลนครขอนแก่น ขอนแก่น ประเทศไทย', '', 'A03', 'J08', 'AD000018', 'N000013', ''),
('HL00014', '', 'รา', 'สา', 'หญิง', '', 'ถนน บ้านโนนม่วง เทศบาลนครขอนแก่น ขอนแก่น ประเทศไทย', '', 'A04', 'J03', 'AD000019', 'N000014', ''),
('HL00015', '', 'สส', 'วว', 'หญิง', '', 'โรงเรียนสาธิต ตำบล ศิลา ขอนแก่น ประเทศไทย', '', 'A04', 'J03', 'AD000021', 'N000015', ''),
('HL00016', '', 'สส', 'สส', 'หญิง', '', 'ถนน บ้านโนนม่วง เทศบาลนครขอนแก่น ขอนแก่น ประเทศไทย', '', 'A04', 'J03', 'AD000022', 'N000016', ''),
('HL00017', '', 'นลัทพร', 'โอษฐิเวช', 'หญิง', '', 'ถนน คสล. บ้านโนนม่วง เทศบาลนครขอนแก่น ขอนแก่น ประเทศไทย', '', 'A03', '', 'AD000023', 'N000017', ''),
('HL00018', '', 'วรารี', 'โมเม', 'หญิง', '', 'ถนน กลางเมือง เทศบาลนครขอนแก่น ขอนแก่น ประเทศไทย', '', 'A02', '', 'AD000024', 'N000018', ''),
('HL00019', '', 'ดดดด', 'ดดดด', 'หญิง', '', 'ถนน คสล. บ้านโนนม่วง เทศบาลนครขอนแก่น ขอนแก่น ประเทศไทย', '', 'A03', '', 'AD000025', 'N000019', ''),
('HL00020', '', '', '', '', '', 'ถนน ประชาสโมสร เทศบาลนครขอนแก่น ขอนแก่น ประเทศไทย', '', '', '', '', '', ''),
('HL00021', '', '', '', '', '', 'ถนน ประชาสโมสร เทศบาลนครขอนแก่น ขอนแก่น ประเทศไทย', '', '', '', '', '', ''),
('HL00022', '', '', '', '', '', 'ขอนแก่น ซอยหน้าเมือง ตำบล ในเมือง ขอนแก่น ประเทศไทย', '', '', '', '', '', ''),
('HL00023', '', '', '', '', '', 'ซอย มหาวิทยาลัย เทศบาลนครขอนแก่น ขอนแก่น ประเทศไทย', '', '', '', '', '', ''),
('HL00024', '', '', '', '', '', 'ซอย มหาวิทยาลัย เทศบาลนครขอนแก่น ขอนแก่น ประเทศไทย', '', '', '', '', '', ''),
('HL00025', '', '', '', '', '', 'คณะวิศวกรรมศาสตร์ ตำบล คลองหก ปทุมธานี ประเทศไทย', '', '', '', '', '', ''),
('HL00026', '', '', '', '', '', 'ร้อยเอ็ด ประเทศไทย', '', '', '', '', '', ''),
('HL00027', '', '', '', '', '', 'ร้อยเอ็ด ประเทศไทย', '', '', '', '', '', ''),
('HL00028', '', 'มาโนด', 'สารวถี', 'ชาย', '', 'ขอนแก่น', '', 'A04', 'J03', 'AD000026', 'N000020', ''),
('HL00029', '', '', '', '', '', 'ซอย 5 ตำบล ในเมือง ขอนแก่น  ', '', '', '', '', '', ''),
('HL00030', '', '', '', '', '', '57 Thonphukiao ตำบล บ้านเต่า ชัยภูมิ ประเทศไทย', '', '', '', '', '', ''),
('HL00031', '', '', '', '', '', 'ถนน คสล.บ้านหัวถนน ตำบล บึงเนียม ขอนแก่น ประเทศไทย', '', '', '', '', '', ''),
('HL00033', '', '', '', '', '', 'ถนน บ้านโนนม่วง เทศบาลนครขอนแก่น ขอนแก่น ประเทศไทย', 'แจ้งข้อมูล', '', '', '', '', ''),
('HL00036', '', 'rrrrr', '666666666666666666666666', 'ชาย', '', 'สถานีขนส่งปรับอากาศจังหวัดขอนแก่น ขอนแก่น ประเทศไทย', '', 'A03', 'J07', 'AD000029', 'N000023', ''),
('HL00037', '', 'นานาน44444444444', 'มานานแล้ว', 'ชาย', '', 'ถนน คสล. บ้านโนนม่วง เทศบาลนครขอนแก่น ขอนแก่น ประเทศไทย', '', 'A01', 'J08', 'AD000030', 'N000024', ''),
('HL00038', '', '', '', '', '', 'หลังเมือง เทศบาลนครขอนแก่น ขอนแก่น ประเทศไทย', 'แจ้งข้อมูล', '', '', '', '', ''),
('HL00039', '', '', '', '', '', 'ถนน ศรีจันทร์ เทศบาลนครขอนแก่น ขอนแก่น ประเทศไทย', 'แจ้งข้อมูล', '', '', '', '', ''),
('HL00040', '', 'บุญส่ง', 'นำพา', 'ชาย', '', 'สถานีขนส่งผู้โดยสารจังหวัดขอนแก่น ขอนแก่น ประเทศไทย', 'รับตรวจสอบข้อมูล', 'A04', 'J03', '', '', ''),
('HL00041', '', 'พพพพพพพพพพพพ', 'รรรรรรรรรรรรรรรรรรรร', 'ชาย', '', 'หลังเมือง เทศบาลนครขอนแก่น ขอนแก่น ประเทศไทย', 'รับตรวจสอบข้อมูล', 'A03', 'J03', '', '', ''),
('HL00042', '', 'มุฑิตา', 'อุเบกขา', 'หญิง', '', 'สถานีรถไฟขอนแก่น ตำบล ในเมือง ขอนแก่น ประเทศไทย', 'รับตรวจสอบข้อมูล', 'A01', 'J07', '', '', ''),
('HL00043', '', 'สมพร', 'มหาสังข์', 'ชาย', '', 'ซอย ศรีจันทร์ ตำบล พระลับ ขอนแก่น ประเทศไทย', 'รับตรวจสอบข้อมูล', 'A03', 'J04', '', '', '');

-- --------------------------------------------------------

--
-- Table structure for table `homelessdetail`
--

CREATE TABLE `homelessdetail` (
  `hl_code` char(7) NOT NULL COMMENT 'refer to homeless',
  `mem_code` char(6) NOT NULL COMMENT 'refer to members',
  `hldetail_date` varchar(30) NOT NULL,
  `hldetail_period` int(8) NOT NULL,
  `hldetail_nday` varchar(20) NOT NULL
) ENGINE=InnoDB DEFAULT CHARSET=utf8;

--
-- Dumping data for table `homelessdetail`
--

INSERT INTO `homelessdetail` (`hl_code`, `mem_code`, `hldetail_date`, `hldetail_period`, `hldetail_nday`) VALUES
('', 'M00020', '', 4, ''),
('HL00001', 'M00036', '11/04/2559', 65, ''),
('HL00002', 'M00036', '16/04/2559', 23, ''),
('HL00003', 'M00036', '16/04/2559', 4, ''),
('HL00004', 'M00036', '16/04/2559', 8, ''),
('HL00007', 'M00036', '15/04/2559', 0, ''),
('HL00008', 'M00036', '28/03/2559', 0, ''),
('HL00009', 'M00036', '16/04/2559', 0, ''),
('HL00010', 'M00020', '18/04/2559', 5, ''),
('HL00011', 'M00020', '19/04/2559', 5, ''),
('HL00013', 'M00020', '26/04/2559', 45, ''),
('HL00014', 'M00020', '26/04/2559', 2, ''),
('HL00015', 'M00020', '30/04/2559', 0, ''),
('HL00016', 'M00020', '30/04/2559', 0, ''),
('HL00017', 'M00020', '01/05/2559', 0, ''),
('HL00018', 'M00020', '01/05/2559', 0, ''),
('HL00019', 'M00020', '02/05/2559', 0, ''),
('HL00020', 'M00034', '', 0, '1/05/2559'),
('HL00021', 'M00034', '', 0, '1/05/2559'),
('HL00022', 'M00034', '', 0, '1/05/2559'),
('HL00023', 'M00034', '', 0, '1/05/2559'),
('HL00024', 'M00034', '', 0, '1/05/2559'),
('HL00025', 'M00034', '', 0, '1/05/2559'),
('HL00026', 'M00034', '', 0, '1/05/2559'),
('HL00027', 'M00034', '', 0, '1/05/2559'),
('HL00028', 'M00020', '02/05/2559', 0, ''),
('HL00029', 'M00041', '', 0, '2/05/2559'),
('HL00030', 'M00041', '', 0, '2/05/2559'),
('HL00031', 'M00041', '', 0, '2/05/2559'),
('HL00032', 'M00041', '', 0, '2/05/2559'),
('HL00033', 'M00041', '', 0, '2/05/2559'),
('HL00036', 'M00020', '05/05/2559', 23, ''),
('HL00037', 'M00020', '05/05/2559', 0, ''),
('HL00038', 'M00041', '', 0, '5/05/2559'),
('HL00039', 'M00020', '05/05/2559', 4, ''),
('HL00039', 'M00041', '', 0, '5/05/2559'),
('HL00040', 'M00041', '', 0, '6/05/2559'),
('HL00041', 'M00041', '', 0, '6/05/2559'),
('HL00042', 'M00041', '06/05/2559', 23, '6/05/2559'),
('HL00043', 'M00041', '6/05/2559', 34, '6/05/2559'),
('HL00044', 'M00020', '06/05/2559', 23, '');

-- --------------------------------------------------------

--
-- Table structure for table `imagehomeless`
--

CREATE TABLE `imagehomeless` (
  `img_id` char(5) NOT NULL,
  `img_name` varchar(100) NOT NULL,
  `img_type` varchar(50) NOT NULL,
  `hl_code` char(7) NOT NULL COMMENT 'refer to homeless'
) ENGINE=InnoDB DEFAULT CHARSET=utf8;

--
-- Dumping data for table `imagehomeless`
--

INSERT INTO `imagehomeless` (`img_id`, `img_name`, `img_type`, `hl_code`) VALUES
('I0001', 'Thumbnails_images.jpg', 'น่าสงสารค่ะ', 'HL00020'),
('I0002', 'Thumbnails_images.jpg', 'น่าสงสารค่ะ', 'HL00021'),
('I0003', 'Thumbnails_Beggar (1).jpg', '......', 'HL00022'),
('I0004', 'Thumbnails_images.jpg', '8', 'HL00026'),
('I0005', 'Thumbnails_images.jpg', '8', 'HL00027'),
('I0006', 'Thumbnails_12227524_1032327040152074_1340410849_o.jpg', '111', 'HL00029'),
('I0007', 'Thumbnails_623679.rh68lqnaynh.jpg', '1111', 'HL00030'),
('I0008', 'Thumbnails_878185.jpg', '1', 'HL00031'),
('I0009', 'Thumbnails_Image.jpg', 'แจ้งๆๆๆๆ', 'HL00032'),
('I0010', 'Thumbnails_623679.rh68lqnaynh.jpg', '1', 'HL00034'),
('I0011', 'Thumbnails_878185.jpg', '2', 'HL00034'),
('I0012', 'Thumbnails_images.jpg', 'ดดดดดดดด', 'HL00038'),
('I0013', 'Thumbnails_878185.jpg', '111', 'HL00039'),
('I0014', 'Thumbnails_beggar.jpg', '2222', 'HL00039'),
('I0015', 'Thumbnails_42531_full.jpg', 'แจ้งข่าวสาร', 'HL00040'),
('I0016', 'Thumbnails_111321765.jpg', 'เด็กน้อย', 'HL00040'),
('I0017', 'Thumbnails_Beggar (1).jpg', 'แจ้งข่าวสาร', 'HL00041'),
('I0018', 'Thumbnails_Image.jpg', 'แจ้งข่าวสารสถานีรถไฟ', 'HL00042'),
('I0019', 'Thumbnails_beggar.jpg', 'แจ้งข่าวสาร', 'HL00043');

-- --------------------------------------------------------

--
-- Table structure for table `images`
--

CREATE TABLE `images` (
  `img_code` char(8) NOT NULL,
  `img_filename` varchar(100) NOT NULL,
  `img_descrip` text NOT NULL
) ENGINE=InnoDB DEFAULT CHARSET=utf8;

--
-- Dumping data for table `images`
--

INSERT INTO `images` (`img_code`, `img_filename`, `img_descrip`) VALUES
('IMG00001', 'Beggar (1).jpg', 'รบกวนด้วยนะคะ'),
('IMG00002', 'Beggar (1).jpg', 'รบกวนด้วยนะคะ'),
('IMG00003', 'Beggar (1).jpg', 'ช่วยด้วย');

-- --------------------------------------------------------

--
-- Table structure for table `lastjob`
--

CREATE TABLE `lastjob` (
  `lastjob_code` char(3) NOT NULL,
  `lastjob_name` varchar(50) CHARACTER SET utf8 COLLATE utf8_bin NOT NULL
) ENGINE=InnoDB DEFAULT CHARSET=utf8;

--
-- Dumping data for table `lastjob`
--

INSERT INTO `lastjob` (`lastjob_code`, `lastjob_name`) VALUES
('J01', 'ข้าราชการ/รัฐวิสาหกิจ'),
('J02', 'รับจ้าง'),
('J03', 'เกษตรกร'),
('J04', 'พนักงานบริษัท'),
('J05', 'ธุรกิจส่วนตัว/เจ้าของกิจการ'),
('J06', 'นักเรียน/นักศึกษา'),
('J07', 'อิสระ'),
('J08', 'ไม่ทราบข้อมูล');

-- --------------------------------------------------------

--
-- Table structure for table `members`
--

CREATE TABLE `members` (
  `mem_code` char(6) NOT NULL,
  `mem_id` char(13) NOT NULL,
  `mem_fname` varchar(30) NOT NULL,
  `mem_lname` varchar(30) NOT NULL,
  `mem_bday` date NOT NULL,
  `mem_sex` varchar(5) NOT NULL,
  `mem_tel` char(10) NOT NULL,
  `mem_email` varchar(70) NOT NULL,
  `mem_password` varchar(8) NOT NULL,
  `mem_status` varchar(15) NOT NULL,
  `dept_code` char(3) NOT NULL COMMENT 'refer to department',
  `prefix_code` int(1) NOT NULL COMMENT 'refer to prefix',
  `ad_code` char(8) NOT NULL COMMENT 'refer to address'
) ENGINE=InnoDB DEFAULT CHARSET=utf8;

--
-- Dumping data for table `members`
--

INSERT INTO `members` (`mem_code`, `mem_id`, `mem_fname`, `mem_lname`, `mem_bday`, `mem_sex`, `mem_tel`, `mem_email`, `mem_password`, `mem_status`, `dept_code`, `prefix_code`, `ad_code`) VALUES
('M00020', '1459900351988', 'ชนิกรรดา', 'เอกวงค์ษา', '1993-05-16', 'หญิง', '0834132477', 'lambobobo17@gmail.com', '123', 'เจ้าหน้าที่', '', 0, '0'),
('M00021', '', '', '', '0000-00-00', '', '', '', '', 'USER', '', 0, ''),
('M00022', '', '', '', '0000-00-00', '', '', 'dfh', '', 'USER', '', 0, ''),
('M00023', '', '', '', '0000-00-00', '', '', 'เนเนhhh', '', 'USER', '', 0, ''),
('M00024', '1278899035467', 'บารา', 'มานา', '0000-00-00', 'หญิง', '', 'kk@hotmail.com', '123', 'USER', '', 0, ''),
('M00025', '1278899035467', 'บารา', 'มานา', '0000-00-00', 'หญิง', '', 'kkhotmail.com', '123', 'USER', '', 0, ''),
('M00026', '5416', 'fsd', 'sdfg', '0000-00-00', 'ชาย', '', 'f@h', '123', 'USER', '', 0, ''),
('M00027', '45', 'ghij', 'ghj', '0000-00-00', 'หญิง', '', 'huj@j', '123', 'USER', '', 0, ''),
('M00028', '', 'hgj', 'dfgh', '0000-00-00', 'หญิง', '', 'vbhgv@h', '12', 'USER', '', 0, ''),
('M00029', '1459900351988', 'าสวา', 'รนยวรน', '0000-00-00', 'หญิง', '', 'gfdfg@h', '123', 'USER', '', 0, ''),
('M00030', '', 'ru', 'tyu', '0000-00-00', 'หญิง', '', 'guy@h', '123', 'USER', '', 0, ''),
('M00031', '1459900351988', 'ty', 'rtyr', '0000-00-00', 'ชาย', '', 'dtyrdt@g', '123', 'USER', '', 0, ''),
('M00032', '', 'l;', 'tyu', '0000-00-00', 'ชาย', '', 'ui@h', '123', 'USER', '', 0, ''),
('M00033', '1459900351988', '้เ่', '้เ่', '0000-00-00', 'ชาย', '', 'gfh@v', '123', 'USER', '', 0, ''),
('M00034', '', 'มานี', 'มีนา', '0000-00-00', 'หญิง', '', 'js@hotmail.com', '123', 'USER', '', 0, ''),
('M00035', '', 'หฟด', 'หกดเห', '0000-00-00', 'ชาย', '', 'gg@ff', '12', 'USER', '', 0, ''),
('M00036', '1459900351988', 'สส', 'สส', '0000-00-00', 'ชาย', '', 'liverpool-rafael@hotmail.com', '123', 'พลเมืองดี', '', 0, ''),
('M00037', 'qqqq', 'แอ้', 'แเ้', '0000-00-00', 'ชาย', '', 'hhh@hotmail.com', '123', 'พลเมืองดี', '', 0, ''),
('M00038', '', 'เี่', 'กด้', '0000-00-00', 'ชาย', '', 'hh@ff.com', '123', 'พลเมืองดี', '', 0, ''),
('M00039', '45', 'ghj', 'bjk', '0000-00-00', 'ชาย', '', 'hj@hh.com', '1234', 'พลเมืองดี', '', 0, ''),
('M00040', '', 'fgj', 'ru', '0000-00-00', 'ชาย', '', 'fdyh@hh.com', '1234', 'พลเมืองดี', '', 0, ''),
('M00041', '1350100287561', 'วรัตถ์', 'ถิ่นทัพไทย', '0000-00-00', 'ชาย', '', 'waratt@kkumail.com', '123', 'พลเมืองดี', '', 0, '');

-- --------------------------------------------------------

--
-- Table structure for table `native`
--

CREATE TABLE `native` (
  `n_code` char(8) NOT NULL,
  `n_num` varchar(10) NOT NULL,
  `n_villno` int(2) NOT NULL,
  `n_alley` varchar(20) NOT NULL,
  `n_street` varchar(20) NOT NULL,
  `dis_code` int(4) NOT NULL DEFAULT '0' COMMENT 'refer to district',
  `am_code` int(3) NOT NULL DEFAULT '0' COMMENT 'refer to amphur',
  `prov_code` int(2) NOT NULL DEFAULT '0' COMMENT 'refer to province',
  `GEO_ID` int(1) NOT NULL DEFAULT '0' COMMENT 'refer to geography',
  `hl_code` char(7) NOT NULL COMMENT 'refer to homeless'
) ENGINE=InnoDB DEFAULT CHARSET=utf8;

--
-- Dumping data for table `native`
--

INSERT INTO `native` (`n_code`, `n_num`, `n_villno`, `n_alley`, `n_street`, `dis_code`, `am_code`, `prov_code`, `GEO_ID`, `hl_code`) VALUES
('N000001', '5', 5, '-', '-', 3408, 385, 26, 3, 'HL00001'),
('N000002', '8', 8, '', '', 1349, 167, 13, 5, 'HL00002'),
('N000003', '2', 4, '', '', 5117, 567, 37, 3, 'HL00003'),
('N000004', '5', 0, 'มาลี', 'ข้าวมะลิ', 0, 0, 0, 0, 'HL00004'),
('N000007', '', 0, '', '', 0, 0, 0, 0, 'HL00007'),
('N000008', '', 0, '', '', 0, 0, 0, 0, 'HL00008'),
('N000009', '', 0, '', '', 0, 0, 0, 0, 'HL00009'),
('N000010', '34/3', 7, '', '', 3837, 429, 29, 3, 'HL00010'),
('N000011', '45', 4, '', '', 3840, 429, 29, 3, 'HL00011'),
('N000013', '25/89', 12, '', '', 3731, 419, 28, 3, 'HL00013'),
('N000014', '2', 2, '', '', 3273, 360, 25, 3, 'HL00014'),
('N000015', '', 0, '', '', 0, 0, 0, 0, 'HL00015'),
('N000016', '', 0, '', '', 0, 0, 0, 0, 'HL00016'),
('N000017', '', 0, '', '', 0, 0, 0, 0, 'HL00017'),
('N000018', '', 0, '', '', 0, 0, 0, 0, 'HL00018'),
('N000019', '', 0, '', '', 0, 0, 0, 0, 'HL00019'),
('N000020', '12', 4, '', '', 1961, 229, 19, 3, 'HL00028'),
('N000023', '', 0, '', '', 0, 0, 0, 0, 'HL00036'),
('N000024', '', 0, '', '', 0, 0, 56, 4, 'HL00037'),
('N000025', '', 0, '', '', 0, 0, 0, 0, 'HL00039'),
('N000026', '', 0, '', '', 0, 0, 0, 0, 'HL00039'),
('N000027', '', 0, '', '', 0, 0, 0, 0, 'HL00039'),
('N000028', '', 0, '', '', 0, 0, 0, 0, 'HL00039'),
('N000029', '', 0, '', '', 0, 0, 0, 0, 'HL00039'),
('N000030', '42/1', 12, '', '', 3720, 416, 28, 3, 'HL00040'),
('N000031', '1', 1, '', '', 1960, 229, 19, 3, ''),
('N000032', '1', 1, '', '', 1960, 229, 19, 3, ''),
('N000033', '', 0, '', '', 0, 0, 0, 0, 'HL00041'),
('N000034', '1', 1, '', '', 4232, 473, 31, 3, 'HL00042'),
('N000035', '1', 1, '', '', 4240, 475, 31, 0, 'HL00043'),
('N000036', '2', 2, '', '', 3486, 392, 27, 3, 'HL00044'),
('N000037', '', 0, '', '', 0, 0, 0, 0, 'HL00044'),
('N000038', '', 0, '', '', 0, 0, 0, 0, 'HL00044'),
('N000039', '', 0, '', '', 0, 0, 0, 0, 'HL00044'),
('N000040', '', 0, '', '', 0, 0, 0, 0, 'HL00044'),
('N000041', '', 0, '', '', 0, 0, 0, 0, 'HL00044'),
('N000042', '', 0, '', '', 0, 0, 0, 0, 'HL00044');

-- --------------------------------------------------------

--
-- Table structure for table `organization`
--

CREATE TABLE `organization` (
  `or_code` char(4) NOT NULL,
  `or_name` varchar(50) NOT NULL,
  `or_tel` char(10) NOT NULL,
  `or_email` varchar(70) NOT NULL,
  `ad_code` int(5) NOT NULL COMMENT 'refer to address'
) ENGINE=InnoDB DEFAULT CHARSET=utf8;

-- --------------------------------------------------------

--
-- Table structure for table `prefix`
--

CREATE TABLE `prefix` (
  `prefix_code` int(1) NOT NULL,
  `prefix_name` varchar(6) NOT NULL
) ENGINE=InnoDB DEFAULT CHARSET=utf8;

--
-- Dumping data for table `prefix`
--

INSERT INTO `prefix` (`prefix_code`, `prefix_name`) VALUES
(1, 'นาย'),
(2, 'นาง'),
(3, 'นางสาว');

-- --------------------------------------------------------

--
-- Table structure for table `province`
--

CREATE TABLE `province` (
  `prov_code` int(2) NOT NULL,
  `prov_name` varchar(150) COLLATE utf8_unicode_ci NOT NULL,
  `GEO_ID` int(1) NOT NULL DEFAULT '0' COMMENT 'refer to geography'
) ENGINE=MyISAM DEFAULT CHARSET=utf8 COLLATE=utf8_unicode_ci;

--
-- Dumping data for table `province`
--

INSERT INTO `province` (`prov_code`, `prov_name`, `GEO_ID`) VALUES
(1, 'กรุงเทพมหานคร   ', 2),
(2, 'สมุทรปราการ   ', 2),
(3, 'นนทบุรี   ', 2),
(4, 'ปทุมธานี   ', 2),
(5, 'พระนครศรีอยุธยา   ', 2),
(6, 'อ่างทอง   ', 2),
(7, 'ลพบุรี   ', 2),
(8, 'สิงห์บุรี   ', 2),
(9, 'ชัยนาท   ', 2),
(10, 'สระบุรี', 2),
(11, 'ชลบุรี   ', 5),
(12, 'ระยอง   ', 5),
(13, 'จันทบุรี   ', 5),
(14, 'ตราด   ', 5),
(15, 'ฉะเชิงเทรา   ', 5),
(16, 'ปราจีนบุรี   ', 5),
(17, 'นครนายก   ', 2),
(18, 'สระแก้ว   ', 5),
(19, 'นครราชสีมา   ', 3),
(20, 'บุรีรัมย์   ', 3),
(21, 'สุรินทร์   ', 3),
(22, 'ศรีสะเกษ   ', 3),
(23, 'อุบลราชธานี   ', 3),
(24, 'ยโสธร   ', 3),
(25, 'ชัยภูมิ   ', 3),
(26, 'อำนาจเจริญ   ', 3),
(27, 'หนองบัวลำภู   ', 3),
(28, 'ขอนแก่น   ', 3),
(29, 'อุดรธานี   ', 3),
(30, 'เลย   ', 3),
(31, 'หนองคาย   ', 3),
(32, 'มหาสารคาม   ', 3),
(33, 'ร้อยเอ็ด   ', 3),
(34, 'กาฬสินธุ์   ', 3),
(35, 'สกลนคร   ', 3),
(36, 'นครพนม   ', 3),
(37, 'มุกดาหาร   ', 3),
(38, 'เชียงใหม่   ', 1),
(39, 'ลำพูน   ', 1),
(40, 'ลำปาง   ', 1),
(41, 'อุตรดิตถ์   ', 1),
(42, 'แพร่   ', 1),
(43, 'น่าน   ', 1),
(44, 'พะเยา   ', 1),
(45, 'เชียงราย   ', 1),
(46, 'แม่ฮ่องสอน   ', 1),
(47, 'นครสวรรค์   ', 2),
(48, 'อุทัยธานี   ', 2),
(49, 'กำแพงเพชร   ', 2),
(50, 'ตาก   ', 4),
(51, 'สุโขทัย   ', 2),
(52, 'พิษณุโลก   ', 2),
(53, 'พิจิตร   ', 2),
(54, 'เพชรบูรณ์   ', 2),
(55, 'ราชบุรี   ', 4),
(56, 'กาญจนบุรี   ', 4),
(57, 'สุพรรณบุรี   ', 2),
(58, 'นครปฐม   ', 2),
(59, 'สมุทรสาคร   ', 2),
(60, 'สมุทรสงคราม   ', 2),
(61, 'เพชรบุรี   ', 4),
(62, 'ประจวบคีรีขันธ์   ', 4),
(63, 'นครศรีธรรมราช   ', 6),
(64, 'กระบี่   ', 6),
(65, 'พังงา   ', 6),
(66, 'ภูเก็ต   ', 6),
(67, 'สุราษฎร์ธานี   ', 6),
(68, 'ระนอง   ', 6),
(69, 'ชุมพร   ', 6),
(70, 'สงขลา   ', 6),
(71, 'สตูล   ', 6),
(72, 'ตรัง   ', 6),
(73, 'พัทลุง   ', 6),
(74, 'ปัตตานี   ', 6),
(75, 'ยะลา   ', 6),
(76, 'นราธิวาส   ', 6),
(77, 'บึงกาฬ', 3);

-- --------------------------------------------------------

--
-- Table structure for table `relative`
--

CREATE TABLE `relative` (
  `relative_id` char(13) NOT NULL,
  `relative_fname` varchar(30) NOT NULL,
  `relative_lname` varchar(30) NOT NULL,
  `relative_tel` char(10) NOT NULL,
  `relative_email` varchar(70) NOT NULL,
  `relative_line` varchar(70) NOT NULL,
  `relative_address` text NOT NULL,
  `ad_code` char(8) NOT NULL COMMENT 'refer to address'
) ENGINE=InnoDB DEFAULT CHARSET=utf8;

--
-- Dumping data for table `relative`
--

INSERT INTO `relative` (`relative_id`, `relative_fname`, `relative_lname`, `relative_tel`, `relative_email`, `relative_line`, `relative_address`, `ad_code`) VALUES
('', '', '', '', '', '', '', ''),
('1234499023844', 'กา', 'กากา', '0987536455', '', '', '', ''),
('1234499048566', 'ลาวา', 'มานี', '0893457832', '', '', '', ''),
('1234590607544', 'มาริตา', 'สุดสุด', '0866541230', 'Ags@hotmail.com', 'gghjj', '23 ม.5 ต.เหนืองเมือง อ.เมือง จ.ร้อยเอ็ด', ''),
('1425566357899', 'วนา', 'ธัญนา', '0866541230', 'wana@gmail.com', 'wanaaaa', '', ''),
('3435', 'sdfsd', 'dfds', 'r645', '', '', '', ''),
('4311', 'gfdd', 'ewwdw', '6532', '', '', '', ''),
('4564', 'ghj', 'fgujf', '21345', '', '', '', ''),
('546', 'jkol', 'fhf', '456+', '', '', '', ''),
('56', 'ghj', 'fgh', '456', '', '', '', '');

-- --------------------------------------------------------

--
-- Table structure for table `relativedetail`
--

CREATE TABLE `relativedetail` (
  `relative_code` int(11) NOT NULL,
  `hl_code` char(7) NOT NULL COMMENT 'refer to homeless',
  `relative_id` char(13) NOT NULL COMMENT 'refer to relative',
  `relative_status` varchar(20) NOT NULL,
  `relative_day` varchar(20) NOT NULL
) ENGINE=InnoDB DEFAULT CHARSET=utf8;

--
-- Dumping data for table `relativedetail`
--

INSERT INTO `relativedetail` (`relative_code`, `hl_code`, `relative_id`, `relative_status`, `relative_day`) VALUES
(1, '', '', 'ไม่มีญาติ', ''),
(2, 'HL00011', '', 'ไม่มีญาติ', ''),
(3, 'HL00011', '', 'ไม่มีญาติ', ''),
(4, 'HL00011', '', 'ไม่มีญาติ', ''),
(5, 'HL00014', '', 'ไม่มีญาติ', ''),
(6, 'HL00014', '', 'ไม่มีญาติ', ''),
(7, 'HL00014', '', 'ไม่มีญาติ', ''),
(8, 'HL00014', '', 'ไม่มีญาติ', ''),
(9, 'HL00014', '', 'ไม่มีญาติ', ''),
(10, 'HL00014', '', 'ไม่มีญาติ', ''),
(11, 'HL00014', '', 'ไม่มีญาติ', ''),
(12, 'HL00014', '', 'ไม่มีญาติ', ''),
(13, 'HL00028', '', 'ไม่มีญาติ', ''),
(14, 'HL00028', '', 'ไม่มีญาติ', ''),
(15, 'HL00028', '', 'ไม่มีญาติ', ''),
(16, 'HL00010', '1234590607544', 'มีญาติ', ''),
(17, 'HL00012', '', 'ไม่มีญาติ', '3/05/2559'),
(18, 'HL00043', '', 'ไม่มีญาติ', '6/05/2559');

-- --------------------------------------------------------

--
-- Table structure for table `sickness`
--

CREATE TABLE `sickness` (
  `sick_id` char(5) NOT NULL,
  `sick_name` varchar(30) CHARACTER SET utf8 COLLATE utf8_bin NOT NULL
) ENGINE=InnoDB DEFAULT CHARSET=utf8;

--
-- Dumping data for table `sickness`
--

INSERT INTO `sickness` (`sick_id`, `sick_name`) VALUES
('S0001', ''),
('S0002', ''),
('S0003', ''),
('S0004', 'ไมเกรน'),
('S0005', 'ไมเกรน'),
('S0006', 'ไมเกรน'),
('S0007', 'ไมเกรน');

-- --------------------------------------------------------

--
-- Table structure for table `sicknessdetail`
--

CREATE TABLE `sicknessdetail` (
  `hl_code` char(7) NOT NULL COMMENT 'refer to homeless',
  `sick_id` char(5) NOT NULL COMMENT 'refer to sickness',
  `sick_date` varchar(20) NOT NULL,
  `sick_descript` text NOT NULL,
  `sick_status` varchar(20) NOT NULL,
  `sick_rec` varchar(20) NOT NULL
) ENGINE=InnoDB DEFAULT CHARSET=utf8;

--
-- Dumping data for table `sicknessdetail`
--

INSERT INTO `sicknessdetail` (`hl_code`, `sick_id`, `sick_date`, `sick_descript`, `sick_status`, `sick_rec`) VALUES
('HL00011', 'S0001', '', '', 'ทางกาย', ''),
('HL00011', 'S0002', '', '', 'ทางกาย', ''),
('HL00011', 'S0003', '23/04/2559', 'มีอาการหวาดกลัว', 'ทางจิต', ''),
('HL00043', 'S0006', '06/05/2559', '', 'ทางกาย', '6/05/2559'),
('HL00043', 'S0007', '05/05/2559', '', 'ทางกาย', '6/05/2559');

-- --------------------------------------------------------

--
-- Table structure for table `statusdetail`
--

CREATE TABLE `statusdetail` (
  `hl_code` char(7) NOT NULL COMMENT 'refer to homeless',
  `status_id` char(4) NOT NULL COMMENT 'refer to statusphysical',
  `status_descrip` text NOT NULL
) ENGINE=InnoDB DEFAULT CHARSET=utf8;

--
-- Dumping data for table `statusdetail`
--

INSERT INTO `statusdetail` (`hl_code`, `status_id`, `status_descrip`) VALUES
('', 'S03', ''),
('HL00001', 'S03', ''),
('HL00002', 'S02', ''),
('HL00003', 'S01', ''),
('HL00003', 'S03', ''),
('HL00004', 'S02', ''),
('HL00004', 'S03', ''),
('HL00004', 'S04', ''),
('HL00007', 'S02', ''),
('HL00007', 'S03', ''),
('HL00009', 'S03', ''),
('HL00010', 'S02', ''),
('HL00010', 'S03', ''),
('HL00011', 'S03', ''),
('HL00013', 'S04', ''),
('HL00014', 'S01', ''),
('HL00014', 'S02', ''),
('HL00014', 'S03', ''),
('HL00016', 'S01', ''),
('HL00016', 'S02', ''),
('HL00016', 'S03', ''),
('HL00017', 'S04', ''),
('HL00018', 'S03', ''),
('HL00019', 'S04', ''),
('HL00028', 'S02', ''),
('HL00028', 'S03', ''),
('HL00037', 'S04', ''),
('HL00039', 'S02', ''),
('HL00039', 'S03', ''),
('HL00040', 'S02', ''),
('HL00040', 'S03', ''),
('HL00041', 'S01', ''),
('HL00041', 'S03', ''),
('HL00042', 'S03', ''),
('HL00043', 'S03', '');

-- --------------------------------------------------------

--
-- Table structure for table `statusmember`
--

CREATE TABLE `statusmember` (
  `status_id` char(2) NOT NULL,
  `status_name` varchar(15) NOT NULL
) ENGINE=InnoDB DEFAULT CHARSET=utf8;

--
-- Dumping data for table `statusmember`
--

INSERT INTO `statusmember` (`status_id`, `status_name`) VALUES
('S1', 'พลเมืองดี'),
('S2', 'เจ้าหน้าที่'),
('S3', 'ผู้ดูแลระบบ');

-- --------------------------------------------------------

--
-- Table structure for table `statusphysical`
--

CREATE TABLE `statusphysical` (
  `status_id` char(3) NOT NULL,
  `status_name` varchar(50) NOT NULL
) ENGINE=InnoDB DEFAULT CHARSET=utf8;

--
-- Dumping data for table `statusphysical`
--

INSERT INTO `statusphysical` (`status_id`, `status_name`) VALUES
('S01', 'พิการ'),
('S02', 'สูงอายุ'),
('S03', 'เจ็บป่วย'),
('S04', 'ปกติ'),
('S05', 'อื่น ๆ');

-- --------------------------------------------------------

--
-- Table structure for table `takecaredetail`
--

CREATE TABLE `takecaredetail` (
  `hl_code` char(7) NOT NULL COMMENT 'refer to homeless',
  `tc_code` char(6) NOT NULL COMMENT 'refer to takecarestation',
  `td_in` varchar(20) NOT NULL,
  `td_out` varchar(20) NOT NULL
) ENGINE=InnoDB DEFAULT CHARSET=utf8;

--
-- Dumping data for table `takecaredetail`
--

INSERT INTO `takecaredetail` (`hl_code`, `tc_code`, `td_in`, `td_out`) VALUES
('HL00011', 'TC0001', '24/04/2559', '15/03/2560'),
('HL00014', 'TC0002', '21/04/2559', '');

-- --------------------------------------------------------

--
-- Table structure for table `takecarestation`
--

CREATE TABLE `takecarestation` (
  `tc_code` char(6) NOT NULL,
  `tc_name` varchar(50) CHARACTER SET utf8 COLLATE utf8_bin NOT NULL,
  `tc_tel` char(10) NOT NULL,
  `tc_email` varchar(70) NOT NULL,
  `ad_code` char(8) NOT NULL COMMENT 'refer to address'
) ENGINE=InnoDB DEFAULT CHARSET=utf8;

--
-- Dumping data for table `takecarestation`
--

INSERT INTO `takecarestation` (`tc_code`, `tc_name`, `tc_tel`, `tc_email`, `ad_code`) VALUES
('TC0001', 'สถานสงเคราะห์บ้านแคนทองขอนแก่น', '043337533', '', 'AD000016'),
('TC0002', '', '', '', 'AD000020');

-- --------------------------------------------------------

--
-- Table structure for table `trainingcenter`
--

CREATE TABLE `trainingcenter` (
  `traincenter_code` char(7) NOT NULL,
  `traincenter_name` varchar(30) CHARACTER SET utf8 COLLATE utf8_bin NOT NULL,
  `ad_code` char(8) NOT NULL COMMENT 'refer to address'
) ENGINE=InnoDB DEFAULT CHARSET=utf8;

--
-- Dumping data for table `trainingcenter`
--

INSERT INTO `trainingcenter` (`traincenter_code`, `traincenter_name`, `ad_code`) VALUES
('TR00001', 'รัตนาพา(ชาย)', '0'),
('TR00002', 'รัตนาพา(ชาย)', 'AD000013'),
('TR00003', 'รัตนาภา (ชาย)', 'AD000014'),
('TR00004', 'รัตนาภา (ชาย)', 'AD000015');

-- --------------------------------------------------------

--
-- Table structure for table `trainingcenterdetail`
--

CREATE TABLE `trainingcenterdetail` (
  `hl_code` char(7) NOT NULL COMMENT 'refer to homeless',
  `traincenter_code` char(7) NOT NULL COMMENT 'refer to trainingcenterdetail',
  `traincenter_status` varchar(30) NOT NULL
) ENGINE=InnoDB DEFAULT CHARSET=utf8;

--
-- Dumping data for table `trainingcenterdetail`
--

INSERT INTO `trainingcenterdetail` (`hl_code`, `traincenter_code`, `traincenter_status`) VALUES
('HL00011', 'TR00004', '');

-- --------------------------------------------------------

--
-- Table structure for table `typehomeless`
--

CREATE TABLE `typehomeless` (
  `th_id` char(4) NOT NULL,
  `th_name` varchar(50) CHARACTER SET utf8 COLLATE utf8_bin NOT NULL
) ENGINE=InnoDB DEFAULT CHARSET=utf8;

--
-- Dumping data for table `typehomeless`
--

INSERT INTO `typehomeless` (`th_id`, `th_name`) VALUES
('TH01', 'เร่ร่อน'),
('TH02', 'ไร้บ้าน'),
('TH03', 'ขอทาน'),
('TH04', 'ผู้อยู่ในภาวะลำบาก');

-- --------------------------------------------------------

--
-- Table structure for table `typehomelessdetail`
--

CREATE TABLE `typehomelessdetail` (
  `hl_code` char(7) NOT NULL,
  `th_id` char(4) NOT NULL
) ENGINE=InnoDB DEFAULT CHARSET=utf8;

--
-- Dumping data for table `typehomelessdetail`
--

INSERT INTO `typehomelessdetail` (`hl_code`, `th_id`) VALUES
('', 'TH02'),
('HL00001', 'TH04'),
('HL00002', 'TH03'),
('HL00003', 'TH03'),
('HL00004', 'TH02'),
('HL00007', 'TH03'),
('HL00008', 'TH03'),
('HL00009', 'TH04'),
('HL00010', 'TH03'),
('HL00011', 'TH02'),
('HL00013', 'TH02'),
('HL00014', 'TH03'),
('HL00015', 'TH04'),
('HL00016', 'TH04'),
('HL00017', 'TH03'),
('HL00018', 'TH02'),
('HL00019', 'TH02'),
('HL00028', 'TH03'),
('HL00036', 'TH02'),
('HL00037', 'TH03'),
('HL00039', 'TH03'),
('HL00039', 'TH04'),
('HL00040', 'TH03'),
('HL00041', 'TH02'),
('HL00042', 'TH03'),
('HL00043', 'TH03'),
('HL00044', 'TH01'),
('HL00044', 'TH02'),
('HL00044', 'TH03'),
('HL00044', 'TH04');

-- --------------------------------------------------------

--
-- Table structure for table `typeservice`
--

CREATE TABLE `typeservice` (
  `tservice_code` char(4) NOT NULL,
  `tservice_name` varchar(50) NOT NULL,
  `tservice_descrip` text NOT NULL
) ENGINE=InnoDB DEFAULT CHARSET=utf8;

--
-- Dumping data for table `typeservice`
--

INSERT INTO `typeservice` (`tservice_code`, `tservice_name`, `tservice_descrip`) VALUES
('TS01', 'เข้าสถานสงเคราะห์', ''),
('TS02', 'กลับภูมิลำเนา', ''),
('TS03', 'ฝึกอาชีพ', ''),
('TS04', 'รักษาพยาบาล', ''),
('TS05', 'หางานทำ', ''),
('TS06', 'ที่พักชั่วคราว', ''),
('TS07', 'เงินทุนประกอบอาชีพ', ''),
('TS08', 'เงินสงเคราะห์ช่วยเหลือ', ''),
('TS09', 'ทำบัตรประชาชน', ''),
('TS10', 'อื่น ๆ ', '');

-- --------------------------------------------------------

--
-- Table structure for table `typeservicedetail`
--

CREATE TABLE `typeservicedetail` (
  `hl_code` char(7) NOT NULL COMMENT 'refer to homeless',
  `tservice_code` char(4) NOT NULL COMMENT 'refer to typeservice',
  `tservice_descrip` text NOT NULL
) ENGINE=InnoDB DEFAULT CHARSET=utf8;

--
-- Dumping data for table `typeservicedetail`
--

INSERT INTO `typeservicedetail` (`hl_code`, `tservice_code`, `tservice_descrip`) VALUES
('', 'TS02', ''),
('', 'TS04', ''),
('', 'TS06', ''),
('', 'TS07', ''),
('HL00001', 'TS01', ''),
('HL00001', 'TS06', ''),
('HL00002', 'TS01', ''),
('HL00002', 'TS06', ''),
('HL00002', 'TS08', ''),
('HL00004', 'TS01', ''),
('HL00004', 'TS02', ''),
('HL00004', 'TS03', ''),
('HL00007', 'TS02', ''),
('HL00007', 'TS04', ''),
('HL00007', 'TS05', ''),
('HL00009', 'TS04', ''),
('HL00010', 'TS02', ''),
('HL00010', 'TS07', ''),
('HL00010', 'TS08', ''),
('HL00011', 'TS01', ''),
('HL00011', 'TS02', ''),
('HL00011', 'TS05', ''),
('HL00013', 'TS03', ''),
('HL00013', 'TS07', ''),
('HL00013', 'TS08', ''),
('HL00014', 'TS01', ''),
('HL00014', 'TS02', ''),
('HL00014', 'TS03', ''),
('HL00014', 'TS04', ''),
('HL00014', 'TS05', ''),
('HL00016', 'TS02', ''),
('HL00016', 'TS04', ''),
('HL00016', 'TS07', ''),
('HL00017', 'TS02', ''),
('HL00017', 'TS03', ''),
('HL00018', 'TS02', ''),
('HL00018', 'TS03', ''),
('HL00018', 'TS04', ''),
('HL00019', 'TS03', ''),
('HL00019', 'TS04', ''),
('HL00019', 'TS05', ''),
('HL00028', 'TS02', ''),
('HL00028', 'TS03', ''),
('HL00028', 'TS04', ''),
('HL00037', 'TS03', ''),
('HL00037', 'TS04', ''),
('HL00039', 'TS01', ''),
('HL00039', 'TS03', ''),
('HL00039', 'TS04', ''),
('HL00039', 'TS05', ''),
('HL00039', 'TS08', ''),
('HL00039', 'TS09', ''),
('HL00040', 'TS02', ''),
('HL00040', 'TS04', ''),
('HL00040', 'TS08', ''),
('HL00041', 'TS02', ''),
('HL00041', 'TS03', ''),
('HL00041', 'TS04', ''),
('HL00042', 'TS02', ''),
('HL00042', 'TS04', ''),
('HL00042', 'TS07', ''),
('HL00043', 'TS02', ''),
('HL00043', 'TS03', ''),
('HL00043', 'TS04', '');

--
-- Indexes for dumped tables
--

--
-- Indexes for table `address`
--
ALTER TABLE `address`
  ADD PRIMARY KEY (`ad_code`);

--
-- Indexes for table `age`
--
ALTER TABLE `age`
  ADD PRIMARY KEY (`age_code`);

--
-- Indexes for table `amphur`
--
ALTER TABLE `amphur`
  ADD PRIMARY KEY (`am_code`);

--
-- Indexes for table `cause`
--
ALTER TABLE `cause`
  ADD PRIMARY KEY (`cause_code`);

--
-- Indexes for table `causedetail`
--
ALTER TABLE `causedetail`
  ADD PRIMARY KEY (`hl_code`,`cause_code`);

--
-- Indexes for table `course`
--
ALTER TABLE `course`
  ADD PRIMARY KEY (`course_code`);

--
-- Indexes for table `coursedetail`
--
ALTER TABLE `coursedetail`
  ADD PRIMARY KEY (`traincenter_code`,`course_code`);

--
-- Indexes for table `department`
--
ALTER TABLE `department`
  ADD PRIMARY KEY (`dept_code`);

--
-- Indexes for table `depend`
--
ALTER TABLE `depend`
  ADD PRIMARY KEY (`or_code`,`dept_code`);

--
-- Indexes for table `district`
--
ALTER TABLE `district`
  ADD PRIMARY KEY (`dis_code`);

--
-- Indexes for table `geography`
--
ALTER TABLE `geography`
  ADD PRIMARY KEY (`GEO_ID`);

--
-- Indexes for table `homeless`
--
ALTER TABLE `homeless`
  ADD PRIMARY KEY (`hl_code`);

--
-- Indexes for table `homelessdetail`
--
ALTER TABLE `homelessdetail`
  ADD PRIMARY KEY (`hl_code`,`mem_code`,`hldetail_date`);

--
-- Indexes for table `imagehomeless`
--
ALTER TABLE `imagehomeless`
  ADD PRIMARY KEY (`img_id`);

--
-- Indexes for table `images`
--
ALTER TABLE `images`
  ADD PRIMARY KEY (`img_code`);

--
-- Indexes for table `lastjob`
--
ALTER TABLE `lastjob`
  ADD PRIMARY KEY (`lastjob_code`);

--
-- Indexes for table `members`
--
ALTER TABLE `members`
  ADD PRIMARY KEY (`mem_code`),
  ADD UNIQUE KEY `mem_email` (`mem_email`);

--
-- Indexes for table `native`
--
ALTER TABLE `native`
  ADD PRIMARY KEY (`n_code`);

--
-- Indexes for table `organization`
--
ALTER TABLE `organization`
  ADD PRIMARY KEY (`or_code`);

--
-- Indexes for table `prefix`
--
ALTER TABLE `prefix`
  ADD PRIMARY KEY (`prefix_code`);

--
-- Indexes for table `province`
--
ALTER TABLE `province`
  ADD PRIMARY KEY (`prov_code`);

--
-- Indexes for table `relative`
--
ALTER TABLE `relative`
  ADD PRIMARY KEY (`relative_id`);

--
-- Indexes for table `relativedetail`
--
ALTER TABLE `relativedetail`
  ADD PRIMARY KEY (`relative_code`);

--
-- Indexes for table `sickness`
--
ALTER TABLE `sickness`
  ADD PRIMARY KEY (`sick_id`);

--
-- Indexes for table `sicknessdetail`
--
ALTER TABLE `sicknessdetail`
  ADD PRIMARY KEY (`hl_code`,`sick_id`,`sick_date`);

--
-- Indexes for table `statusdetail`
--
ALTER TABLE `statusdetail`
  ADD PRIMARY KEY (`hl_code`,`status_id`);

--
-- Indexes for table `statusmember`
--
ALTER TABLE `statusmember`
  ADD PRIMARY KEY (`status_id`);

--
-- Indexes for table `statusphysical`
--
ALTER TABLE `statusphysical`
  ADD PRIMARY KEY (`status_id`);

--
-- Indexes for table `takecaredetail`
--
ALTER TABLE `takecaredetail`
  ADD PRIMARY KEY (`hl_code`,`tc_code`);

--
-- Indexes for table `takecarestation`
--
ALTER TABLE `takecarestation`
  ADD PRIMARY KEY (`tc_code`);

--
-- Indexes for table `trainingcenter`
--
ALTER TABLE `trainingcenter`
  ADD PRIMARY KEY (`traincenter_code`);

--
-- Indexes for table `trainingcenterdetail`
--
ALTER TABLE `trainingcenterdetail`
  ADD PRIMARY KEY (`hl_code`,`traincenter_code`);

--
-- Indexes for table `typehomeless`
--
ALTER TABLE `typehomeless`
  ADD PRIMARY KEY (`th_id`);

--
-- Indexes for table `typehomelessdetail`
--
ALTER TABLE `typehomelessdetail`
  ADD PRIMARY KEY (`hl_code`,`th_id`);

--
-- Indexes for table `typeservice`
--
ALTER TABLE `typeservice`
  ADD PRIMARY KEY (`tservice_code`);

--
-- Indexes for table `typeservicedetail`
--
ALTER TABLE `typeservicedetail`
  ADD PRIMARY KEY (`hl_code`,`tservice_code`);

--
-- AUTO_INCREMENT for dumped tables
--

--
-- AUTO_INCREMENT for table `amphur`
--
ALTER TABLE `amphur`
  MODIFY `am_code` int(3) NOT NULL AUTO_INCREMENT, AUTO_INCREMENT=999;
--
-- AUTO_INCREMENT for table `district`
--
ALTER TABLE `district`
  MODIFY `dis_code` int(4) NOT NULL AUTO_INCREMENT, AUTO_INCREMENT=8861;
--
-- AUTO_INCREMENT for table `geography`
--
ALTER TABLE `geography`
  MODIFY `GEO_ID` int(1) NOT NULL AUTO_INCREMENT, AUTO_INCREMENT=7;
--
-- AUTO_INCREMENT for table `province`
--
ALTER TABLE `province`
  MODIFY `prov_code` int(2) NOT NULL AUTO_INCREMENT, AUTO_INCREMENT=78;
--
-- AUTO_INCREMENT for table `relativedetail`
--
ALTER TABLE `relativedetail`
  MODIFY `relative_code` int(11) NOT NULL AUTO_INCREMENT, AUTO_INCREMENT=19;
/*!40101 SET CHARACTER_SET_CLIENT=@OLD_CHARACTER_SET_CLIENT */;
/*!40101 SET CHARACTER_SET_RESULTS=@OLD_CHARACTER_SET_RESULTS */;
/*!40101 SET COLLATION_CONNECTION=@OLD_COLLATION_CONNECTION */;
